timestamp,time_in_seconds,position_lat,position_long,distance,enhanced_altitude,altitude,enhanced_speed,speed,heart_rate,cadence,fractional_cadence,temperature,timestamp_utc,timezone
2019-03-09 05:55:40+11:00,21340,-37.88936507888138,144.98565293848517,0.0,4.0,2520,0.0,0.0,89.0,-19.315827782393427,,15,2019-03-08 18:55:40,Australia/Melbourne
2019-03-09 05:57:54+11:00,21474,-37.88925066590309,144.98563491739333,0.0,4.0,2520,7.4196,7419.6,106.0,5.768113651429488,,15,2019-03-08 18:57:54,Australia/Melbourne
2019-03-09 05:57:56+11:00,21476,-37.88928184658289,144.98559703119102,0.0047799999999999995,3.8000000000000114,2519,9.36,9360.0,109.0,10.82647371151431,,15,2019-03-08 18:57:56,Australia/Melbourne
2019-03-09 05:57:58+11:00,21478,-37.88930573500693,144.98555755242703,0.00918,3.6000000000000227,2518,8.564400000000001,8564.4,112.0,13.145697695364362,,15,2019-03-08 18:57:58,Australia/Melbourne
2019-03-09 05:58:01+11:00,21481,-37.88936901837587,144.98546686023477,0.01977,3.6000000000000227,2518,14.4972,14497.2,115.0,58.0,,15,2019-03-08 18:58:01,Australia/Melbourne
2019-03-09 05:58:09+11:00,21489,-37.889577224850655,144.98519034124908,0.05335,3.3999999999999773,2517,14.9652,14965.2,112.0,56.0,,15,2019-03-08 18:58:09,Australia/Melbourne
2019-03-09 05:58:13+11:00,21493,-37.88966347463429,144.9850267264992,0.07072,3.3999999999999773,2517,15.48,15480.0,109.0,50.0,,15,2019-03-08 18:58:13,Australia/Melbourne
2019-03-09 05:58:15+11:00,21495,-37.889691973105066,144.98494014143944,0.07895,3.6000000000000227,2518,14.8572,14857.2,105.0,0.0,,15,2019-03-08 18:58:15,Australia/Melbourne
2019-03-09 05:58:16+11:00,21496,-37.88969993591309,144.98489596880972,0.08291,3.6000000000000227,2518,14.472000000000001,14472.0,102.0,0.0,,15,2019-03-08 18:58:16,Australia/Melbourne
2019-03-09 05:58:19+11:00,21499,-37.88965065032244,144.98477216809988,0.09521,3.8000000000000114,2519,13.7808,13780.8,105.0,0.0,,15,2019-03-08 18:58:19,Australia/Melbourne
2019-03-09 05:58:21+11:00,21501,-37.88958485238254,144.98471232131124,0.10418,3.8000000000000114,2519,15.0876,15087.6,108.0,0.0,,15,2019-03-08 18:58:21,Australia/Melbourne
2019-03-09 05:58:23+11:00,21503,-37.889513522386544,144.98466026969254,0.11333,3.6000000000000227,2518,15.659999999999998,15660.0,110.0,0.0,,15,2019-03-08 18:58:23,Australia/Melbourne
2019-03-09 05:58:29+11:00,21509,-37.889319146051996,144.98452238738537,0.13809000000000002,3.6000000000000227,2518,14.1444,14144.4,105.0,0.0,,15,2019-03-08 18:58:29,Australia/Melbourne
2019-03-09 05:58:32+11:00,21512,-37.88922979496419,144.9844535719603,0.14970999999999998,3.6000000000000227,2518,13.3992,13399.2,101.0,0.0,,15,2019-03-08 18:58:32,Australia/Melbourne
2019-03-09 05:58:33+11:00,21513,-37.889199452474706,144.98443362303078,0.15350999999999998,3.6000000000000227,2518,13.6512,13651.2,95.0,0.0,,15,2019-03-08 18:58:33,Australia/Melbourne
2019-03-09 05:58:34+11:00,21514,-37.88916567340493,144.98440822586417,0.15787,3.3999999999999773,2517,14.9868,14986.8,97.0,0.0,,15,2019-03-08 18:58:34,Australia/Melbourne
2019-03-09 05:58:35+11:00,21515,-37.889127200469375,144.98438249342144,0.16269999999999998,3.1999999999999886,2516,16.3404,16340.4,101.0,68.0,,15,2019-03-08 18:58:35,Australia/Melbourne
2019-03-09 05:58:36+11:00,21516,-37.88909233175218,144.9843501392752,0.1675,3.1999999999999886,2516,16.4952,16495.2,106.0,71.0,,15,2019-03-08 18:58:36,Australia/Melbourne
2019-03-09 05:58:37+11:00,21517,-37.88905729539693,144.98431820422408,0.1723,3.1999999999999886,2516,16.567200000000003,16567.2,109.0,54.0,,15,2019-03-08 18:58:37,Australia/Melbourne
2019-03-09 05:58:38+11:00,21518,-37.88902653381229,144.98427939601245,0.17712,3.1999999999999886,2516,15.753600000000002,15753.6,110.0,54.0,,15,2019-03-08 18:58:38,Australia/Melbourne
2019-03-09 05:58:41+11:00,21521,-37.88893173448741,144.98418920673433,0.19033,3.6000000000000227,2518,15.1272,15127.2,107.0,0.0,,15,2019-03-08 18:58:41,Australia/Melbourne
2019-03-09 05:58:42+11:00,21522,-37.888900972902775,144.98416473157704,0.19435999999999998,3.6000000000000227,2518,14.472000000000001,14472.0,101.0,0.0,,15,2019-03-08 18:58:42,Australia/Melbourne
2019-03-09 05:58:43+11:00,21523,-37.88887104950845,144.98414503410459,0.1981,3.6000000000000227,2518,13.9752,13975.2,98.0,0.0,,15,2019-03-08 18:58:43,Australia/Melbourne
2019-03-09 05:58:45+11:00,21525,-37.88881472311914,144.98410329222682,0.20535,3.6000000000000227,2518,13.194,13194.0,96.0,0.0,,15,2019-03-08 18:58:45,Australia/Melbourne
2019-03-09 05:58:46+11:00,21526,-37.88878111168742,144.98409155756238,0.20920999999999998,3.6000000000000227,2518,13.3236,13323.6,100.0,0.0,,15,2019-03-08 18:58:46,Australia/Melbourne
2019-03-09 05:58:49+11:00,21529,-37.88867273367941,144.9841186311096,0.22148,3.1999999999999886,2516,14.868,14868.0,100.0,0.0,,15,2019-03-08 18:58:49,Australia/Melbourne
2019-03-09 05:58:50+11:00,21530,-37.888641552999616,144.9841322097927,0.2251,3.1999999999999886,2516,12.7224,12722.4,96.0,0.0,,15,2019-03-08 18:58:50,Australia/Melbourne
2019-03-09 05:58:51+11:00,21531,-37.88861406035721,144.98413246124986,0.22810999999999998,3.1999999999999886,2516,9.806400000000002,9806.4,93.0,0.0,,15,2019-03-08 18:58:51,Australia/Melbourne
2019-03-09 05:58:52+11:00,21532,-37.88858958519995,144.98412776738402,0.23085999999999998,3.1999999999999886,2516,9.806400000000002,9806.4,93.0,0.0,,15,2019-03-08 18:58:52,Australia/Melbourne
2019-03-09 05:58:53+11:00,21533,-37.88858313113451,144.98411720618606,0.23201999999999998,3.3999999999999773,2517,4.6296,4629.6,93.0,0.0,,15,2019-03-08 18:58:53,Australia/Melbourne
2019-03-09 05:58:56+11:00,21536,-37.88856376893818,144.98408921062946,0.23526,3.6000000000000227,2518,3.114,3114.0,96.0,0.0,,15,2019-03-08 18:58:56,Australia/Melbourne
2019-03-09 05:58:57+11:00,21537,-37.88856309838593,144.98407965525985,0.2361,3.6000000000000227,2518,3.114,3114.0,101.0,0.0,,15,2019-03-08 18:58:57,Australia/Melbourne
2019-03-09 05:58:58+11:00,21538,-37.88856385275722,144.98408971354363,0.2361,3.8000000000000114,2519,0.0,0.0,104.0,0.0,,15,2019-03-08 18:58:58,Australia/Melbourne
2019-03-09 06:01:35+11:00,21695,-37.888553123921156,144.98416867107153,0.23704,3.3999999999999773,2517,7.516800000000001,7516.8,101.0,0.0,,14,2019-03-08 19:01:35,Australia/Melbourne
2019-03-09 06:01:37+11:00,21697,-37.88854507729411,144.98422700911757,0.24226,3.3999999999999773,2517,10.4508,10450.8,103.0,0.0,,14,2019-03-08 19:01:37,Australia/Melbourne
2019-03-09 06:01:41+11:00,21701,-37.888459833338864,144.98433957807717,0.25615,3.0,2515,13.3164,13316.4,105.0,0.0,,14,2019-03-08 19:01:41,Australia/Melbourne
2019-03-09 06:01:45+11:00,21705,-37.888347934931524,144.9844430107623,0.27157,3.1999999999999886,2516,14.4,14400.0,108.0,0.0,,14,2019-03-08 19:01:45,Australia/Melbourne
2019-03-09 06:01:46+11:00,21706,-37.88832077756524,144.9844740238041,0.27563000000000004,3.1999999999999886,2516,14.094,14094.0,111.0,0.0,,14,2019-03-08 19:01:46,Australia/Melbourne
2019-03-09 06:01:48+11:00,21708,-37.88826495409012,144.98452967964113,0.28352999999999995,3.1999999999999886,2516,13.6476,13647.6,112.0,0.0,,14,2019-03-08 19:01:48,Australia/Melbourne
2019-03-09 06:01:50+11:00,21710,-37.88820418529213,144.98455516062674,0.29069,3.1999999999999886,2516,12.2796,12279.6,113.0,0.0,,14,2019-03-08 19:01:50,Australia/Melbourne
2019-03-09 06:01:52+11:00,21712,-37.88815582171083,144.98451333492994,0.29734,3.3999999999999773,2517,13.6584,13658.4,108.0,0.0,,14,2019-03-08 19:01:52,Australia/Melbourne
2019-03-09 06:01:53+11:00,21713,-37.88813721388578,144.98447234742343,0.30149000000000004,3.3999999999999773,2517,14.4108,14410.8,108.0,0.0,,14,2019-03-08 19:01:53,Australia/Melbourne
2019-03-09 06:01:54+11:00,21714,-37.888117516413324,144.98442876152694,0.30589999999999995,3.3999999999999773,2517,15.4296,15429.6,108.0,61.0,,14,2019-03-08 19:01:54,Australia/Melbourne
2019-03-09 06:01:58+11:00,21718,-37.88801735267043,144.9842615425587,0.32436000000000004,3.6000000000000227,2518,16.430400000000002,16430.4,109.0,71.0,,14,2019-03-08 19:01:58,Australia/Melbourne
2019-03-09 06:02:00+11:00,21720,-37.887953231111176,144.98419188894331,0.33376,3.6000000000000227,2518,16.866,16866.0,110.0,70.0,,14,2019-03-08 19:02:00,Australia/Melbourne
2019-03-09 06:02:02+11:00,21722,-37.887874525040395,144.98417068272832,0.34273000000000003,3.6000000000000227,2518,15.9876,15987.6,111.0,61.0,,14,2019-03-08 19:02:02,Australia/Melbourne
2019-03-09 06:02:05+11:00,21725,-37.88777980953454,144.98425047844646,0.35553,3.8000000000000114,2519,15.7284,15728.4,109.0,69.0,,14,2019-03-08 19:02:05,Australia/Melbourne
2019-03-09 06:02:09+11:00,21729,-37.88767671212554,144.9843736924231,0.37129,4.399999999999976,2522,12.0852,12085.2,111.0,69.0,,14,2019-03-08 19:02:09,Australia/Melbourne
2019-03-09 06:02:11+11:00,21731,-37.88763555698097,144.98441627249122,0.3772,4.600000000000024,2523,9.3312,9331.2,111.0,0.0,,14,2019-03-08 19:02:11,Australia/Melbourne
2019-03-09 06:02:13+11:00,21733,-37.88759892806411,144.98444795608518,0.38213,4.800000000000012,2524,6.703200000000002,6703.2,108.0,0.0,,14,2019-03-08 19:02:13,Australia/Melbourne
2019-03-09 06:02:14+11:00,21734,-37.88758476264775,144.98445918783545,0.38398,5.0,2525,5.5044,5504.4000000000015,106.0,0.0,,14,2019-03-08 19:02:14,Australia/Melbourne
2019-03-09 06:02:32+11:00,21752,-37.887532711029046,144.98450629413128,0.38615,5.399999999999976,2527,6.9264,6926.4000000000015,103.0,0.0,,14,2019-03-08 19:02:32,Australia/Melbourne
2019-03-09 06:02:33+11:00,21753,-37.887518461793654,144.9845243152231,0.38839,5.399999999999976,2527,7.3764,7376.4000000000015,107.0,0.0,,14,2019-03-08 19:02:33,Australia/Melbourne
2019-03-09 06:02:34+11:00,21754,-37.887505637481816,144.9845454376191,0.39071999999999996,5.399999999999976,2527,8.082,8082.0,107.0,0.0,,14,2019-03-08 19:02:34,Australia/Melbourne
2019-03-09 06:02:36+11:00,21756,-37.887489292770624,144.98460000380874,0.39586,5.600000000000024,2528,9.7632,9763.2,104.0,0.0,,14,2019-03-08 19:02:36,Australia/Melbourne
2019-03-09 06:02:37+11:00,21757,-37.88749155588447,144.98463143594563,0.3986,5.600000000000024,2528,9.648,9648.0,103.0,0.0,,14,2019-03-08 19:02:37,Australia/Melbourne
2019-03-09 06:02:38+11:00,21758,-37.887499099597335,144.9846657179296,0.40171,5.399999999999976,2527,11.34,11340.0,103.0,46.0,,14,2019-03-08 19:02:38,Australia/Melbourne
2019-03-09 06:02:39+11:00,21759,-37.88750991225242,144.98470360413194,0.40525,5.199999999999988,2526,12.4812,12481.2,106.0,46.0,,14,2019-03-08 19:02:39,Australia/Melbourne
2019-03-09 06:02:41+11:00,21761,-37.88754503242672,144.98478742316362,0.41358,5.199999999999988,2526,16.308,16308.0,107.0,0.0,,14,2019-03-08 19:02:41,Australia/Melbourne
2019-03-09 06:02:43+11:00,21763,-37.88759289309383,144.98487610369918,0.42299,5.199999999999988,2526,17.118,17118.0,106.0,69.0,,14,2019-03-08 19:02:43,Australia/Melbourne
2019-03-09 06:02:44+11:00,21764,-37.887618457898505,144.9849206954241,0.42783000000000004,5.199999999999988,2526,18.1548,18154.8,109.0,69.0,,14,2019-03-08 19:02:44,Australia/Melbourne
2019-03-09 06:02:47+11:00,21767,-37.88770504295826,144.98507056385282,0.44413,5.0,2525,20.6352,20635.2,112.0,85.0,,14,2019-03-08 19:02:47,Australia/Melbourne
2019-03-09 06:02:49+11:00,21769,-37.88777234964073,144.98518254607916,0.45648999999999995,4.600000000000024,2523,22.824,22824.0,114.0,78.0,,14,2019-03-08 19:02:49,Australia/Melbourne
2019-03-09 06:02:54+11:00,21774,-37.88795105181634,144.9854982923716,0.49062,4.0,2520,26.1684,26168.4,114.0,93.0,,14,2019-03-08 19:02:54,Australia/Melbourne
2019-03-09 06:02:57+11:00,21777,-37.88806806318462,144.98569610528645,0.5123300000000001,3.6000000000000227,2518,26.351999999999997,26352.0,113.0,96.0,,14,2019-03-08 19:02:57,Australia/Melbourne
2019-03-09 06:03:04+11:00,21784,-37.88836109451949,144.98618896119297,0.56653,2.6000000000000227,2513,28.2204,28220.4,114.0,105.0,,14,2019-03-08 19:03:04,Australia/Melbourne
2019-03-09 06:03:05+11:00,21785,-37.8884041775018,144.9862569384277,0.5741799999999999,2.3999999999999773,2512,28.1412,28141.2,115.0,103.0,,14,2019-03-08 19:03:05,Australia/Melbourne
2019-03-09 06:03:08+11:00,21788,-37.888535605743535,144.98647009022537,0.5979399999999999,2.6000000000000227,2513,29.7288,29728.8,118.0,89.0,,14,2019-03-08 19:03:08,Australia/Melbourne
2019-03-09 06:03:12+11:00,21792,-37.888711793348186,144.98676773160696,0.63062,2.6000000000000227,2513,29.2788,29278.8,121.0,95.0,,14,2019-03-08 19:03:12,Australia/Melbourne
2019-03-09 06:03:20+11:00,21800,-37.889076825231314,144.9873781017959,0.69789,2.1999999999999886,2511,30.5928,30592.8,123.0,101.0,,14,2019-03-08 19:03:20,Australia/Melbourne
2019-03-09 06:03:22+11:00,21802,-37.88917413912713,144.98753090389073,0.71513,2.1999999999999886,2511,30.3624,30362.4,125.0,100.0,,14,2019-03-08 19:03:22,Australia/Melbourne
2019-03-09 06:03:30+11:00,21810,-37.88953950628638,144.98813808895648,0.7821899999999999,1.6000000000000227,2508,30.9888,30988.8,125.0,100.0,,14,2019-03-08 19:03:30,Australia/Melbourne
2019-03-09 06:03:31+11:00,21811,-37.889586696401246,144.9882142804563,0.7907000000000001,1.8000000000000114,2509,30.2292,30229.2,125.0,100.0,,14,2019-03-08 19:03:31,Australia/Melbourne
2019-03-09 06:03:37+11:00,21817,-37.889862125739455,144.98867210000753,0.84125,2.1999999999999886,2511,30.135600000000004,30135.6,128.0,95.0,,14,2019-03-08 19:03:37,Australia/Melbourne
2019-03-09 06:03:41+11:00,21821,-37.89004510268568,144.98896731063724,0.8742200000000001,2.0,2510,30.3048,30304.8,130.0,104.0,,14,2019-03-08 19:03:41,Australia/Melbourne
2019-03-09 06:03:48+11:00,21828,-37.890370991081,144.9895166605711,0.9345899999999999,2.0,2510,31.7664,31766.4,132.0,93.0,,14,2019-03-08 19:03:48,Australia/Melbourne
2019-03-09 06:03:50+11:00,21830,-37.890465119853616,144.98967231251302,0.95181,1.8000000000000114,2509,31.2264,31226.4,134.0,92.0,,14,2019-03-08 19:03:50,Australia/Melbourne
2019-03-09 06:03:57+11:00,21837,-37.89079561829567,144.99021931551397,1.01232,2.3999999999999773,2512,30.9204,30920.4,136.0,91.0,,14,2019-03-08 19:03:57,Australia/Melbourne
2019-03-09 06:04:00+11:00,21840,-37.89093291386962,144.99045191332698,1.03783,2.800000000000012,2514,30.942000000000004,30942.0,137.0,90.0,,14,2019-03-08 19:04:00,Australia/Melbourne
2019-03-09 06:04:03+11:00,21843,-37.89108278229833,144.9906736984849,1.0635,2.6000000000000227,2513,30.643200000000004,30643.2,137.0,89.0,,14,2019-03-08 19:04:03,Australia/Melbourne
2019-03-09 06:04:05+11:00,21845,-37.891216306015856,144.9907754547894,1.0808799999999998,2.800000000000012,2514,30.7728,30772.8,137.0,89.0,,14,2019-03-08 19:04:05,Australia/Melbourne
2019-03-09 06:04:07+11:00,21847,-37.89137111976743,144.99081702902913,1.09847,2.6000000000000227,2513,31.5864,31586.4,137.0,90.0,,14,2019-03-08 19:04:07,Australia/Melbourne
2019-03-09 06:04:08+11:00,21848,-37.891450077295296,144.99081744812432,1.10722,2.6000000000000227,2513,31.4244,31424.4,137.0,92.0,,14,2019-03-08 19:04:08,Australia/Melbourne
2019-03-09 06:04:11+11:00,21851,-37.89168301038443,144.9907732754946,1.13337,2.800000000000012,2514,32.4864,32486.4,138.0,93.0,,14,2019-03-08 19:04:11,Australia/Melbourne
2019-03-09 06:04:13+11:00,21853,-37.89184209890664,144.9907413404435,1.15125,3.0,2515,31.5396,31539.6,139.0,92.0,,14,2019-03-08 19:04:13,Australia/Melbourne
2019-03-09 06:04:20+11:00,21860,-37.89239664562047,144.99062910676003,1.21359,3.0,2515,31.715999999999998,31716.0,140.0,92.0,,14,2019-03-08 19:04:20,Australia/Melbourne
2019-03-09 06:04:21+11:00,21861,-37.892473759129636,144.99061510898173,1.22224,3.1999999999999886,2516,31.4892,31489.2,140.0,92.0,,14,2019-03-08 19:04:21,Australia/Melbourne
2019-03-09 06:04:27+11:00,21867,-37.89294716902077,144.99052416533232,1.27539,3.6000000000000227,2518,31.370400000000004,31370.4,138.0,89.0,,14,2019-03-08 19:04:27,Australia/Melbourne
2019-03-09 06:04:29+11:00,21869,-37.89310039021075,144.99048904515803,1.29267,3.6000000000000227,2518,31.212,31212.0,138.0,89.0,,14,2019-03-08 19:04:29,Australia/Melbourne
2019-03-09 06:04:36+11:00,21876,-37.893643537536256,144.99037781730294,1.35376,3.8000000000000114,2519,32.184,32184.0,140.0,92.0,,14,2019-03-08 19:04:36,Australia/Melbourne
2019-03-09 06:04:37+11:00,21877,-37.89372408762574,144.99036507681012,1.36276,4.0,2520,31.946400000000004,31946.4,140.0,95.0,,14,2019-03-08 19:04:37,Australia/Melbourne
2019-03-09 06:04:43+11:00,21883,-37.894192216917865,144.99026156030598,1.41551,3.6000000000000227,2518,31.6764,31676.4,142.0,94.0,,14,2019-03-08 19:04:43,Australia/Melbourne
2019-03-09 06:04:50+11:00,21890,-37.89474827237427,144.99016818590462,1.47777,4.199999999999989,2521,29.5632,29563.2,144.0,72.0,,14,2019-03-08 19:04:50,Australia/Melbourne
2019-03-09 06:04:52+11:00,21892,-37.89489227347076,144.99013541266322,1.49401,4.399999999999976,2522,28.3536,28353.6,141.0,0.0,,14,2019-03-08 19:04:52,Australia/Melbourne
2019-03-09 06:04:55+11:00,21895,-37.895100899040706,144.99009576626122,1.51742,4.399999999999976,2522,27.558000000000003,27558.0,138.0,0.0,,14,2019-03-08 19:04:55,Australia/Melbourne
2019-03-09 06:04:56+11:00,21896,-37.895166110247374,144.9900843668729,1.52473,4.399999999999976,2522,26.531999999999996,26532.0,137.0,0.0,,14,2019-03-08 19:04:56,Australia/Melbourne
2019-03-09 06:04:58+11:00,21898,-37.89528764784336,144.99006098136306,1.5383699999999998,4.600000000000024,2523,23.6268,23626.8,136.0,0.0,,14,2019-03-08 19:04:58,Australia/Melbourne
2019-03-09 06:05:01+11:00,21901,-37.89544573053717,144.99004044570032,1.556,5.0,2525,16.999200000000002,16999.2,138.0,0.0,,14,2019-03-08 19:05:01,Australia/Melbourne
2019-03-09 06:05:04+11:00,21904,-37.89553415961564,144.99003038741648,1.56584,5.199999999999988,2526,7.5636,7563.6,135.0,0.0,,14,2019-03-08 19:05:04,Australia/Melbourne
2019-03-09 06:05:05+11:00,21905,-37.895552767440684,144.99003038741648,1.5678800000000002,5.199999999999988,2526,6.710400000000001,6710.4000000000015,131.0,0.0,,14,2019-03-08 19:05:05,Australia/Melbourne
2019-03-09 06:05:07+11:00,21907,-37.895579421892755,144.99002502299842,1.57087,5.199999999999988,2526,4.5216,4521.6,126.0,0.0,,14,2019-03-08 19:05:07,Australia/Melbourne
2019-03-09 06:05:09+11:00,21909,-37.89560565724969,144.99002351425585,1.57375,5.199999999999988,2526,3.6,3600.0,123.0,0.0,,14,2019-03-08 19:05:09,Australia/Melbourne
2019-03-09 06:05:10+11:00,21910,-37.89560423232615,144.99002393335104,1.57375,5.199999999999988,2526,0.0,0.0,120.0,0.0,,14,2019-03-08 19:05:10,Australia/Melbourne
2019-03-09 06:05:16+11:00,21916,-37.89564941078425,144.99002502299842,1.57473,5.0,2525,7.4196,7419.6,125.0,0.0,,14,2019-03-08 19:05:16,Australia/Melbourne
2019-03-09 06:05:17+11:00,21917,-37.895671036094434,144.99002510681748,1.57713,5.0,2525,8.9172,8917.2,128.0,0.0,,14,2019-03-08 19:05:17,Australia/Melbourne
2019-03-09 06:05:18+11:00,21918,-37.89569634944201,144.99002208933234,1.57995,4.800000000000012,2524,10.5012,10501.2,129.0,0.0,,14,2019-03-08 19:05:18,Australia/Melbourne
2019-03-09 06:05:20+11:00,21920,-37.89575963281096,144.9900018889457,1.5871899999999999,4.600000000000024,2523,14.4288,14428.8,126.0,0.0,,14,2019-03-08 19:05:20,Australia/Melbourne
2019-03-09 06:05:23+11:00,21923,-37.89590690284968,144.98996886424717,1.6038,4.600000000000024,2523,22.9032,22903.2,126.0,56.0,,14,2019-03-08 19:05:23,Australia/Melbourne
2019-03-09 06:05:27+11:00,21927,-37.89614972658456,144.98991630971432,1.63114,4.0,2520,25.5132,25513.2,129.0,73.0,,14,2019-03-08 19:05:27,Australia/Melbourne
2019-03-09 06:05:30+11:00,21930,-37.896345695480704,144.9898733943701,1.6532099999999998,4.0,2520,26.802000000000003,26802.0,130.0,77.0,,14,2019-03-08 19:05:30,Australia/Melbourne
2019-03-09 06:05:37+11:00,21937,-37.89683536626399,144.9897888209671,1.70807,3.6000000000000227,2518,28.4436,28443.6,129.0,82.0,,14,2019-03-08 19:05:37,Australia/Melbourne
2019-03-09 06:05:44+11:00,21944,-37.89736309088767,144.98968220315874,1.7673900000000002,3.6000000000000227,2518,31.741200000000006,31741.2,130.0,91.0,,14,2019-03-08 19:05:44,Australia/Melbourne
2019-03-09 06:05:50+11:00,21950,-37.897849660366774,144.9896023236215,1.82185,2.6000000000000227,2513,32.637600000000006,32637.6,133.0,95.0,,14,2019-03-08 19:05:50,Australia/Melbourne
2019-03-09 06:05:53+11:00,21953,-37.89810011163354,144.9895523674786,1.85,2.800000000000012,2514,33.598800000000004,33598.8,134.0,97.0,,14,2019-03-08 19:05:53,Australia/Melbourne
2019-03-09 06:06:00+11:00,21960,-37.898678379133344,144.98945094645026,1.9148,3.0,2515,33.048,33048.0,137.0,97.0,,14,2019-03-08 19:06:00,Australia/Melbourne
2019-03-09 06:06:01+11:00,21961,-37.898761024698615,144.98943787068131,1.9240400000000002,2.800000000000012,2514,33.0444,33044.4,137.0,97.0,,14,2019-03-08 19:06:01,Australia/Melbourne
2019-03-09 06:06:08+11:00,21968,-37.89934381842613,144.98932613991198,1.98947,3.3999999999999773,2517,32.5908,32590.8,138.0,95.0,,14,2019-03-08 19:06:08,Australia/Melbourne
2019-03-09 06:06:09+11:00,21969,-37.899425122886896,144.98931088484827,1.99859,3.1999999999999886,2516,33.066,33066.0,138.0,94.0,,14,2019-03-08 19:06:09,Australia/Melbourne
2019-03-09 06:06:12+11:00,21972,-37.89966777898371,144.9892677180469,2.0258,3.1999999999999886,2516,32.8104,32810.4,139.0,96.0,,14,2019-03-08 19:06:12,Australia/Melbourne
2019-03-09 06:06:14+11:00,21974,-37.89982946589589,144.98923695646224,2.0439599999999998,2.800000000000012,2514,33.246,33246.0,139.0,94.0,,14,2019-03-08 19:06:14,Australia/Melbourne
2019-03-09 06:06:20+11:00,21980,-37.90032902732492,144.98914190568033,2.1000300000000003,3.3999999999999773,2517,33.8004,33800.4,141.0,97.0,,14,2019-03-08 19:06:20,Australia/Melbourne
2019-03-09 06:06:26+11:00,21986,-37.900814842432744,144.98905238695446,2.1545300000000003,3.6000000000000227,2518,33.0012,33001.200000000004,142.0,95.0,,14,2019-03-08 19:06:26,Australia/Melbourne
2019-03-09 06:06:33+11:00,21993,-37.90140107274056,144.9889393988997,2.22035,3.8000000000000114,2519,33.12,33120.0,144.0,96.0,,14,2019-03-08 19:06:33,Australia/Melbourne
2019-03-09 06:06:34+11:00,21994,-37.90148304775357,144.98892699368298,2.22952,3.8000000000000114,2519,33.3684,33368.4,144.0,95.0,,14,2019-03-08 19:06:34,Australia/Melbourne
2019-03-09 06:06:39+11:00,21999,-37.90189845487475,144.98884988017383,2.27612,4.600000000000024,2523,33.0624,33062.4,146.0,95.0,,14,2019-03-08 19:06:39,Australia/Melbourne
2019-03-09 06:06:41+11:00,22001,-37.90206508710981,144.98881777748466,2.29483,4.800000000000012,2524,32.91480000000001,32914.8,147.0,98.0,,14,2019-03-08 19:06:41,Australia/Melbourne
2019-03-09 06:06:48+11:00,22008,-37.9026243276894,144.98871736228466,2.35753,5.600000000000024,2528,32.0364,32036.4,149.0,95.0,,14,2019-03-08 19:06:48,Australia/Melbourne
2019-03-09 06:06:51+11:00,22011,-37.902870755642645,144.98867184855044,2.38516,5.800000000000012,2529,32.983200000000004,32983.200000000004,149.0,95.0,,14,2019-03-08 19:06:51,Australia/Melbourne
2019-03-09 06:06:57+11:00,22017,-37.903351793065674,144.98857771977782,2.4392,5.800000000000012,2529,33.0012,33001.200000000004,150.0,85.0,,14,2019-03-08 19:06:57,Australia/Melbourne
2019-03-09 06:07:02+11:00,22022,-37.9037575609982,144.98850429430604,2.4847,6.800000000000012,2534,32.3676,32367.6,151.0,84.0,,14,2019-03-08 19:07:02,Australia/Melbourne
2019-03-09 06:07:04+11:00,22024,-37.903914889320724,144.98846984468398,2.50244,7.199999999999988,2536,31.7448,31744.8,151.0,86.0,,13,2019-03-08 19:07:04,Australia/Melbourne
2019-03-09 06:07:06+11:00,22026,-37.9040738940239,144.98843103647232,2.52042,6.800000000000012,2534,32.2308,32230.8,151.0,84.0,,13,2019-03-08 19:07:06,Australia/Melbourne
2019-03-09 06:07:13+11:00,22033,-37.904652329161756,144.98833070509139,2.58523,7.600000000000023,2538,33.897600000000004,33897.6,152.0,87.0,,13,2019-03-08 19:07:13,Australia/Melbourne
2019-03-09 06:07:14+11:00,22034,-37.9047362320125,144.98831218108538,2.59468,7.600000000000023,2538,33.6348,33634.8,152.0,90.0,,13,2019-03-08 19:07:14,Australia/Melbourne
2019-03-09 06:07:21+11:00,22041,-37.9053379688412,144.98819584026933,2.6622600000000003,7.0,2535,34.714800000000004,34714.8,152.0,91.0,,13,2019-03-08 19:07:21,Australia/Melbourne
2019-03-09 06:07:22+11:00,22042,-37.90542673319578,144.9881803337485,2.6722,6.800000000000012,2534,35.154,35154.0,152.0,59.0,,13,2019-03-08 19:07:22,Australia/Melbourne
2019-03-09 06:07:28+11:00,22048,-37.90595965459943,144.98807933181524,2.7320300000000004,5.800000000000012,2529,35.6688,35668.8,151.0,94.0,,13,2019-03-08 19:07:28,Australia/Melbourne
2019-03-09 06:07:34+11:00,22054,-37.906495174393065,144.9879769049585,2.7921400000000003,4.800000000000012,2524,37.0728,37072.8,150.0,96.0,,13,2019-03-08 19:07:34,Australia/Melbourne
2019-03-09 06:07:36+11:00,22056,-37.906678402796395,144.9879404436797,2.8127299999999997,4.600000000000024,2523,36.8676,36867.6,150.0,97.0,,13,2019-03-08 19:07:36,Australia/Melbourne
2019-03-09 06:07:37+11:00,22057,-37.90677010081709,144.98792418278754,2.82301,4.600000000000024,2523,37.188,37188.0,150.0,98.0,,13,2019-03-08 19:07:37,Australia/Melbourne
2019-03-09 06:07:42+11:00,22062,-37.90723152458668,144.9878386873752,2.8747800000000003,4.399999999999976,2522,36.3528,36352.8,147.0,96.0,,13,2019-03-08 19:07:42,Australia/Melbourne
2019-03-09 06:07:45+11:00,22065,-37.90750049985945,144.98778739012778,2.90497,4.0,2520,36.0612,36061.2,144.0,73.0,,13,2019-03-08 19:07:45,Australia/Melbourne
2019-03-09 06:07:46+11:00,22066,-37.907587252557285,144.98776827938858,2.91474,3.8000000000000114,2519,35.1756,35175.6,143.0,73.0,,13,2019-03-08 19:07:46,Australia/Melbourne
2019-03-09 06:07:50+11:00,22070,-37.90792856365442,144.98768370598557,2.95338,4.0,2520,34.542,34542.0,139.0,0.0,,13,2019-03-08 19:07:50,Australia/Melbourne
2019-03-09 06:07:51+11:00,22071,-37.90801171213389,144.9876462388784,2.96317,4.0,2520,34.7184,34718.4,139.0,91.0,,13,2019-03-08 19:07:51,Australia/Melbourne
2019-03-09 06:07:52+11:00,22072,-37.90809092111885,144.98759703710675,2.97297,3.8000000000000114,2519,35.1036,35103.6,139.0,92.0,,13,2019-03-08 19:07:52,Australia/Melbourne
2019-03-09 06:07:53+11:00,22073,-37.90816753171384,144.98754129745066,2.98279,3.6000000000000227,2518,35.711999999999996,35712.0,138.0,92.0,,13,2019-03-08 19:07:53,Australia/Melbourne
2019-03-09 06:07:55+11:00,22075,-37.908317483961575,144.98740970157087,3.00306,3.1999999999999886,2516,36.8676,36867.6,139.0,95.0,,13,2019-03-08 19:07:55,Australia/Melbourne
2019-03-09 06:07:56+11:00,22076,-37.908387640491135,144.9873304925859,3.0135099999999997,3.3999999999999773,2517,37.782,37782.0,139.0,96.0,,13,2019-03-08 19:07:56,Australia/Melbourne
2019-03-09 06:08:00+11:00,22080,-37.908662231639035,144.9870001617819,3.0556200000000002,2.1999999999999886,2511,37.296,37296.0,141.0,96.0,,13,2019-03-08 19:08:00,Australia/Melbourne
2019-03-09 06:08:01+11:00,22081,-37.90873364545405,144.98692698776722,3.06582,2.0,2510,37.14120000000001,37141.2,141.0,96.0,,13,2019-03-08 19:08:01,Australia/Melbourne
2019-03-09 06:08:06+11:00,22086,-37.90913983248174,144.98665189370513,3.11727,3.1999999999999886,2516,37.1556,37155.6,142.0,94.0,,13,2019-03-08 19:08:06,Australia/Melbourne
2019-03-09 06:08:10+11:00,22090,-37.9094959795475,144.98653940856457,3.15802,2.1999999999999886,2511,35.82,35820.0,142.0,93.0,,13,2019-03-08 19:08:10,Australia/Melbourne
2019-03-09 06:08:12+11:00,22092,-37.90966655127704,144.98647989705205,3.17766,3.0,2515,35.3592,35359.200000000004,143.0,94.0,,13,2019-03-08 19:08:12,Australia/Melbourne
2019-03-09 06:08:18+11:00,22098,-37.91019293479621,144.98629733920097,3.2382600000000004,2.3999999999999773,2512,36.558,36558.0,144.0,95.0,,13,2019-03-08 19:08:18,Australia/Melbourne
2019-03-09 06:08:21+11:00,22101,-37.91045947931707,144.98621620237827,3.2687,2.3999999999999773,2512,37.36080000000001,37360.8,145.0,97.0,,13,2019-03-08 19:08:21,Australia/Melbourne
2019-03-09 06:08:27+11:00,22107,-37.91100941598416,144.98608795925975,3.3307800000000003,2.3999999999999773,2512,36.7776,36777.6,146.0,96.0,,13,2019-03-08 19:08:27,Australia/Melbourne
2019-03-09 06:08:29+11:00,22109,-37.91118904016911,144.9860520008951,3.35097,2.3999999999999773,2512,36.4392,36439.2,146.0,90.0,,13,2019-03-08 19:08:29,Australia/Melbourne
2019-03-09 06:08:36+11:00,22116,-37.91181131266058,144.9859355762601,3.42079,2.6000000000000227,2513,35.6472,35647.200000000004,147.0,92.0,,13,2019-03-08 19:08:36,Australia/Melbourne
2019-03-09 06:08:39+11:00,22119,-37.912074085324996,144.98588453046978,3.4503000000000004,3.3999999999999773,2517,34.632,34632.0,146.0,89.0,,13,2019-03-08 19:08:39,Australia/Melbourne
2019-03-09 06:08:45+11:00,22125,-37.91258797980846,144.98586676083502,3.5076099999999997,3.8000000000000114,2519,34.6644,34664.4,148.0,92.0,,13,2019-03-08 19:08:45,Australia/Melbourne
2019-03-09 06:08:48+11:00,22128,-37.91282988153397,144.98593725264072,3.53526,3.6000000000000227,2518,32.454,32454.0,149.0,88.0,,13,2019-03-08 19:08:48,Australia/Melbourne
2019-03-09 06:08:50+11:00,22130,-37.91297840885818,144.98601260595024,3.5530199999999996,3.3999999999999773,2517,32.2272,32227.2,149.0,83.0,,13,2019-03-08 19:08:50,Australia/Melbourne
2019-03-09 06:08:54+11:00,22134,-37.913261130452156,144.98618560843167,3.58791,4.600000000000024,2523,31.6296,31629.6,151.0,83.0,,13,2019-03-08 19:08:54,Australia/Melbourne
2019-03-09 06:08:55+11:00,22135,-37.91333187371493,144.9862300325185,3.5966699999999996,5.199999999999988,2526,31.7916,31791.6,152.0,83.0,,13,2019-03-08 19:08:55,Australia/Melbourne
2019-03-09 06:08:58+11:00,22138,-37.91354368440807,144.98636607080695,3.62305,5.199999999999988,2526,31.8132,31813.2,154.0,82.0,,13,2019-03-08 19:08:58,Australia/Melbourne
2019-03-09 06:09:05+11:00,22145,-37.9140548966825,144.986672597006,3.6858699999999995,5.600000000000024,2528,33.2748,33274.8,156.0,86.0,,13,2019-03-08 19:09:05,Australia/Melbourne
2019-03-09 06:09:10+11:00,22150,-37.91443199850619,144.98689672909674,3.7321400000000002,5.800000000000012,2529,32.684400000000004,32684.4,157.0,86.0,,13,2019-03-08 19:09:10,Australia/Melbourne
2019-03-09 06:09:14+11:00,22154,-37.914731232449405,144.9870167579502,3.76703,6.199999999999988,2531,32.022,32022.0,157.0,82.0,,13,2019-03-08 19:09:14,Australia/Melbourne
2019-03-09 06:09:16+11:00,22156,-37.91488638147712,144.98706419952214,3.78474,7.199999999999988,2536,31.9356,31935.6,157.0,83.0,,13,2019-03-08 19:09:16,Australia/Melbourne
2019-03-09 06:09:21+11:00,22161,-37.91528033092618,144.987153718248,3.8291699999999995,8.0,2540,31.8852,31885.2,157.0,83.0,,13,2019-03-08 19:09:21,Australia/Melbourne
2019-03-09 06:09:24+11:00,22164,-37.9155108332634,144.98721373267472,3.85529,8.199999999999989,2541,32.1588,32158.8,158.0,82.0,,13,2019-03-08 19:09:24,Australia/Melbourne
2019-03-09 06:09:29+11:00,22169,-37.91590947657824,144.98726259917018,3.8998199999999996,8.800000000000011,2544,31.6944,31694.4,158.0,81.0,,13,2019-03-08 19:09:29,Australia/Melbourne
2019-03-09 06:09:30+11:00,22170,-37.915989020839326,144.98726511374116,3.90866,9.199999999999989,2546,31.9032,31903.2,158.0,85.0,,13,2019-03-08 19:09:30,Australia/Melbourne
2019-03-09 06:09:36+11:00,22176,-37.916475590318434,144.98728372156617,3.96269,8.800000000000011,2544,33.1056,33105.6,158.0,86.0,,13,2019-03-08 19:09:36,Australia/Melbourne
2019-03-09 06:09:39+11:00,22179,-37.91672277264297,144.98728858307004,3.99013,8.199999999999989,2541,33.246,33246.0,156.0,87.0,,13,2019-03-08 19:09:39,Australia/Melbourne
2019-03-09 06:09:44+11:00,22184,-37.91714488528669,144.9873323366046,4.03717,8.0,2540,34.146,34146.0,154.0,75.0,,13,2019-03-08 19:09:44,Australia/Melbourne
2019-03-09 06:09:45+11:00,22185,-37.91722468100488,144.98736192472282,4.04641,7.600000000000023,2538,33.552,33552.0,154.0,75.0,,13,2019-03-08 19:09:45,Australia/Melbourne
2019-03-09 06:09:49+11:00,22189,-37.91754755191504,144.9875072669238,4.08445,7.0,2535,34.9812,34981.200000000004,152.0,90.0,,13,2019-03-08 19:09:49,Australia/Melbourne
2019-03-09 06:09:54+11:00,22194,-37.917968155816205,144.9876833707094,4.1336400000000015,6.399999999999977,2532,34.7364,34736.4,150.0,65.0,,13,2019-03-08 19:09:54,Australia/Melbourne
2019-03-09 06:09:56+11:00,22196,-37.918127663433545,144.98775109648702,4.15232,6.199999999999988,2531,34.8228,34822.8,147.0,65.0,,13,2019-03-08 19:09:56,Australia/Melbourne
2019-03-09 06:09:59+11:00,22199,-37.9183756839484,144.98785729520026,4.18139,6.0,2530,35.172,35172.0,146.0,91.0,,13,2019-03-08 19:09:59,Australia/Melbourne
2019-03-09 06:10:02+11:00,22202,-37.91862571612001,144.98795754276216,4.21051,6.0,2530,34.92,34920.0,145.0,91.0,,13,2019-03-08 19:10:02,Australia/Melbourne
2019-03-09 06:10:06+11:00,22206,-37.918960070237524,144.98806290328503,4.24886,5.399999999999976,2527,33.4656,33465.6,144.0,86.0,,13,2019-03-08 19:10:06,Australia/Melbourne
2019-03-09 06:10:07+11:00,22207,-37.91904556564987,144.98806617222724,4.2583400000000005,4.199999999999989,2521,34.3512,34351.200000000004,143.0,86.0,,13,2019-03-08 19:10:07,Australia/Melbourne
2019-03-09 06:10:10+11:00,22210,-37.91930104605853,144.98809123411775,4.28679,5.399999999999976,2527,33.8796,33879.6,144.0,88.0,,13,2019-03-08 19:10:10,Australia/Melbourne
2019-03-09 06:10:13+11:00,22213,-37.919550072401755,144.98811998404562,4.31454,6.199999999999988,2531,33.2856,33285.6,146.0,87.0,,13,2019-03-08 19:10:13,Australia/Melbourne
2019-03-09 06:10:17+11:00,22217,-37.91987193748355,144.98815870843828,4.35043,6.600000000000023,2533,32.1588,32158.8,147.0,84.0,,13,2019-03-08 19:10:17,Australia/Melbourne
2019-03-09 06:10:20+11:00,22220,-37.920110067352645,144.98818553052843,4.3769599999999995,7.0,2535,31.986,31986.0,146.0,83.0,,13,2019-03-08 19:10:20,Australia/Melbourne
2019-03-09 06:10:26+11:00,22226,-37.92060225270689,144.9882097542286,4.431690000000001,7.800000000000012,2539,32.705999999999996,32706.0,149.0,87.0,,13,2019-03-08 19:10:26,Australia/Melbourne
2019-03-09 06:10:27+11:00,22227,-37.92068322189152,144.98819936066866,4.4407200000000016,8.0,2540,31.986,31986.0,149.0,85.0,,13,2019-03-08 19:10:27,Australia/Melbourne
2019-03-09 06:10:32+11:00,22232,-37.92106719687581,144.9881293717772,4.48379,9.0,2545,29.9016,29901.6,151.0,83.0,,13,2019-03-08 19:10:32,Australia/Melbourne
2019-03-09 06:10:34+11:00,22234,-37.92121446691453,144.98810028657317,4.50033,9.600000000000025,2548,29.570400000000006,29570.4,152.0,77.0,,13,2019-03-08 19:10:34,Australia/Melbourne
2019-03-09 06:10:36+11:00,22236,-37.92135913856328,144.98807237483558,4.51658,10.199999999999989,2551,29.0196,29019.6,152.0,77.0,,13,2019-03-08 19:10:36,Australia/Melbourne
2019-03-09 06:10:39+11:00,22239,-37.921575056388974,144.9880282022059,4.54086,11.199999999999989,2556,28.5264,28526.4,155.0,75.0,,13,2019-03-08 19:10:39,Australia/Melbourne
2019-03-09 06:10:40+11:00,22240,-37.921646302565925,144.98801504261792,4.548850000000002,11.399999999999974,2557,28.2528,28252.8,155.0,75.0,,13,2019-03-08 19:10:40,Australia/Melbourne
2019-03-09 06:10:42+11:00,22242,-37.92178804054856,144.9879896454513,4.56473,12.0,2560,28.5912,28591.2,156.0,77.0,,13,2019-03-08 19:10:42,Australia/Melbourne
2019-03-09 06:10:48+11:00,22248,-37.922219289466746,144.98790507204833,4.613180000000002,11.600000000000026,2558,30.2544,30254.4,158.0,79.0,,13,2019-03-08 19:10:48,Australia/Melbourne
2019-03-09 06:10:55+11:00,22255,-37.92278565466404,144.98785964213312,4.67624,10.800000000000011,2554,34.588800000000006,34588.8,158.0,88.0,,13,2019-03-08 19:10:55,Australia/Melbourne
2019-03-09 06:10:56+11:00,22256,-37.92287366464735,144.9878568761051,4.6860100000000005,10.399999999999975,2552,34.7904,34790.4,158.0,73.0,,13,2019-03-08 19:10:56,Australia/Melbourne
2019-03-09 06:11:01+11:00,22261,-37.9233159776777,144.98783282004297,4.7352,9.199999999999989,2546,35.35200000000001,35352.0,155.0,0.0,,13,2019-03-08 19:11:01,Australia/Melbourne
2019-03-09 06:11:02+11:00,22262,-37.9234008025378,144.987806500867,4.744890000000002,9.199999999999989,2546,34.7832,34783.200000000004,155.0,0.0,,13,2019-03-08 19:11:02,Australia/Melbourne
2019-03-09 06:11:04+11:00,22264,-37.92357481084764,144.9877412058413,4.76504,8.199999999999989,2541,36.251999999999995,36252.0,153.0,93.0,,13,2019-03-08 19:11:04,Australia/Melbourne
2019-03-09 06:11:07+11:00,22267,-37.923844791948795,144.98764514923099,4.7961800000000006,7.199999999999988,2536,37.8036,37803.6,151.0,97.0,,13,2019-03-08 19:11:07,Australia/Melbourne
2019-03-09 06:11:09+11:00,22269,-37.924031876027584,144.98757977038622,4.81772,6.600000000000023,2533,39.1284,39128.4,150.0,101.0,,13,2019-03-08 19:11:09,Australia/Melbourne
2019-03-09 06:11:14+11:00,22274,-37.924505369737744,144.98744431883097,4.8716599999999985,6.199999999999988,2531,38.7216,38721.6,148.0,82.0,,13,2019-03-08 19:11:14,Australia/Melbourne
2019-03-09 06:11:16+11:00,22276,-37.924697147682316,144.98741129413247,4.89315,6.0,2530,38.4444,38444.4,146.0,82.0,,13,2019-03-08 19:11:16,Australia/Melbourne
2019-03-09 06:11:22+11:00,22282,-37.92526124976576,144.9873109627515,4.95638,6.399999999999977,2532,37.02240000000001,37022.4,143.0,0.0,,13,2019-03-08 19:11:22,Australia/Melbourne
2019-03-09 06:11:24+11:00,22284,-37.925446070730686,144.98728062026203,4.977060000000002,6.0,2530,37.137600000000006,37137.6,142.0,96.0,,13,2019-03-08 19:11:24,Australia/Melbourne
2019-03-09 06:11:26+11:00,22286,-37.92562904767692,144.98724834993482,4.99757,4.800000000000012,2524,36.6768,36676.8,142.0,68.0,,13,2019-03-08 19:11:26,Australia/Melbourne
2019-03-09 06:11:29+11:00,22289,-37.92590481229127,144.98721725307402,5.02832,5.0,2525,37.0944,37094.4,140.0,96.0,,13,2019-03-08 19:11:29,Australia/Melbourne
2019-03-09 06:11:31+11:00,22291,-37.926091393455856,144.98724709264934,5.04922,4.800000000000012,2524,38.2788,38278.8,140.0,99.0,,13,2019-03-08 19:11:31,Australia/Melbourne
2019-03-09 06:11:35+11:00,22295,-37.9264403320849,144.9874139763415,5.09084,4.399999999999976,2522,36.7704,36770.4,138.0,98.0,,13,2019-03-08 19:11:35,Australia/Melbourne
2019-03-09 06:11:39+11:00,22299,-37.926731435582035,144.98770440928635,5.13212,4.399999999999976,2522,36.7848,36784.8,138.0,97.0,,13,2019-03-08 19:11:39,Australia/Melbourne
2019-03-09 06:11:45+11:00,22305,-37.92713351547718,144.98817111365497,5.192740000000001,5.0,2525,35.2944,35294.4,141.0,92.0,,13,2019-03-08 19:11:45,Australia/Melbourne
2019-03-09 06:11:47+11:00,22307,-37.927260920405395,144.98832726851106,5.21246,5.399999999999976,2527,35.3592,35359.200000000004,142.0,89.0,,13,2019-03-08 19:11:47,Australia/Melbourne
2019-03-09 06:11:48+11:00,22308,-37.92731666006148,144.98841259628534,5.222180000000002,5.199999999999988,2526,35.053200000000004,35053.200000000004,142.0,93.0,,13,2019-03-08 19:11:48,Australia/Melbourne
2019-03-09 06:11:51+11:00,22311,-37.927447753027074,144.9886923003942,5.2507600000000005,5.600000000000024,2528,33.9336,33933.6,143.0,88.0,,13,2019-03-08 19:11:51,Australia/Melbourne
2019-03-09 06:11:52+11:00,22312,-37.92749511078,144.9887824058533,5.260269999999999,6.0,2530,34.01280000000001,34012.8,143.0,90.0,,13,2019-03-08 19:11:52,Australia/Melbourne
2019-03-09 06:11:56+11:00,22316,-37.92771848849952,144.9891021754593,5.29782,6.0,2530,34.1028,34102.8,145.0,86.0,,13,2019-03-08 19:11:56,Australia/Melbourne
2019-03-09 06:12:03+11:00,22323,-37.92818276211619,144.9895737413317,5.3640099999999995,6.600000000000023,2533,34.495200000000004,34495.200000000004,146.0,89.0,,13,2019-03-08 19:12:03,Australia/Melbourne
2019-03-09 06:12:04+11:00,22324,-37.92825350537896,144.98963233083487,5.373399999999998,6.600000000000023,2533,33.9336,33933.6,145.0,89.0,,13,2019-03-08 19:12:04,Australia/Melbourne
2019-03-09 06:12:11+11:00,22331,-37.92875063605607,144.99005150981247,5.43979,6.600000000000023,2533,34.14960000000001,34149.6,145.0,90.0,,13,2019-03-08 19:12:11,Australia/Melbourne
2019-03-09 06:12:13+11:00,22333,-37.92888332158328,144.99018318951133,5.4585300000000005,6.600000000000023,2533,33.897600000000004,33897.6,145.0,90.0,,13,2019-03-08 19:12:13,Australia/Melbourne
2019-03-09 06:12:20+11:00,22340,-37.929331166669726,144.99066716060042,5.523969999999999,6.600000000000023,2533,34.1424,34142.4,146.0,88.0,,13,2019-03-08 19:12:20,Australia/Melbourne
2019-03-09 06:12:21+11:00,22341,-37.929395455867045,144.99073865823445,5.53348,6.600000000000023,2533,34.11,34110.0,146.0,89.0,,13,2019-03-08 19:12:21,Australia/Melbourne
2019-03-09 06:12:28+11:00,22348,-37.929844055324786,144.99123914167285,5.599939999999999,6.600000000000023,2533,34.3872,34387.200000000004,145.0,89.0,,13,2019-03-08 19:12:28,Australia/Melbourne
2019-03-09 06:12:30+11:00,22350,-37.92997523210943,144.99138079583642,5.6191,6.600000000000023,2533,34.4592,34459.200000000004,145.0,89.0,,13,2019-03-08 19:12:30,Australia/Melbourne
2019-03-09 06:12:37+11:00,22357,-37.930425256490715,144.99185554683208,5.68424,6.399999999999977,2532,33.624,33624.0,144.0,88.0,,13,2019-03-08 19:12:37,Australia/Melbourne
2019-03-09 06:12:38+11:00,22358,-37.93049323372543,144.9919150583446,5.69343,6.199999999999988,2531,33.8904,33890.4,144.0,88.0,,13,2019-03-08 19:12:38,Australia/Melbourne
2019-03-09 06:12:45+11:00,22365,-37.930983742699034,144.99235259369016,5.76009,6.0,2530,33.9408,33940.8,142.0,88.0,,13,2019-03-08 19:12:45,Australia/Melbourne
2019-03-09 06:12:46+11:00,22366,-37.93105230666697,144.99241529032588,5.769480000000001,5.800000000000012,2529,34.117200000000004,34117.200000000004,142.0,90.0,,13,2019-03-08 19:12:46,Australia/Melbourne
2019-03-09 06:12:53+11:00,22373,-37.93153828941285,144.9928560107946,5.8359,5.800000000000012,2529,34.2396,34239.6,140.0,89.0,,13,2019-03-08 19:12:53,Australia/Melbourne
2019-03-09 06:12:56+11:00,22376,-37.93174314312637,144.99304569326338,5.8641000000000005,5.399999999999976,2527,33.786,33786.0,138.0,87.0,,13,2019-03-08 19:12:56,Australia/Melbourne
2019-03-09 06:13:03+11:00,22383,-37.93223289772868,144.9934975616634,5.9314300000000015,5.399999999999976,2527,35.658,35658.0,138.0,92.0,,13,2019-03-08 19:13:03,Australia/Melbourne
2019-03-09 06:13:06+11:00,22386,-37.932453090325,144.9936976376921,5.9615599999999995,4.800000000000012,2524,36.42480000000001,36424.8,137.0,96.0,,13,2019-03-08 19:13:06,Australia/Melbourne
2019-03-09 06:13:12+11:00,22392,-37.93290445581079,144.9940791819245,6.0218500000000015,4.600000000000024,2523,36.4068,36406.8,135.0,94.0,,13,2019-03-08 19:13:12,Australia/Melbourne
2019-03-09 06:13:19+11:00,22399,-37.93341918848454,144.99453197233382,6.0914899999999985,4.399999999999976,2522,34.9848,34984.8,135.0,92.0,,13,2019-03-08 19:13:19,Australia/Melbourne
2019-03-09 06:13:20+11:00,22400,-37.93349051848054,144.99459533952174,6.10118,4.399999999999976,2522,35.1252,35125.200000000004,135.0,92.0,,13,2019-03-08 19:13:20,Australia/Melbourne
2019-03-09 06:13:27+11:00,22407,-37.93398672714829,144.99504025094208,6.168729999999999,4.399999999999976,2522,34.344,34344.0,132.0,90.0,,13,2019-03-08 19:13:27,Australia/Melbourne
2019-03-09 06:13:29+11:00,22409,-37.9341265372932,144.99516949988904,6.18797,4.199999999999989,2521,34.758,34758.0,133.0,90.0,,13,2019-03-08 19:13:29,Australia/Melbourne
2019-03-09 06:13:33+11:00,22413,-37.934404229745276,144.9954269081354,6.2262,4.0,2520,35.26920000000001,35269.200000000004,136.0,90.0,,13,2019-03-08 19:13:33,Australia/Melbourne
2019-03-09 06:13:37+11:00,22417,-37.934683430939906,144.9956819694489,6.26446,3.3999999999999773,2517,34.02,34020.0,138.0,89.0,,13,2019-03-08 19:13:37,Australia/Melbourne
2019-03-09 06:13:44+11:00,22424,-37.93516304343939,144.99612729996446,6.33053,4.0,2520,33.8544,33854.4,141.0,87.0,,13,2019-03-08 19:13:44,Australia/Melbourne
2019-03-09 06:13:45+11:00,22425,-37.9352317750454,144.99619008041918,6.33995,4.399999999999976,2522,34.0488,34048.8,141.0,87.0,,13,2019-03-08 19:13:45,Australia/Melbourne
2019-03-09 06:13:46+11:00,22426,-37.93529983609915,144.99625177122655,6.34925,4.600000000000024,2523,33.71040000000001,33710.4,141.0,88.0,,13,2019-03-08 19:13:46,Australia/Melbourne
2019-03-09 06:13:53+11:00,22433,-37.935770815238364,144.99668058939278,6.4137,5.199999999999988,2526,33.217200000000005,33217.200000000004,142.0,85.0,,13,2019-03-08 19:13:53,Australia/Melbourne
2019-03-09 06:13:55+11:00,22435,-37.935901321470745,144.99679894186556,6.43153,4.800000000000012,2524,32.983200000000004,32983.200000000004,142.0,90.0,,13,2019-03-08 19:13:55,Australia/Melbourne
2019-03-09 06:14:02+11:00,22442,-37.93636970221996,144.99722952023149,6.495850000000001,5.0,2525,33.8796,33879.6,142.0,87.0,,13,2019-03-08 19:14:02,Australia/Melbourne
2019-03-09 06:14:03+11:00,22443,-37.93643793091178,144.99729288741946,6.50525,5.0,2525,33.9948,33994.8,143.0,87.0,,13,2019-03-08 19:14:03,Australia/Melbourne
2019-03-09 06:14:10+11:00,22450,-37.936921985819936,144.9977211188525,6.570860000000001,5.0,2525,33.537600000000005,33537.6,145.0,86.0,,13,2019-03-08 19:14:10,Australia/Melbourne
2019-03-09 06:14:13+11:00,22453,-37.937129186466336,144.99789655208588,6.59855,5.0,2525,33.678000000000004,33678.0,146.0,86.0,,13,2019-03-08 19:14:13,Australia/Melbourne
2019-03-09 06:14:20+11:00,22460,-37.937601506710045,144.9983472470194,6.664280000000001,4.800000000000012,2524,33.804,33804.0,148.0,88.0,,13,2019-03-08 19:14:20,Australia/Melbourne
2019-03-09 06:14:21+11:00,22461,-37.93767082504928,144.99841086566445,6.6737899999999994,4.600000000000024,2523,33.872400000000006,33872.4,148.0,87.0,,13,2019-03-08 19:14:21,Australia/Melbourne
2019-03-09 06:14:26+11:00,22466,-37.938013141974814,144.9987087585032,6.7199800000000005,6.0,2530,33.0084,33008.4,148.0,84.0,,13,2019-03-08 19:14:26,Australia/Melbourne
2019-03-09 06:14:28+11:00,22468,-37.93815739452839,144.9988057371229,6.738119999999999,6.399999999999977,2532,32.504400000000004,32504.4,148.0,83.0,,13,2019-03-08 19:14:28,Australia/Melbourne
2019-03-09 06:14:31+11:00,22471,-37.93837431818247,144.9989432003349,6.765060000000001,7.0,2535,32.2632,32263.2,148.0,82.0,,13,2019-03-08 19:14:31,Australia/Melbourne
2019-03-09 06:14:36+11:00,22476,-37.93873155489564,144.99915048480034,6.80869,7.399999999999977,2537,31.5468,31546.8,151.0,85.0,,13,2019-03-08 19:14:36,Australia/Melbourne
2019-03-09 06:14:37+11:00,22477,-37.93880196288228,144.9991900473833,6.81725,7.600000000000023,2538,31.230000000000004,31230.0,151.0,81.0,,13,2019-03-08 19:14:37,Australia/Melbourne
2019-03-09 06:14:41+11:00,22481,-37.93908141553403,144.99934569932518,6.85115,8.199999999999989,2541,30.8664,30866.4,151.0,79.0,,13,2019-03-08 19:14:41,Australia/Melbourne
2019-03-09 06:14:46+11:00,22486,-37.93942398391664,144.99953856691718,6.89278,9.0,2545,28.7604,28760.4,152.0,77.0,,13,2019-03-08 19:14:46,Australia/Melbourne
2019-03-09 06:14:48+11:00,22488,-37.9395573399961,144.9996119085699,6.908930000000002,9.199999999999989,2546,29.325600000000005,29325.6,153.0,76.0,,13,2019-03-08 19:14:48,Australia/Melbourne
2019-03-09 06:14:53+11:00,22493,-37.939886162057526,144.99979329295456,6.948760000000001,10.199999999999989,2551,28.5912,28591.2,155.0,74.0,,12,2019-03-08 19:14:53,Australia/Melbourne
2019-03-09 06:14:55+11:00,22495,-37.940024631097906,144.99984148889783,6.9647299999999985,10.600000000000025,2553,29.1168,29116.8,156.0,75.0,,12,2019-03-08 19:14:55,Australia/Melbourne
2019-03-09 06:14:57+11:00,22497,-37.94016435742378,144.9998699873686,6.98044,11.199999999999989,2556,28.6956,28695.6,156.0,76.0,,12,2019-03-08 19:14:57,Australia/Melbourne
2019-03-09 06:15:01+11:00,22501,-37.940435595810406,144.99992597848174,7.01094,11.800000000000011,2559,27.3564,27356.4,157.0,71.0,,12,2019-03-08 19:15:01,Australia/Melbourne
2019-03-09 06:15:05+11:00,22505,-37.94070842675865,144.99998431652784,7.04166,12.0,2560,28.5624,28562.4,156.0,72.0,,12,2019-03-08 19:15:05,Australia/Melbourne
2019-03-09 06:15:11+11:00,22511,-37.94114001095296,145.0000765174627,7.090260000000001,12.200000000000045,2561,30.311999999999998,30312.0,156.0,77.0,,12,2019-03-08 19:15:11,Australia/Melbourne
2019-03-09 06:15:13+11:00,22513,-37.94128401204944,145.0001053512096,7.106439999999999,12.799999999999955,2564,29.8908,29890.8,157.0,78.0,,12,2019-03-08 19:15:13,Australia/Melbourne
2019-03-09 06:15:18+11:00,22518,-37.94165650382639,145.00018732622266,7.14843,13.799999999999955,2569,30.5352,30535.2,158.0,80.0,,12,2019-03-08 19:15:18,Australia/Melbourne
2019-03-09 06:15:19+11:00,22519,-37.941731186583645,145.00021213665605,7.157,14.0,2570,31.0896,31089.6,158.0,80.0,,12,2019-03-08 19:15:19,Australia/Melbourne
2019-03-09 06:15:24+11:00,22524,-37.94209043495357,145.00038689933714,7.19977,13.399999999999974,2567,32.4972,32497.2,158.0,82.0,,12,2019-03-08 19:15:24,Australia/Melbourne
2019-03-09 06:15:29+11:00,22529,-37.942462842911475,145.0005959440023,7.2450100000000015,12.799999999999955,2564,32.223600000000005,32223.6,156.0,83.0,,12,2019-03-08 19:15:29,Australia/Melbourne
2019-03-09 06:15:33+11:00,22533,-37.94275755062699,145.0007608998567,7.28079,12.399999999999974,2562,30.6216,30621.6,154.0,0.0,,12,2019-03-08 19:15:33,Australia/Melbourne
2019-03-09 06:15:36+11:00,22536,-37.9429573751986,145.000864835456,7.30478,12.0,2560,27.5148,27514.8,150.0,0.0,,12,2019-03-08 19:15:36,Australia/Melbourne
2019-03-09 06:15:40+11:00,22540,-37.94319055974484,145.0009966827929,7.333130000000001,13.0,2565,23.8968,23896.8,147.0,0.0,,12,2019-03-08 19:15:40,Australia/Melbourne
2019-03-09 06:15:46+11:00,22546,-37.94355475343764,145.00119550153613,7.37718,13.0,2565,29.8296,29829.6,148.0,78.0,,12,2019-03-08 19:15:46,Australia/Melbourne
2019-03-09 06:15:48+11:00,22548,-37.94369699433446,145.00126716680825,7.3942,13.200000000000045,2566,30.9024,30902.4,149.0,80.0,,12,2019-03-08 19:15:48,Australia/Melbourne
2019-03-09 06:15:50+11:00,22550,-37.94385029934347,145.00131586566567,7.411739999999999,13.600000000000026,2568,31.7592,31759.2,149.0,84.0,,12,2019-03-08 19:15:50,Australia/Melbourne
2019-03-09 06:15:55+11:00,22555,-37.944248439744115,145.00133614987138,7.45613,13.399999999999974,2567,32.06160000000001,32061.6,150.0,81.0,,12,2019-03-08 19:15:55,Australia/Melbourne
2019-03-09 06:16:01+11:00,22561,-37.94474867172539,145.0012464635074,7.512230000000001,13.600000000000026,2568,33.8076,33807.6,151.0,89.0,,12,2019-03-08 19:16:01,Australia/Melbourne
2019-03-09 06:16:08+11:00,22568,-37.94533900916576,145.00112744048238,7.5785800000000005,13.799999999999955,2569,33.75,33750.0,152.0,90.0,,12,2019-03-08 19:16:08,Australia/Melbourne
2019-03-09 06:16:09+11:00,22569,-37.94542458839715,145.0011114310473,7.588189999999999,13.799999999999955,2569,34.1316,34131.6,151.0,90.0,,12,2019-03-08 19:16:09,Australia/Melbourne
2019-03-09 06:16:11+11:00,22571,-37.94559574685991,145.00108142383397,7.607369999999999,14.0,2570,33.966,33966.0,151.0,89.0,,12,2019-03-08 19:16:11,Australia/Melbourne
2019-03-09 06:16:18+11:00,22578,-37.94616957195103,145.00097271054986,7.67178,14.200000000000045,2571,33.43320000000001,33433.200000000004,150.0,88.0,,12,2019-03-08 19:16:18,Australia/Melbourne
2019-03-09 06:16:19+11:00,22579,-37.946254312992096,145.0009571202099,7.68128,14.399999999999974,2572,33.7284,33728.4,151.0,87.0,,12,2019-03-08 19:16:19,Australia/Melbourne
2019-03-09 06:16:21+11:00,22581,-37.94642228633165,145.00092468224466,7.700139999999999,15.200000000000045,2576,33.7464,33746.4,151.0,91.0,,12,2019-03-08 19:16:21,Australia/Melbourne
2019-03-09 06:16:28+11:00,22588,-37.947009019553654,145.00081077218056,7.766030000000001,15.200000000000045,2576,34.4916,34491.6,152.0,91.0,,12,2019-03-08 19:16:28,Australia/Melbourne
2019-03-09 06:16:35+11:00,22595,-37.947607319802046,145.0006916653365,7.833260000000001,14.600000000000026,2573,35.46360000000001,35463.6,151.0,93.0,,12,2019-03-08 19:16:35,Australia/Melbourne
2019-03-09 06:16:36+11:00,22596,-37.947693737223744,145.00067456625402,7.842980000000001,14.0,2570,34.8948,34894.8,151.0,91.0,,12,2019-03-08 19:16:36,Australia/Melbourne
2019-03-09 06:16:43+11:00,22603,-37.94830838218331,145.00058144330978,7.9117,14.799999999999955,2574,35.586,35586.0,149.0,91.0,,12,2019-03-08 19:16:43,Australia/Melbourne
2019-03-09 06:16:48+11:00,22608,-37.948761759325855,145.00063609331846,7.962510000000001,14.0,2570,36.3564,36356.4,147.0,98.0,,12,2019-03-08 19:16:48,Australia/Melbourne
2019-03-09 06:16:49+11:00,22609,-37.94884851202369,145.00067632645369,7.9727700000000015,13.600000000000026,2568,36.75600000000001,36756.0,147.0,96.0,,12,2019-03-08 19:16:49,Australia/Melbourne
2019-03-09 06:16:52+11:00,22612,-37.94909209012985,145.00085351988673,8.00402,13.200000000000045,2566,36.9144,36914.4,146.0,97.0,,12,2019-03-08 19:16:52,Australia/Melbourne
2019-03-09 06:16:54+11:00,22614,-37.949242796748884,145.00099073164162,8.02465,13.0,2565,37.1988,37198.8,147.0,95.0,,12,2019-03-08 19:16:54,Australia/Melbourne
2019-03-09 06:17:00+11:00,22620,-37.94968611560762,145.001440839842,8.08779,12.399999999999974,2562,38.3472,38347.2,145.0,96.0,,12,2019-03-08 19:17:00,Australia/Melbourne
2019-03-09 06:17:02+11:00,22622,-37.94983631931245,145.0015958212316,8.10932,12.0,2560,39.0024,39002.4,144.0,103.0,,12,2019-03-08 19:17:02,Australia/Melbourne
2019-03-09 06:17:08+11:00,22628,-37.950293887406595,145.00205473043025,8.17418,11.199999999999989,2556,38.0988,38098.8,143.0,60.0,,12,2019-03-08 19:17:08,Australia/Melbourne
2019-03-09 06:17:09+11:00,22629,-37.950367396697395,145.0021283235401,8.18459,11.0,2555,37.2924,37292.4,142.0,60.0,,12,2019-03-08 19:17:09,Australia/Melbourne
2019-03-09 06:17:11+11:00,22631,-37.950508799403906,145.0022745039314,8.204880000000001,11.0,2555,36.234,36234.0,139.0,0.0,,12,2019-03-08 19:17:11,Australia/Melbourne
2019-03-09 06:17:12+11:00,22632,-37.950577531009905,145.00234994105998,8.214979999999999,10.800000000000011,2554,36.0,36000.0,137.0,0.0,,12,2019-03-08 19:17:12,Australia/Melbourne
2019-03-09 06:17:18+11:00,22638,-37.9509942792356,145.00277490355077,8.27444,11.0,2555,34.8696,34869.6,139.0,91.0,,12,2019-03-08 19:17:18,Australia/Melbourne
2019-03-09 06:17:25+11:00,22645,-37.95146123506129,145.00324965454638,8.34098,11.399999999999974,2557,34.1424,34142.4,138.0,89.0,,12,2019-03-08 19:17:25,Australia/Melbourne
2019-03-09 06:17:27+11:00,22647,-37.95159492641688,145.00338879413903,8.360209999999999,11.399999999999974,2557,34.0812,34081.200000000004,139.0,89.0,,12,2019-03-08 19:17:27,Australia/Melbourne
2019-03-09 06:17:34+11:00,22654,-37.952074706554406,145.0038302689791,8.426129999999999,11.600000000000026,2558,34.9848,34984.8,140.0,91.0,,12,2019-03-08 19:17:34,Australia/Melbourne
2019-03-09 06:17:41+11:00,22661,-37.95256613753736,145.00428557395938,8.49377,11.600000000000026,2558,35.154,35154.0,141.0,93.0,,12,2019-03-08 19:17:41,Australia/Melbourne
2019-03-09 06:17:43+11:00,22663,-37.95270980335772,145.00440970994532,8.5131,12.0,2560,34.578,34578.0,141.0,89.0,,12,2019-03-08 19:17:43,Australia/Melbourne
2019-03-09 06:17:45+11:00,22665,-37.95285204425454,145.0045346003026,8.53234,12.200000000000045,2561,34.4844,34484.4,139.0,88.0,,12,2019-03-08 19:17:45,Australia/Melbourne
2019-03-09 06:17:50+11:00,22670,-37.95319402590393,145.0048424676061,8.578959999999999,12.200000000000045,2561,33.652800000000006,33652.8,142.0,87.0,,12,2019-03-08 19:17:50,Australia/Melbourne
2019-03-09 06:17:53+11:00,22673,-37.953399885445826,145.00502494163808,8.606869999999999,12.600000000000026,2563,34.3512,34351.200000000004,142.0,89.0,,12,2019-03-08 19:17:53,Australia/Melbourne
2019-03-09 06:18:00+11:00,22680,-37.953884107992046,145.00544345006347,8.672,13.0,2565,33.43320000000001,33433.200000000004,142.0,88.0,,12,2019-03-08 19:18:00,Australia/Melbourne
2019-03-09 06:18:01+11:00,22681,-37.953949822112925,145.0055045541376,8.681049999999999,13.200000000000045,2566,33.3504,33350.4,143.0,85.0,,12,2019-03-08 19:18:01,Australia/Melbourne
2019-03-09 06:18:08+11:00,22688,-37.95441744849086,145.00592608004808,8.74484,13.399999999999974,2567,32.99760000000001,32997.6,145.0,88.0,,12,2019-03-08 19:18:08,Australia/Melbourne
2019-03-09 06:18:10+11:00,22690,-37.95455340296029,145.00604384578762,8.76314,13.600000000000026,2568,32.9184,32918.4,146.0,87.0,,12,2019-03-08 19:18:10,Australia/Melbourne
2019-03-09 06:18:15+11:00,22695,-37.954882560297854,145.00633914023638,8.80795,14.600000000000026,2573,31.9248,31924.8,149.0,84.0,,12,2019-03-08 19:18:15,Australia/Melbourne
2019-03-09 06:18:19+11:00,22699,-37.95513653196394,145.00656402669847,8.842379999999997,15.200000000000045,2576,30.4884,30488.4,150.0,80.0,,12,2019-03-08 19:18:19,Australia/Melbourne
2019-03-09 06:18:22+11:00,22702,-37.95532571151853,145.00672814436257,8.86785,15.799999999999955,2579,30.438,30438.0,151.0,78.0,,12,2019-03-08 19:18:22,Australia/Melbourne
2019-03-09 06:18:27+11:00,22707,-37.95563466846943,145.0070083513856,8.91007,16.799999999999955,2584,30.6324,30632.4,153.0,79.0,,12,2019-03-08 19:18:27,Australia/Melbourne
2019-03-09 06:18:30+11:00,22710,-37.95582745224237,145.0071777496487,8.936129999999997,17.200000000000045,2586,30.8304,30830.4,154.0,81.0,,12,2019-03-08 19:18:30,Australia/Melbourne
2019-03-09 06:18:37+11:00,22717,-37.95626951381564,145.00757865607736,8.996559999999997,17.0,2585,31.4208,31420.8,156.0,81.0,,12,2019-03-08 19:18:37,Australia/Melbourne
2019-03-09 06:18:40+11:00,22720,-37.956465482711785,145.00774738378826,9.02289,16.399999999999974,2582,31.6368,31636.8,154.0,81.0,,12,2019-03-08 19:18:40,Australia/Melbourne
2019-03-09 06:18:43+11:00,22723,-37.9566637147218,145.00791711732745,9.04947,17.79999999999995,2589,32.2128,32212.8,155.0,82.0,,12,2019-03-08 19:18:43,Australia/Melbourne
2019-03-09 06:18:49+11:00,22729,-37.95705028809607,145.0082709174603,9.10246,17.79999999999995,2589,31.1076,31107.6,155.0,84.0,,12,2019-03-08 19:18:49,Australia/Melbourne
2019-03-09 06:18:56+11:00,22736,-37.9574885778129,145.00865313224492,9.16158,19.20000000000005,2596,30.51,30510.0,155.0,79.0,,12,2019-03-08 19:18:56,Australia/Melbourne
2019-03-09 06:18:58+11:00,22738,-37.9576119594276,145.00876343809068,9.17835,19.600000000000023,2598,30.1248,30124.8,155.0,78.0,,12,2019-03-08 19:18:58,Australia/Melbourne
2019-03-09 06:19:01+11:00,22741,-37.957795690745115,145.00893032178283,9.20347,20.20000000000005,2601,30.06,30060.0,157.0,78.0,,12,2019-03-08 19:19:01,Australia/Melbourne
2019-03-09 06:19:09+11:00,22749,-37.95829818584025,145.00937707722187,9.27169,20.79999999999995,2604,31.8924,31892.4,157.0,83.0,,12,2019-03-08 19:19:09,Australia/Melbourne
2019-03-09 06:19:10+11:00,22750,-37.95836406759918,145.0094349961728,9.2806,21.0,2605,31.9428,31942.8,157.0,84.0,,12,2019-03-08 19:19:10,Australia/Melbourne
2019-03-09 06:19:17+11:00,22757,-37.958819707855575,145.0098363216966,9.342260000000001,20.79999999999995,2604,31.4856,31485.6,155.0,82.0,,12,2019-03-08 19:19:17,Australia/Melbourne
2019-03-09 06:19:20+11:00,22760,-37.95901550911368,145.01000655815002,9.36864,20.79999999999995,2604,31.888800000000003,31888.8,154.0,82.0,,12,2019-03-08 19:19:20,Australia/Melbourne
2019-03-09 06:19:27+11:00,22767,-37.959475256502635,145.01041559502482,9.43106,21.0,2605,32.3208,32320.8,152.0,83.0,,12,2019-03-08 19:19:27,Australia/Melbourne
2019-03-09 06:19:30+11:00,22770,-37.959673572331674,145.01058926805854,9.45784,20.79999999999995,2604,32.3424,32342.4,150.0,84.0,,12,2019-03-08 19:19:30,Australia/Melbourne
2019-03-09 06:19:34+11:00,22774,-37.959949169307954,145.0108100473881,9.49411,20.0,2600,32.7744,32774.4,150.0,84.0,,12,2019-03-08 19:19:34,Australia/Melbourne
2019-03-09 06:19:36+11:00,22776,-37.960103480145335,145.01088556833562,9.51249,21.20000000000005,2606,32.940000000000005,32940.0,150.0,85.0,,12,2019-03-08 19:19:36,Australia/Melbourne
2019-03-09 06:19:37+11:00,22777,-37.96018210239709,145.01091406680644,9.52157,21.399999999999977,2607,32.6196,32619.6,150.0,85.0,,12,2019-03-08 19:19:37,Australia/Melbourne
2019-03-09 06:19:43+11:00,22783,-37.960654506459825,145.01109084114432,9.57625,21.399999999999977,2607,32.76,32760.0,149.0,85.0,,12,2019-03-08 19:19:43,Australia/Melbourne
2019-03-09 06:19:50+11:00,22790,-37.9611983243376,145.0112938508391,9.6392,21.600000000000023,2608,31.9428,31942.8,148.0,83.0,,12,2019-03-08 19:19:50,Australia/Melbourne
2019-03-09 06:19:55+11:00,22795,-37.96156721189618,145.0114337448031,9.681959999999998,22.600000000000023,2613,29.7684,29768.4,148.0,78.0,,12,2019-03-08 19:19:55,Australia/Melbourne
2019-03-09 06:19:58+11:00,22798,-37.961781034246094,145.011515468359,9.70676,23.20000000000005,2616,29.3976,29397.6,147.0,76.0,,12,2019-03-08 19:19:58,Australia/Melbourne
2019-03-09 06:20:01+11:00,22801,-37.96198714524508,145.0115924980491,9.73061,23.79999999999995,2619,28.7856,28785.6,148.0,75.0,,12,2019-03-08 19:20:01,Australia/Melbourne
2019-03-09 06:20:04+11:00,22804,-37.96219157986343,145.01167044974864,9.75431,24.399999999999977,2622,28.047600000000006,28047.6,151.0,74.0,,12,2019-03-08 19:20:04,Australia/Melbourne
2019-03-09 06:20:06+11:00,22806,-37.9623262770474,145.01171403564513,9.76975,25.0,2625,27.954,27954.0,151.0,74.0,,12,2019-03-08 19:20:06,Australia/Melbourne
2019-03-09 06:20:07+11:00,22807,-37.962394086644046,145.01174236647785,9.77768,25.600000000000023,2628,28.335600000000003,28335.6,151.0,74.0,,12,2019-03-08 19:20:07,Australia/Melbourne
2019-03-09 06:20:12+11:00,22812,-37.96272894367576,145.01187329180541,9.8166,26.20000000000005,2631,27.7272,27727.2,153.0,72.0,,12,2019-03-08 19:20:12,Australia/Melbourne
2019-03-09 06:20:15+11:00,22815,-37.96293362975121,145.011948896572,9.84027,26.79999999999995,2634,28.5732,28573.2,153.0,74.0,,12,2019-03-08 19:20:15,Australia/Melbourne
2019-03-09 06:20:22+11:00,22822,-37.96344107016921,145.012133801356,9.89889,26.20000000000005,2631,32.086800000000004,32086.8,152.0,83.0,,12,2019-03-08 19:20:22,Australia/Melbourne
2019-03-09 06:20:27+11:00,22827,-37.963841976597905,145.0122605357319,9.94485,25.600000000000023,2628,33.3144,33314.4,153.0,87.0,,12,2019-03-08 19:20:27,Australia/Melbourne
2019-03-09 06:20:28+11:00,22828,-37.96392780728638,145.0122702587396,9.954410000000001,25.399999999999977,2627,34.0848,34084.8,153.0,87.0,,12,2019-03-08 19:20:28,Australia/Melbourne
2019-03-09 06:20:29+11:00,22829,-37.964015817269676,145.0122774671763,9.9642,25.20000000000005,2626,34.955999999999996,34956.0,153.0,88.0,,12,2019-03-08 19:20:29,Australia/Melbourne
2019-03-09 06:20:33+11:00,22833,-37.96434589661658,145.012281909585,10.00085,24.399999999999977,2622,33.0444,33044.4,150.0,23.0,,12,2019-03-08 19:20:33,Australia/Melbourne
2019-03-09 06:20:34+11:00,22834,-37.964430889114745,145.01228358596563,10.01028,24.20000000000005,2621,34.0812,34081.200000000004,150.0,86.0,,12,2019-03-08 19:20:34,Australia/Melbourne
2019-03-09 06:20:35+11:00,22835,-37.964514121413224,145.01228802837431,10.01953,24.0,2620,33.5304,33530.4,150.0,87.0,,12,2019-03-08 19:20:35,Australia/Melbourne
2019-03-09 06:20:42+11:00,22842,-37.96511527150869,145.0122913811356,10.08625,24.600000000000023,2623,35.013600000000004,35013.6,150.0,90.0,,12,2019-03-08 19:20:42,Australia/Melbourne
2019-03-09 06:20:48+11:00,22848,-37.965638469904654,145.01230512745678,10.14435,23.399999999999977,2617,35.3412,35341.200000000004,150.0,90.0,,12,2019-03-08 19:20:48,Australia/Melbourne
2019-03-09 06:20:50+11:00,22850,-37.965815663337715,145.01230705529449,10.164019999999999,23.0,2615,35.4132,35413.200000000004,148.0,92.0,,12,2019-03-08 19:20:50,Australia/Melbourne
2019-03-09 06:20:56+11:00,22856,-37.96635394915938,145.01231535337863,10.22378,23.20000000000005,2616,36.5652,36565.2,147.0,94.0,,12,2019-03-08 19:20:56,Australia/Melbourne
2019-03-09 06:21:02+11:00,22862,-37.96689952723682,145.01232096925378,10.28434,22.0,2610,37.2672,37267.2,145.0,94.0,,12,2019-03-08 19:21:02,Australia/Melbourne
2019-03-09 06:21:03+11:00,22863,-37.96699524857104,145.0123228970915,10.29497,21.600000000000023,2608,38.23560000000001,38235.6,145.0,98.0,,12,2019-03-08 19:21:03,Australia/Melbourne
2019-03-09 06:21:06+11:00,22866,-37.96729498542845,145.01233102753758,10.32825,20.600000000000023,2603,39.98880000000001,39988.8,143.0,83.0,,12,2019-03-08 19:21:06,Australia/Melbourne
2019-03-09 06:21:08+11:00,22868,-37.96749900095165,145.012332117185,10.3509,19.20000000000005,2596,41.2488,41248.8,141.0,106.0,,12,2019-03-08 19:21:08,Australia/Melbourne
2019-03-09 06:21:09+11:00,22869,-37.96760394237936,145.01232641749084,10.36255,18.399999999999977,2592,41.9616,41961.6,140.0,78.0,,12,2019-03-08 19:21:09,Australia/Melbourne
2019-03-09 06:21:10+11:00,22870,-37.967706704512246,145.0123126711696,10.37402,17.79999999999995,2589,40.5324,40532.4,139.0,78.0,,12,2019-03-08 19:21:10,Australia/Melbourne
2019-03-09 06:21:14+11:00,22874,-37.968132589012384,145.01222709193826,10.42189,16.799999999999955,2584,43.2468,43246.8,139.0,111.0,,12,2019-03-08 19:21:14,Australia/Melbourne
2019-03-09 06:21:19+11:00,22879,-37.968666683882475,145.0121193844825,10.48192,16.399999999999974,2582,42.3576,42357.6,136.0,64.0,,12,2019-03-08 19:21:19,Australia/Melbourne
2019-03-09 06:21:21+11:00,22881,-37.968864999711506,145.0120797380805,10.50421,16.600000000000026,2583,39.4632,39463.2,134.0,0.0,,12,2019-03-08 19:21:21,Australia/Melbourne
2019-03-09 06:21:25+11:00,22885,-37.96923715621233,145.0120125990361,10.54594,17.399999999999974,2587,36.5292,36529.2,131.0,86.0,,12,2019-03-08 19:21:25,Australia/Melbourne
2019-03-09 06:21:26+11:00,22886,-37.96932491473853,145.01199088990688,10.55586,17.79999999999995,2589,36.2916,36291.6,131.0,83.0,,12,2019-03-08 19:21:26,Australia/Melbourne
2019-03-09 06:21:28+11:00,22888,-37.96950051560997,145.01195090822873,10.57567,18.20000000000005,2591,35.63639999999999,35636.4,132.0,83.0,,12,2019-03-08 19:21:28,Australia/Melbourne
2019-03-09 06:21:32+11:00,22892,-37.96987920999528,145.0118830986321,10.61813,16.399999999999974,2582,38.7396,38739.6,130.0,91.0,,12,2019-03-08 19:21:32,Australia/Melbourne
2019-03-09 06:21:34+11:00,22894,-37.97007978893817,145.0118830986321,10.640410000000001,15.200000000000045,2576,39.9348,39934.8,127.0,74.0,,12,2019-03-08 19:21:34,Australia/Melbourne
2019-03-09 06:21:36+11:00,22896,-37.970283553004265,145.0119242537767,10.66336,14.399999999999974,2572,41.0904,41090.4,127.0,0.0,,12,2019-03-08 19:21:36,Australia/Melbourne
2019-03-09 06:21:37+11:00,22897,-37.97038069926202,145.01196867786345,10.67482,14.399999999999974,2572,40.8348,40834.8,126.0,0.0,,12,2019-03-08 19:21:37,Australia/Melbourne
2019-03-09 06:21:39+11:00,22899,-37.970564598217614,145.0120887905359,10.6978,13.799999999999955,2569,41.1912,41191.2,125.0,0.0,,12,2019-03-08 19:21:39,Australia/Melbourne
2019-03-09 06:21:40+11:00,22900,-37.970655709505074,145.01215366646647,10.70941,13.600000000000026,2568,41.273999999999994,41274.0,124.0,94.0,,12,2019-03-08 19:21:40,Australia/Melbourne
2019-03-09 06:21:41+11:00,22901,-37.97074355185032,145.01222365535799,10.720939999999999,13.399999999999974,2567,41.2308,41230.8,124.0,95.0,,12,2019-03-08 19:21:41,Australia/Melbourne
2019-03-09 06:21:45+11:00,22905,-37.97108955681324,145.01251677051187,10.76718,12.600000000000026,2563,40.2336,40233.6,124.0,77.0,,12,2019-03-08 19:21:45,Australia/Melbourne
2019-03-09 06:21:49+11:00,22909,-37.97141921706498,145.0127842370421,10.81067,12.0,2560,38.9124,38912.4,123.0,89.0,,12,2019-03-08 19:21:49,Australia/Melbourne
2019-03-09 06:21:52+11:00,22912,-37.9716666508466,145.0129794515669,10.84305,12.399999999999974,2562,38.3868,38386.8,126.0,92.0,,12,2019-03-08 19:21:52,Australia/Melbourne
2019-03-09 06:21:55+11:00,22915,-37.97190469689667,145.01317349262538,10.8745,12.200000000000045,2561,37.058400000000006,37058.4,129.0,87.0,,12,2019-03-08 19:21:55,Australia/Melbourne
2019-03-09 06:21:57+11:00,22917,-37.9720572475344,145.0133031606674,10.8949,12.600000000000026,2563,37.0476,37047.6,131.0,85.0,,12,2019-03-08 19:21:57,Australia/Melbourne
2019-03-09 06:22:01+11:00,22921,-37.972363941371434,145.01355461776257,10.93549,12.399999999999974,2562,37.5588,37558.8,134.0,85.0,,12,2019-03-08 19:22:01,Australia/Melbourne
2019-03-09 06:22:05+11:00,22925,-37.972682034596794,145.0138116069138,10.9774,12.200000000000045,2561,38.0232,38023.2,135.0,86.0,,12,2019-03-08 19:22:05,Australia/Melbourne
2019-03-09 06:22:08+11:00,22928,-37.972921505570405,145.0140098389238,11.00918,11.199999999999989,2556,38.3436,38343.6,133.0,88.0,,12,2019-03-08 19:22:08,Australia/Melbourne
2019-03-09 06:22:11+11:00,22931,-37.97315963543952,145.01420463435352,11.04068,11.0,2555,38.2284,38228.4,130.0,75.0,,12,2019-03-08 19:22:11,Australia/Melbourne
2019-03-09 06:22:13+11:00,22933,-37.973319897428155,145.0143332965672,11.06175,10.600000000000025,2553,38.2392,38239.2,130.0,88.0,,12,2019-03-08 19:22:13,Australia/Melbourne
2019-03-09 06:22:18+11:00,22938,-37.97372683882713,145.01465884968638,11.11522,10.199999999999989,2551,38.1492,38149.2,132.0,87.0,,12,2019-03-08 19:22:18,Australia/Melbourne
2019-03-09 06:22:22+11:00,22942,-37.974038394168026,145.0149104744196,11.156260000000001,9.600000000000025,2548,37.137600000000006,37137.6,131.0,86.0,,12,2019-03-08 19:22:22,Australia/Melbourne
2019-03-09 06:22:28+11:00,22948,-37.97449923120439,145.0152866542339,11.21716,9.800000000000011,2549,36.56160000000001,36561.6,131.0,84.0,,12,2019-03-08 19:22:28,Australia/Melbourne
2019-03-09 06:22:31+11:00,22951,-37.97472738660872,145.01546678133312,11.24703,9.600000000000025,2548,36.2556,36255.6,132.0,83.0,,12,2019-03-08 19:22:31,Australia/Melbourne
2019-03-09 06:22:38+11:00,22958,-37.975237425416715,145.01587078906599,11.31389,10.199999999999989,2551,32.9076,32907.6,130.0,75.0,,12,2019-03-08 19:22:38,Australia/Melbourne
2019-03-09 06:22:40+11:00,22960,-37.97536751255393,145.01600096002218,11.33232,10.399999999999975,2552,33.5592,33559.200000000004,130.0,77.0,,12,2019-03-08 19:22:40,Australia/Melbourne
2019-03-09 06:22:42+11:00,22962,-37.975506568327546,145.01611528918147,11.350790000000002,10.199999999999989,2551,33.7212,33721.200000000004,131.0,78.0,,12,2019-03-08 19:22:42,Australia/Melbourne
2019-03-09 06:22:45+11:00,22965,-37.97575299628079,145.01621536910534,11.37953,9.399999999999975,2547,34.7904,34790.4,134.0,78.0,,12,2019-03-08 19:22:45,Australia/Melbourne
2019-03-09 06:22:46+11:00,22966,-37.975839413702495,145.01624529249966,11.38947,9.399999999999975,2547,35.8128,35812.8,134.0,82.0,,12,2019-03-08 19:22:46,Australia/Melbourne
2019-03-09 06:22:52+11:00,22972,-37.97638415358961,145.01638812012968,11.451239999999999,9.199999999999989,2546,36.8208,36820.8,135.0,70.0,,12,2019-03-08 19:22:52,Australia/Melbourne
2019-03-09 06:22:53+11:00,22973,-37.976473923772566,145.01641016453502,11.46139,9.0,2545,36.2952,36295.2,135.0,70.0,,12,2019-03-08 19:22:53,Australia/Melbourne
2019-03-09 06:22:59+11:00,22979,-37.97700106166303,145.01660839654502,11.52259,9.0,2545,36.8928,36892.8,134.0,83.0,,12,2019-03-08 19:22:59,Australia/Melbourne
2019-03-09 06:23:00+11:00,22980,-37.977085551247,145.01665592193604,11.53285,8.600000000000023,2543,36.7164,36716.4,135.0,85.0,,12,2019-03-08 19:23:00,Australia/Melbourne
2019-03-09 06:23:02+11:00,22982,-37.97725318931043,145.0167385675013,11.55283,7.600000000000023,2538,36.4392,36439.2,136.0,83.0,,12,2019-03-08 19:23:02,Australia/Melbourne
2019-03-09 06:23:09+11:00,22989,-37.97784042544664,145.01702950336042,11.62284,8.399999999999977,2542,36.4464,36446.4,134.0,82.0,,12,2019-03-08 19:23:09,Australia/Melbourne
2019-03-09 06:23:10+11:00,22990,-37.97792533412576,145.01706940121952,11.6329,8.399999999999977,2542,36.18000000000001,36180.0,134.0,83.0,,12,2019-03-08 19:23:10,Australia/Melbourne
2019-03-09 06:23:15+11:00,22995,-37.978346189484,145.01726855523884,11.682789999999999,6.399999999999977,2532,36.72360000000001,36723.6,134.0,84.0,,12,2019-03-08 19:23:15,Australia/Melbourne
2019-03-09 06:23:17+11:00,22997,-37.978521538898356,145.01735036261383,11.70353,7.600000000000023,2538,37.764,37764.0,134.0,86.0,,12,2019-03-08 19:23:17,Australia/Melbourne
2019-03-09 06:23:18+11:00,22998,-37.97861088998616,145.01739218831062,11.71411,7.399999999999977,2537,38.034,38034.0,136.0,87.0,,12,2019-03-08 19:23:18,Australia/Melbourne
2019-03-09 06:23:23+11:00,23003,-37.979062758386135,145.01762193627658,11.76817,5.800000000000012,2529,39.2976,39297.6,134.0,90.0,,12,2019-03-08 19:23:23,Australia/Melbourne
2019-03-09 06:23:27+11:00,23007,-37.97941714525223,145.0177904963493,11.8102,5.0,2525,37.3284,37328.4,136.0,86.0,,12,2019-03-08 19:23:27,Australia/Melbourne
2019-03-09 06:23:30+11:00,23010,-37.97967296093702,145.01791630871594,11.84068,6.800000000000012,2534,35.514,35514.0,136.0,52.0,,12,2019-03-08 19:23:30,Australia/Melbourne
2019-03-09 06:23:35+11:00,23015,-37.980078980326645,145.01810582354662,11.88873,6.800000000000012,2534,34.9416,34941.6,136.0,80.0,,12,2019-03-08 19:23:35,Australia/Melbourne
2019-03-09 06:23:39+11:00,23019,-37.98040461726487,145.01825485378504,11.92717,7.0,2535,34.38,34380.0,139.0,79.0,,12,2019-03-08 19:23:39,Australia/Melbourne
2019-03-09 06:23:44+11:00,23024,-37.98080082982778,145.0184310413897,11.97379,7.0,2535,32.1876,32187.6,141.0,75.0,,12,2019-03-08 19:23:44,Australia/Melbourne
2019-03-09 06:23:47+11:00,23027,-37.981027392670505,145.01853430643678,12.00052,8.0,2540,33.1992,33199.200000000004,141.0,75.0,,12,2019-03-08 19:23:47,Australia/Melbourne
2019-03-09 06:23:51+11:00,23031,-37.981352023780346,145.01868811435997,12.03901,7.600000000000023,2538,34.8552,34855.200000000004,141.0,79.0,,12,2019-03-08 19:23:51,Australia/Melbourne
2019-03-09 06:23:53+11:00,23033,-37.98150767572224,145.01879883930087,12.058879999999998,7.600000000000023,2538,35.64,35640.0,141.0,80.0,,12,2019-03-08 19:23:53,Australia/Melbourne
2019-03-09 06:23:55+11:00,23035,-37.98163843341172,145.0189516413957,12.07869,7.199999999999988,2536,36.0036,36003.6,141.0,83.0,,12,2019-03-08 19:23:55,Australia/Melbourne
2019-03-09 06:23:56+11:00,23036,-37.981694340705864,145.0190440937877,12.08891,6.800000000000012,2534,37.062,37062.0,141.0,82.0,,12,2019-03-08 19:23:56,Australia/Melbourne
2019-03-09 06:23:59+11:00,23039,-37.98183021135628,145.01937123946846,12.12144,6.0,2530,39.5856,39585.6,140.0,89.0,,12,2019-03-08 19:23:59,Australia/Melbourne
2019-03-09 06:24:00+11:00,23040,-37.98186985775829,145.0194874126464,12.132539999999999,5.399999999999976,2527,39.816,39816.0,140.0,92.0,,12,2019-03-08 19:24:00,Australia/Melbourne
2019-03-09 06:24:02+11:00,23042,-37.98195711337029,145.01971179619431,12.1545,3.8000000000000114,2519,38.5596,38559.6,139.0,73.0,,12,2019-03-08 19:24:02,Australia/Melbourne
2019-03-09 06:24:06+11:00,23046,-37.98211318440735,145.02013390883803,12.19544,5.199999999999988,2526,35.7732,35773.200000000004,137.0,82.0,,12,2019-03-08 19:24:06,Australia/Melbourne
2019-03-09 06:24:13+11:00,23053,-37.982345446944244,145.02081711776557,12.26078,6.0,2530,32.2164,32216.4,137.0,73.0,,12,2019-03-08 19:24:13,Australia/Melbourne
2019-03-09 06:24:14+11:00,23054,-37.98237889073789,145.0209103245288,12.26977,6.399999999999977,2532,32.111999999999995,32112.0,137.0,74.0,,12,2019-03-08 19:24:14,Australia/Melbourne
2019-03-09 06:24:19+11:00,23059,-37.9825340397656,145.0213849917054,12.3149,7.399999999999977,2537,32.832,32832.0,140.0,85.0,,12,2019-03-08 19:24:19,Australia/Melbourne
2019-03-09 06:24:20+11:00,23060,-37.98256941139697,145.02147970721126,12.3241,7.600000000000023,2538,32.8176,32817.6,141.0,87.0,,12,2019-03-08 19:24:20,Australia/Melbourne
2019-03-09 06:24:24+11:00,23064,-37.98274459317327,145.0218273885548,12.36037,7.800000000000012,2539,32.058,32058.0,144.0,84.0,,12,2019-03-08 19:24:24,Australia/Melbourne
2019-03-09 06:24:25+11:00,23065,-37.982794884592295,145.0219053402543,12.36921,7.800000000000012,2539,31.748400000000004,31748.4,144.0,84.0,,12,2019-03-08 19:24:25,Australia/Melbourne
2019-03-09 06:24:30+11:00,23070,-37.983071655035026,145.02224908210337,12.41231,8.800000000000011,2544,31.0068,31006.8,145.0,81.0,,12,2019-03-08 19:24:30,Australia/Melbourne
2019-03-09 06:24:31+11:00,23071,-37.98312731087208,145.02231420949101,12.42073,9.199999999999989,2546,30.6108,30610.8,145.0,81.0,,12,2019-03-08 19:24:31,Australia/Melbourne
2019-03-09 06:24:32+11:00,23072,-37.98318313434721,145.022380258888,12.42923,9.800000000000011,2549,30.2328,30232.8,145.0,77.0,,12,2019-03-08 19:24:32,Australia/Melbourne
2019-03-09 06:24:36+11:00,23076,-37.98339997418225,145.02263691276312,12.46221,10.399999999999975,2552,29.2032,29203.2,148.0,77.0,,12,2019-03-08 19:24:36,Australia/Melbourne
2019-03-09 06:24:38+11:00,23078,-37.98350709490478,145.02275643870234,12.47807,11.0,2555,28.6776,28677.6,149.0,75.0,,12,2019-03-08 19:24:38,Australia/Melbourne
2019-03-09 06:24:40+11:00,23080,-37.983607426285744,145.02287194132802,12.49313,11.600000000000026,2558,27.5076,27507.6,151.0,73.0,,12,2019-03-08 19:24:40,Australia/Melbourne
2019-03-09 06:24:42+11:00,23082,-37.98370448872447,145.02298853360114,12.508,12.0,2560,26.6148,26614.8,151.0,71.0,,12,2019-03-08 19:24:42,Australia/Melbourne
2019-03-09 06:24:45+11:00,23085,-37.98384756781161,145.02316748723388,12.530339999999999,12.799999999999955,2564,26.2152,26215.2,154.0,69.0,,12,2019-03-08 19:24:45,Australia/Melbourne
2019-03-09 06:24:46+11:00,23086,-37.983895177021616,145.02322674728933,12.53776,13.200000000000045,2566,26.226000000000006,26226.0,154.0,67.0,,12,2019-03-08 19:24:46,Australia/Melbourne
2019-03-09 06:24:50+11:00,23090,-37.984073292464025,145.02346110530198,12.5663,14.399999999999974,2572,25.3116,25311.6,156.0,68.0,,12,2019-03-08 19:24:50,Australia/Melbourne
2019-03-09 06:24:55+11:00,23095,-37.98430605791509,145.02373888157308,12.60184,15.600000000000026,2578,25.9596,25959.6,157.0,68.0,,12,2019-03-08 19:24:55,Australia/Melbourne
2019-03-09 06:24:59+11:00,23099,-37.98450328409672,145.02397064119575,12.631739999999999,16.799999999999955,2584,26.7444,26744.4,158.0,70.0,,12,2019-03-08 19:24:59,Australia/Melbourne
2019-03-09 06:25:05+11:00,23105,-37.98481710255146,145.02435151487592,12.68005,15.600000000000026,2578,31.3344,31334.4,160.0,81.0,,12,2019-03-08 19:25:05,Australia/Melbourne
2019-03-09 06:25:06+11:00,23106,-37.9848769493401,145.0244213361293,12.68908,15.200000000000045,2576,32.3244,32324.4,160.0,82.0,,12,2019-03-08 19:25:06,Australia/Melbourne
2019-03-09 06:25:08+11:00,23108,-37.98499806784093,145.02457497641444,12.70813,14.600000000000026,2573,34.2648,34264.8,160.0,88.0,,12,2019-03-08 19:25:08,Australia/Melbourne
2019-03-09 06:25:12+11:00,23112,-37.985265618190176,145.02487018704412,12.747580000000001,14.200000000000045,2571,35.8596,35859.6,158.0,79.0,,12,2019-03-08 19:25:12,Australia/Melbourne
2019-03-09 06:25:15+11:00,23115,-37.985469298437245,145.02510169520974,12.77799,13.399999999999974,2567,36.5904,36590.4,157.0,73.0,,12,2019-03-08 19:25:15,Australia/Melbourne
2019-03-09 06:25:19+11:00,23119,-37.985733915120356,145.02539682202038,12.817169999999999,13.0,2565,34.4664,34466.4,155.0,0.0,,12,2019-03-08 19:25:19,Australia/Melbourne
2019-03-09 06:25:21+11:00,23121,-37.985863164067275,145.0255421642214,12.83637,12.200000000000045,2561,34.6968,34696.8,154.0,91.0,,12,2019-03-08 19:25:21,Australia/Melbourne
2019-03-09 06:25:27+11:00,23127,-37.986260801553726,145.0259787775576,12.89485,11.0,2555,35.7372,35737.200000000004,153.0,92.0,,12,2019-03-08 19:25:27,Australia/Melbourne
2019-03-09 06:25:30+11:00,23130,-37.9864740371704,145.02621531486508,12.92634,10.600000000000025,2553,38.15640000000001,38156.4,151.0,99.0,,12,2019-03-08 19:25:30,Australia/Melbourne
2019-03-09 06:25:32+11:00,23132,-37.98662256449461,145.0263754092157,12.94802,9.800000000000011,2549,39.2904,39290.4,150.0,89.0,,12,2019-03-08 19:25:32,Australia/Melbourne
2019-03-09 06:25:35+11:00,23135,-37.98684409819544,145.0266248546541,12.98095,8.800000000000011,2544,39.9024,39902.4,149.0,80.0,,12,2019-03-08 19:25:35,Australia/Melbourne
2019-03-09 06:25:38+11:00,23138,-37.9870691522956,145.0268715340644,13.01402,8.800000000000011,2544,39.4308,39430.8,147.0,91.0,,12,2019-03-08 19:25:38,Australia/Melbourne
2019-03-09 06:25:42+11:00,23142,-37.98736402764917,145.0271963328123,13.05745,8.399999999999977,2542,38.7108,38710.8,144.0,87.0,,12,2019-03-08 19:25:42,Australia/Melbourne
2019-03-09 06:25:47+11:00,23147,-37.98772587440908,145.0275816489011,13.10999,8.399999999999977,2542,37.08000000000001,37080.0,143.0,87.0,,12,2019-03-08 19:25:47,Australia/Melbourne
2019-03-09 06:25:48+11:00,23148,-37.98780399374664,145.02764208242297,13.12015,8.600000000000023,2543,36.5148,36514.8,143.0,83.0,,12,2019-03-08 19:25:48,Australia/Melbourne
2019-03-09 06:25:51+11:00,23151,-37.98805318772793,145.02778918482363,13.150689999999999,8.399999999999977,2542,36.8532,36853.2,143.0,83.0,,12,2019-03-08 19:25:51,Australia/Melbourne
2019-03-09 06:25:57+11:00,23157,-37.9885814152658,145.02802496775985,13.212879999999998,8.0,2540,38.6928,38692.8,144.0,88.0,,12,2019-03-08 19:25:57,Australia/Melbourne
2019-03-09 06:25:58+11:00,23158,-37.98867353238165,145.02806360833347,13.22365,7.800000000000012,2539,38.9628,38962.8,144.0,88.0,,12,2019-03-08 19:25:58,Australia/Melbourne
2019-03-09 06:26:03+11:00,23163,-37.98916353844106,145.02828162163496,13.28134,6.600000000000023,2533,42.66,42660.0,146.0,75.0,,12,2019-03-08 19:26:03,Australia/Melbourne
2019-03-09 06:26:04+11:00,23164,-37.98926336690784,145.02833677455783,13.293429999999999,5.800000000000012,2529,43.416,43416.0,146.0,75.0,,12,2019-03-08 19:26:04,Australia/Melbourne
2019-03-09 06:26:05+11:00,23165,-37.989363949745886,145.02840005792675,13.3059,5.600000000000024,2528,44.5896,44589.6,145.0,102.0,,12,2019-03-08 19:26:05,Australia/Melbourne
2019-03-09 06:26:07+11:00,23167,-37.989567713812,145.0285372696817,13.331529999999999,4.0,2520,46.6236,46623.6,144.0,108.0,,12,2019-03-08 19:26:07,Australia/Melbourne
2019-03-09 06:26:08+11:00,23168,-37.98967307433486,145.02861262299118,13.344970000000002,2.1999999999999886,2511,48.0852,48085.2,144.0,107.0,,12,2019-03-08 19:26:08,Australia/Melbourne
2019-03-09 06:26:09+11:00,23169,-37.989777680486434,145.028688730672,13.35836,1.6000000000000227,2508,48.4272,48427.2,143.0,109.0,,12,2019-03-08 19:26:09,Australia/Melbourne
2019-03-09 06:26:11+11:00,23171,-37.98997985199094,145.02885662019253,13.38522,1.0,2505,47.9664,47966.4,142.0,88.0,,12,2019-03-08 19:26:11,Australia/Melbourne
2019-03-09 06:26:14+11:00,23174,-37.990272967144854,145.02909500151873,13.423910000000001,0.19999999999998866,2501,44.7228,44722.8,139.0,0.0,,12,2019-03-08 19:26:14,Australia/Melbourne
2019-03-09 06:26:15+11:00,23175,-37.99036491662264,145.02916943281892,13.436029999999999,0.0,2500,44.46720000000001,44467.2,138.0,66.0,,12,2019-03-08 19:26:15,Australia/Melbourne
2019-03-09 06:26:21+11:00,23181,-37.990904124453664,145.0296126678586,13.50743,-0.3999999999999773,2498,42.07680000000001,42076.8,139.0,97.0,,12,2019-03-08 19:26:21,Australia/Melbourne
2019-03-09 06:26:22+11:00,23182,-37.990992050617926,145.0296852551401,13.51909,-0.6000000000000227,2497,42.0516,42051.6,139.0,97.0,,12,2019-03-08 19:26:22,Australia/Melbourne
2019-03-09 06:26:26+11:00,23186,-37.9913424141705,145.0299641210586,13.56505,-1.0,2495,40.9788,40978.8,139.0,94.0,,12,2019-03-08 19:26:26,Australia/Melbourne
2019-03-09 06:26:31+11:00,23191,-37.991762850433595,145.03030685707927,13.62059,-2.0,2490,38.9052,38905.2,140.0,89.0,,12,2019-03-08 19:26:31,Australia/Melbourne
2019-03-09 06:26:37+11:00,23197,-37.992253778502345,145.03070298582315,13.68525,-0.8000000000000114,2496,38.1996,38199.6,142.0,88.0,,12,2019-03-08 19:26:37,Australia/Melbourne
2019-03-09 06:26:40+11:00,23200,-37.99249224364758,145.03089820034805,13.71679,0.0,2500,38.0844,38084.4,143.0,88.0,,12,2019-03-08 19:26:40,Australia/Melbourne
2019-03-09 06:26:41+11:00,23201,-37.99257170408964,145.0309637468308,13.72732,0.19999999999998866,2501,37.8576,37857.6,144.0,87.0,,12,2019-03-08 19:26:41,Australia/Melbourne
2019-03-09 06:26:45+11:00,23205,-37.992863226681955,145.03126105293632,13.768989999999999,1.1999999999999886,2506,36.8748,36874.8,146.0,85.0,,12,2019-03-08 19:26:45,Australia/Melbourne
2019-03-09 06:26:46+11:00,23206,-37.992925252765424,145.03134470432997,13.779060000000001,1.8000000000000114,2509,36.1332,36133.2,147.0,83.0,,12,2019-03-08 19:26:46,Australia/Melbourne
2019-03-09 06:26:48+11:00,23208,-37.993026673793786,145.0315205566585,13.798179999999999,2.6000000000000227,2513,34.074,34074.0,148.0,79.0,,12,2019-03-08 19:26:48,Australia/Melbourne
2019-03-09 06:26:50+11:00,23210,-37.993115605786436,145.03169582225382,13.81647,3.3999999999999773,2517,32.8284,32828.4,150.0,76.0,,12,2019-03-08 19:26:50,Australia/Melbourne
2019-03-09 06:26:51+11:00,23211,-37.99315558746457,145.0317872688174,13.82565,4.0,2520,32.85,32850.0,150.0,76.0,,12,2019-03-08 19:26:51,Australia/Melbourne
2019-03-09 06:26:53+11:00,23213,-37.99322968348861,145.0319713354111,13.84379,4.600000000000024,2523,32.500800000000005,32500.8,153.0,76.0,,12,2019-03-08 19:26:53,Australia/Melbourne
2019-03-09 06:26:56+11:00,23216,-37.99334367737174,145.03224835731092,13.871220000000001,5.399999999999976,2527,32.346,32346.0,155.0,75.0,,12,2019-03-08 19:26:56,Australia/Melbourne
2019-03-09 06:26:57+11:00,23217,-37.99338147975504,145.0323393009603,13.880239999999999,5.800000000000012,2529,31.806000000000004,31806.0,156.0,73.0,,12,2019-03-08 19:26:57,Australia/Melbourne
2019-03-09 06:27:02+11:00,23222,-37.99356604926288,145.03277524374425,13.92368,6.600000000000023,2533,30.636,30636.0,158.0,71.0,,12,2019-03-08 19:27:02,Australia/Melbourne
2019-03-09 06:27:06+11:00,23226,-37.99370652996004,145.03311605192718,13.95744,7.600000000000023,2538,29.937600000000003,29937.6,159.0,69.0,,12,2019-03-08 19:27:06,Australia/Melbourne
2019-03-09 06:27:07+11:00,23227,-37.99374357797205,145.033200038597,13.96588,7.800000000000012,2539,30.067200000000003,30067.2,159.0,69.0,,12,2019-03-08 19:27:07,Australia/Melbourne
2019-03-09 06:27:13+11:00,23233,-37.99395689740778,145.0336921401322,14.015179999999999,8.600000000000023,2543,27.8784,27878.4,159.0,66.0,,12,2019-03-08 19:27:13,Australia/Melbourne
2019-03-09 06:27:16+11:00,23236,-37.994056642055504,145.03393001854417,14.038829999999999,9.0,2545,28.0692,28069.2,160.0,66.0,,12,2019-03-08 19:27:16,Australia/Melbourne
2019-03-09 06:27:20+11:00,23240,-37.99419318325817,145.0342497881502,14.07075,10.199999999999989,2551,28.774800000000006,28774.8,160.0,67.0,,12,2019-03-08 19:27:20,Australia/Melbourne
2019-03-09 06:27:21+11:00,23241,-37.99422536976636,145.034333858639,14.07895,10.399999999999975,2552,29.487600000000004,29487.6,160.0,67.0,,12,2019-03-08 19:27:21,Australia/Melbourne
2019-03-09 06:27:28+11:00,23248,-37.994478000327945,145.03493911586702,14.13906,10.600000000000025,2553,32.2524,32252.4,160.0,73.0,,12,2019-03-08 19:27:28,Australia/Melbourne
2019-03-09 06:27:30+11:00,23250,-37.99455544911325,145.03512326627967,14.157370000000002,10.399999999999975,2552,33.1308,33130.8,160.0,76.0,,12,2019-03-08 19:27:30,Australia/Melbourne
2019-03-09 06:27:37+11:00,23257,-37.99483112990856,145.03579155541956,14.22357,9.800000000000011,2549,34.934400000000004,34934.4,158.0,79.0,,12,2019-03-08 19:27:37,Australia/Melbourne
2019-03-09 06:27:38+11:00,23258,-37.994873793795705,145.03588995896283,14.233429999999998,9.800000000000011,2549,35.262,35262.0,158.0,80.0,,12,2019-03-08 19:27:38,Australia/Melbourne
2019-03-09 06:27:40+11:00,23260,-37.994958702474825,145.03609322011468,14.253620000000002,9.0,2545,36.2304,36230.4,156.0,81.0,,12,2019-03-08 19:27:40,Australia/Melbourne
2019-03-09 06:27:44+11:00,23264,-37.99513254314661,145.03651197999716,14.295160000000001,7.800000000000012,2539,38.124,38124.0,155.0,88.0,,12,2019-03-08 19:27:44,Australia/Melbourne
2019-03-09 06:27:47+11:00,23267,-37.995263887569315,145.03683661110702,14.327179999999998,6.600000000000023,2533,38.106,38106.0,154.0,67.0,,12,2019-03-08 19:27:47,Australia/Melbourne
2019-03-09 06:27:49+11:00,23269,-37.99532943405211,145.03706317394972,14.348410000000001,6.600000000000023,2533,38.4264,38426.4,151.0,88.0,,12,2019-03-08 19:27:49,Australia/Melbourne
2019-03-09 06:27:51+11:00,23271,-37.99535340629518,145.0373068358749,14.37004,6.399999999999977,2532,38.7504,38750.4,150.0,89.0,,12,2019-03-08 19:27:51,Australia/Melbourne
2019-03-09 06:27:53+11:00,23273,-37.995347790420055,145.03755996935067,14.39231,5.800000000000012,2529,40.2516,40251.6,149.0,93.0,,12,2019-03-08 19:27:53,Australia/Melbourne
2019-03-09 06:27:55+11:00,23275,-37.9953056294471,145.0377999432385,14.413910000000001,5.800000000000012,2529,38.1456,38145.6,149.0,92.0,,12,2019-03-08 19:27:55,Australia/Melbourne
2019-03-09 06:27:58+11:00,23278,-37.995195155963295,145.0381192099303,14.444560000000001,6.399999999999977,2532,36.18000000000001,36180.0,148.0,82.0,,12,2019-03-08 19:27:58,Australia/Melbourne
2019-03-09 06:27:59+11:00,23279,-37.99514779821038,145.03821711055934,14.454629999999998,6.800000000000012,2534,36.0756,36075.6,148.0,83.0,,12,2019-03-08 19:27:59,Australia/Melbourne
2019-03-09 06:28:00+11:00,23280,-37.99509298056364,145.0383092276752,14.46475,6.800000000000012,2534,36.27,36270.0,147.0,83.0,,12,2019-03-08 19:28:00,Australia/Melbourne
2019-03-09 06:28:03+11:00,23283,-37.99490983597934,145.0385686475784,14.495289999999999,6.399999999999977,2532,36.6372,36637.2,147.0,84.0,,12,2019-03-08 19:28:03,Australia/Melbourne
2019-03-09 06:28:09+11:00,23289,-37.99453566782177,145.03907172940671,14.55594,6.600000000000023,2533,35.9424,35942.4,146.0,83.0,,12,2019-03-08 19:28:09,Australia/Melbourne
2019-03-09 06:28:11+11:00,23291,-37.99441278912128,145.03923559561372,14.57577,6.600000000000023,2533,35.7372,35737.200000000004,146.0,84.0,,12,2019-03-08 19:28:11,Australia/Melbourne
2019-03-09 06:28:18+11:00,23298,-37.99398229457439,145.0397759769112,14.64314,7.399999999999977,2537,34.236,34236.0,145.0,79.0,,12,2019-03-08 19:28:18,Australia/Melbourne
2019-03-09 06:28:19+11:00,23299,-37.99392144195736,145.03985258750618,14.652679999999998,7.399999999999977,2537,34.4088,34408.8,146.0,80.0,,12,2019-03-08 19:28:19,Australia/Melbourne
2019-03-09 06:28:22+11:00,23302,-37.99374374561012,145.04008686169982,14.68118,7.600000000000023,2538,33.894,33894.0,146.0,78.0,,12,2019-03-08 19:28:22,Australia/Melbourne
2019-03-09 06:28:28+11:00,23308,-37.9933837428689,145.04053261131045,14.73712,8.0,2540,32.6556,32655.6,146.0,76.0,,12,2019-03-08 19:28:28,Australia/Melbourne
2019-03-09 06:28:33+11:00,23313,-37.99310085363686,145.0408928655088,14.7817,8.600000000000023,2543,32.2344,32234.4,147.0,77.0,,12,2019-03-08 19:28:33,Australia/Melbourne
2019-03-09 06:28:36+11:00,23316,-37.99293103627861,145.04111574031413,14.808879999999998,9.600000000000025,2548,31.611600000000006,31611.6,149.0,72.0,,12,2019-03-08 19:28:36,Australia/Melbourne
2019-03-09 06:28:37+11:00,23317,-37.99287621863185,145.04118472337726,14.817470000000002,10.0,2550,30.9024,30902.4,149.0,72.0,,12,2019-03-08 19:28:37,Australia/Melbourne
2019-03-09 06:28:43+11:00,23323,-37.99254496581853,145.04159644246099,14.86904,11.0,2555,31.2084,31208.4,151.0,72.0,,12,2019-03-08 19:28:43,Australia/Melbourne
2019-03-09 06:28:46+11:00,23326,-37.992365593090646,145.0417779106647,14.894589999999999,11.399999999999974,2557,29.8008,29800.8,152.0,71.0,,12,2019-03-08 19:28:46,Australia/Melbourne
2019-03-09 06:28:47+11:00,23327,-37.99229987896979,145.04182409495115,14.90293,11.600000000000026,2558,29.9916,29991.6,152.0,69.0,,12,2019-03-08 19:28:47,Australia/Melbourne
2019-03-09 06:28:50+11:00,23330,-37.9921043291688,145.04194068722427,14.92694,12.200000000000045,2561,28.5984,28598.4,153.0,66.0,,12,2019-03-08 19:28:50,Australia/Melbourne
2019-03-09 06:28:51+11:00,23331,-37.99204087816179,145.04197689704597,14.93467,12.399999999999974,2562,28.3932,28393.2,153.0,67.0,,12,2019-03-08 19:28:51,Australia/Melbourne
2019-03-09 06:28:58+11:00,23338,-37.991546345874674,145.04226758144796,14.995209999999998,12.200000000000045,2561,33.1848,33184.8,154.0,77.0,,12,2019-03-08 19:28:58,Australia/Melbourne
2019-03-09 06:29:04+11:00,23344,-37.99106849357486,145.04251484759155,15.05252,10.800000000000011,2554,34.6968,34696.8,153.0,0.0,,12,2019-03-08 19:29:04,Australia/Melbourne
2019-03-09 06:29:06+11:00,23346,-37.99091099761426,145.04260855726895,15.07184,10.199999999999989,2551,35.013600000000004,35013.6,150.0,81.0,,12,2019-03-08 19:29:06,Australia/Melbourne
2019-03-09 06:29:11+11:00,23351,-37.990537164732814,145.0429215375334,15.121939999999999,10.0,2550,34.686,34686.0,152.0,81.0,,12,2019-03-08 19:29:11,Australia/Melbourne
2019-03-09 06:29:16+11:00,23356,-37.99025570042431,145.0432767625898,15.1661,11.399999999999974,2557,31.1076,31107.6,152.0,73.0,,12,2019-03-08 19:29:16,Australia/Melbourne
2019-03-09 06:29:18+11:00,23358,-37.990145143121474,145.04341741092503,15.18351,12.200000000000045,2561,31.2588,31258.8,151.0,72.0,,12,2019-03-08 19:29:18,Australia/Melbourne
2019-03-09 06:29:24+11:00,23364,-37.98979511484504,145.04388076253238,15.23978,11.399999999999974,2557,35.586,35586.0,152.0,81.0,,12,2019-03-08 19:29:24,Australia/Melbourne
2019-03-09 06:29:26+11:00,23366,-37.989679696038365,145.04406399093568,15.26039,11.399999999999974,2557,37.2852,37285.2,153.0,86.0,,12,2019-03-08 19:29:26,Australia/Melbourne
2019-03-09 06:29:28+11:00,23368,-37.98959319479764,145.0442741252482,15.281189999999999,11.199999999999989,2556,37.188,37188.0,153.0,84.0,,12,2019-03-08 19:29:28,Australia/Melbourne
2019-03-09 06:29:29+11:00,23369,-37.989553045481436,145.0443826708943,15.291720000000002,11.0,2555,37.26,37260.0,153.0,87.0,,12,2019-03-08 19:29:29,Australia/Melbourne
2019-03-09 06:29:34+11:00,23374,-37.98938155174256,145.04487183876338,15.33872,11.600000000000026,2558,32.007600000000004,32007.6,150.0,0.0,,12,2019-03-08 19:29:34,Australia/Melbourne
2019-03-09 06:29:36+11:00,23376,-37.98931759782136,145.04505364224315,15.3562,12.200000000000045,2561,31.4064,31406.4,150.0,71.0,,12,2019-03-08 19:29:36,Australia/Melbourne
2019-03-09 06:29:41+11:00,23381,-37.98915079794824,145.0455165747553,15.40088,12.200000000000045,2561,32.382,32382.0,148.0,73.0,,12,2019-03-08 19:29:41,Australia/Melbourne
2019-03-09 06:29:48+11:00,23388,-37.988906968384974,145.0461940839887,15.466270000000002,11.399999999999974,2557,33.858000000000004,33858.0,148.0,77.0,,12,2019-03-08 19:29:48,Australia/Melbourne
2019-03-09 06:29:50+11:00,23390,-37.9888316988945,145.0463881250471,15.48524,11.600000000000026,2558,34.0704,34070.4,148.0,78.0,,12,2019-03-08 19:29:50,Australia/Melbourne
2019-03-09 06:29:57+11:00,23397,-37.988531123846776,145.04706102423367,15.55318,11.600000000000026,2558,34.9668,34966.8,147.0,61.0,,12,2019-03-08 19:29:57,Australia/Melbourne
2019-03-09 06:29:58+11:00,23398,-37.98848351463676,145.04715490154922,15.56298,11.399999999999974,2557,34.8372,34837.200000000004,146.0,61.0,,12,2019-03-08 19:29:58,Australia/Melbourne
2019-03-09 06:29:59+11:00,23399,-37.988438419997685,145.0472481083125,15.57257,11.199999999999989,2556,34.5924,34592.4,145.0,0.0,,12,2019-03-08 19:29:59,Australia/Melbourne
2019-03-09 06:30:06+11:00,23406,-37.98811504617333,145.047904998064,15.640529999999998,11.0,2555,34.0056,34005.6,144.0,80.0,,12,2019-03-08 19:30:06,Australia/Melbourne
2019-03-09 06:30:07+11:00,23407,-37.98806886188686,145.04799560643733,15.64999,11.0,2555,34.14960000000001,34149.6,142.0,0.0,,12,2019-03-08 19:30:07,Australia/Melbourne
2019-03-09 06:30:14+11:00,23414,-37.98776401206851,145.0486498977989,15.71671,11.0,2555,32.9256,32925.6,140.0,77.0,,12,2019-03-08 19:30:14,Australia/Melbourne
2019-03-09 06:30:19+11:00,23419,-37.987549183890216,145.04906320944428,15.76016,12.200000000000045,2561,30.2904,30290.4,141.0,70.0,,12,2019-03-08 19:30:19,Australia/Melbourne
2019-03-09 06:30:21+11:00,23421,-37.987466035410755,145.0492207892239,15.7768,12.399999999999974,2562,29.394000000000002,29394.0,141.0,68.0,,12,2019-03-08 19:30:21,Australia/Melbourne
2019-03-09 06:30:23+11:00,23423,-37.98737953417003,145.04936328157783,15.792570000000001,13.200000000000045,2566,28.306800000000006,28306.8,141.0,65.0,,12,2019-03-08 19:30:23,Australia/Melbourne
2019-03-09 06:30:27+11:00,23427,-37.98720552586018,145.04962638951838,15.8227,14.0,2570,26.9208,26920.8,143.0,62.0,,12,2019-03-08 19:30:27,Australia/Melbourne
2019-03-09 06:30:28+11:00,23428,-37.98716261051595,145.04969000816342,15.830039999999999,14.399999999999974,2572,26.6904,26690.4,145.0,62.0,,12,2019-03-08 19:30:28,Australia/Melbourne
2019-03-09 06:30:30+11:00,23430,-37.98707409761846,145.04981489852068,15.84477,15.0,2575,26.3988,26398.8,149.0,62.0,,12,2019-03-08 19:30:30,Australia/Melbourne
2019-03-09 06:30:32+11:00,23432,-37.986994553357356,145.04994163289666,15.85898,15.600000000000026,2578,25.2036,25203.6,151.0,60.0,,12,2019-03-08 19:30:32,Australia/Melbourne
2019-03-09 06:30:35+11:00,23435,-37.986874021589756,145.05011891014877,15.87952,16.600000000000026,2583,24.4908,24490.8,153.0,56.0,,12,2019-03-08 19:30:35,Australia/Melbourne
2019-03-09 06:30:36+11:00,23436,-37.98683362081647,145.05017381161448,15.8861,17.0,2585,23.9652,23965.2,153.0,56.0,,12,2019-03-08 19:30:36,Australia/Melbourne
2019-03-09 06:30:40+11:00,23440,-37.98668559640646,145.0504062417895,15.91231,18.0,2590,23.3892,23389.2,155.0,54.0,,12,2019-03-08 19:30:40,Australia/Melbourne
2019-03-09 06:30:42+11:00,23442,-37.98661569133401,145.05052174441514,15.92508,19.0,2595,22.5108,22510.8,155.0,55.0,,12,2019-03-08 19:30:42,Australia/Melbourne
2019-03-09 06:30:43+11:00,23443,-37.98657562583685,145.05058326758444,15.93208,19.399999999999977,2597,24.444000000000003,24444.0,155.0,53.0,,12,2019-03-08 19:30:43,Australia/Melbourne
2019-03-09 06:30:48+11:00,23448,-37.98635845072568,145.0509192980826,15.970189999999999,19.399999999999977,2597,28.62,28620.0,157.0,48.0,,12,2019-03-08 19:30:48,Australia/Melbourne
2019-03-09 06:30:54+11:00,23454,-37.986057959496975,145.05135389976203,16.0209,18.399999999999977,2592,31.608,31608.0,159.0,0.0,,12,2019-03-08 19:30:54,Australia/Melbourne
2019-03-09 06:30:56+11:00,23456,-37.98596341162921,145.05151944234967,16.03885,17.79999999999995,2589,31.960800000000006,31960.8,158.0,73.0,,12,2019-03-08 19:30:56,Australia/Melbourne
2019-03-09 06:31:01+11:00,23461,-37.985816979780786,145.05196971818805,16.08195,19.399999999999977,2597,29.7612,29761.2,158.0,71.0,,12,2019-03-08 19:31:01,Australia/Melbourne
2019-03-09 06:31:02+11:00,23462,-37.98581220209599,145.05206476896998,16.0903,19.399999999999977,2597,29.682,29682.0,159.0,69.0,,12,2019-03-08 19:31:02,Australia/Melbourne
2019-03-09 06:31:05+11:00,23465,-37.98581035807729,145.0523602310568,16.11626,19.20000000000005,2596,31.0572,31057.2,159.0,71.0,,12,2019-03-08 19:31:05,Australia/Melbourne
2019-03-09 06:31:10+11:00,23470,-37.98587774857879,145.05287806503475,16.162470000000003,18.600000000000023,2593,34.4052,34405.200000000004,157.0,80.0,,12,2019-03-08 19:31:10,Australia/Melbourne
2019-03-09 06:31:12+11:00,23472,-37.98591144382953,145.05309691652656,16.18205,18.20000000000005,2591,35.110800000000005,35110.8,156.0,81.0,,12,2019-03-08 19:31:12,Australia/Melbourne
2019-03-09 06:31:18+11:00,23478,-37.98601353541017,145.05378993228078,16.24398,17.200000000000045,2586,37.1772,37177.2,154.0,86.0,,12,2019-03-08 19:31:18,Australia/Melbourne
2019-03-09 06:31:20+11:00,23480,-37.986055528745055,145.054017836228,16.26454,17.0,2585,37.3752,37375.2,154.0,86.0,,12,2019-03-08 19:31:20,Australia/Melbourne
2019-03-09 06:31:23+11:00,23483,-37.98617497086525,145.05435009486973,16.29665,16.600000000000026,2583,38.5704,38570.4,153.0,88.0,,12,2019-03-08 19:31:23,Australia/Melbourne
2019-03-09 06:31:25+11:00,23485,-37.98627513460815,145.0545712094754,16.319029999999998,15.799999999999955,2579,40.1076,40107.6,152.0,92.0,,12,2019-03-08 19:31:25,Australia/Melbourne
2019-03-09 06:31:28+11:00,23488,-37.986433384940035,145.0549022108316,16.352999999999998,14.399999999999974,2572,41.9796,41979.6,149.0,66.0,,12,2019-03-08 19:31:28,Australia/Melbourne
2019-03-09 06:31:29+11:00,23489,-37.986488873139024,145.05501670762897,16.36479,14.0,2570,42.75720000000001,42757.2,148.0,0.0,,12,2019-03-08 19:31:29,Australia/Melbourne
2019-03-09 06:31:30+11:00,23490,-37.98654318787158,145.05513698793948,16.37695,13.399999999999974,2567,43.722,43722.0,147.0,0.0,,12,2019-03-08 19:31:30,Australia/Melbourne
2019-03-09 06:31:32+11:00,23492,-37.98665190115571,145.0553852599114,16.401880000000002,12.399999999999974,2562,44.8704,44870.4,144.0,0.0,,12,2019-03-08 19:31:32,Australia/Melbourne
2019-03-09 06:31:33+11:00,23493,-37.98670864664018,145.05551065318286,16.41457,11.800000000000011,2559,45.3276,45327.6,144.0,0.0,,12,2019-03-08 19:31:33,Australia/Melbourne
2019-03-09 06:31:35+11:00,23495,-37.986828004941344,145.05575875751674,16.440070000000002,10.600000000000025,2553,45.144,45144.0,143.0,105.0,,12,2019-03-08 19:31:35,Australia/Melbourne
2019-03-09 06:31:36+11:00,23496,-37.986886510625475,145.05588021129367,16.452560000000002,10.399999999999975,2552,44.784,44784.0,143.0,102.0,,12,2019-03-08 19:31:36,Australia/Melbourne
2019-03-09 06:31:41+11:00,23501,-37.987155318260186,145.05646795034409,16.5122,11.0,2555,41.4612,41461.2,140.0,21.0,,12,2019-03-08 19:31:41,Australia/Melbourne
2019-03-09 06:31:43+11:00,23503,-37.98725816421211,145.05669099278748,16.534879999999998,10.800000000000011,2554,40.7196,40719.6,139.0,93.0,,12,2019-03-08 19:31:43,Australia/Melbourne
2019-03-09 06:31:49+11:00,23509,-37.98755798488856,145.05734662525356,16.60141,11.600000000000026,2558,39.74760000000001,39747.6,139.0,92.0,,12,2019-03-08 19:31:49,Australia/Melbourne
2019-03-09 06:31:51+11:00,23511,-37.98766041174532,145.0575596932322,16.62331,11.199999999999989,2556,39.3768,39376.8,139.0,91.0,,12,2019-03-08 19:31:51,Australia/Melbourne
2019-03-09 06:31:57+11:00,23517,-37.98796333372593,145.05824340507388,16.69214,10.600000000000025,2553,41.9796,41979.6,142.0,96.0,,12,2019-03-08 19:31:57,Australia/Melbourne
2019-03-09 06:31:59+11:00,23519,-37.988066598772996,145.0584744941443,16.71546,10.199999999999989,2551,42.6312,42631.2,142.0,97.0,,12,2019-03-08 19:31:59,Australia/Melbourne
2019-03-09 06:32:02+11:00,23522,-37.988231303170316,145.05883407779038,16.75196,9.199999999999989,2546,44.298,44298.0,142.0,65.0,,12,2019-03-08 19:32:02,Australia/Melbourne
2019-03-09 06:32:05+11:00,23525,-37.98839818686247,145.05920086987317,16.78912,7.800000000000012,2539,44.982,44982.0,141.0,0.0,,12,2019-03-08 19:32:05,Australia/Melbourne
2019-03-09 06:32:06+11:00,23526,-37.98845367506146,145.05932584404943,16.80171,7.399999999999977,2537,45.0324,45032.4,140.0,0.0,,12,2019-03-08 19:32:06,Australia/Melbourne
2019-03-09 06:32:08+11:00,23528,-37.98856515437365,145.05957629531622,16.82696,6.199999999999988,2531,45.036,45036.0,139.0,106.0,,12,2019-03-08 19:32:08,Australia/Melbourne
2019-03-09 06:32:13+11:00,23533,-37.988840918988,145.06019177846608,16.88909,6.399999999999977,2532,43.3296,43329.6,138.0,79.0,,12,2019-03-08 19:32:13,Australia/Melbourne
2019-03-09 06:32:14+11:00,23534,-37.98889338970184,145.0603041797876,16.90055,6.600000000000023,2533,41.832,41832.0,137.0,97.0,,12,2019-03-08 19:32:14,Australia/Melbourne
2019-03-09 06:32:19+11:00,23539,-37.98917083069682,145.06081815809014,16.95524,7.600000000000023,2538,38.178,38178.0,139.0,88.0,,12,2019-03-08 19:32:19,Australia/Melbourne
2019-03-09 06:32:21+11:00,23541,-37.98927577212453,145.06100876256824,16.97564,8.600000000000023,2543,36.6264,36626.4,141.0,84.0,,12,2019-03-08 19:32:21,Australia/Melbourne
2019-03-09 06:32:24+11:00,23544,-37.98943444155157,145.06127773784098,17.005110000000002,10.0,2550,34.704,34704.0,143.0,73.0,,12,2019-03-08 19:32:24,Australia/Melbourne
2019-03-09 06:32:26+11:00,23546,-37.989531420171254,145.06144646555185,17.023429999999998,10.800000000000011,2554,32.983200000000004,32983.200000000004,145.0,76.0,,12,2019-03-08 19:32:26,Australia/Melbourne
2019-03-09 06:32:27+11:00,23547,-37.98957835882902,145.0615274347365,17.032239999999998,11.199999999999989,2556,31.9788,31978.8,145.0,74.0,,12,2019-03-08 19:32:27,Australia/Melbourne
2019-03-09 06:32:31+11:00,23551,-37.98976016230881,145.06184292957187,17.06654,12.200000000000045,2561,30.8592,30859.2,147.0,72.0,,12,2019-03-08 19:32:31,Australia/Melbourne
2019-03-09 06:32:33+11:00,23553,-37.989845825359225,145.06199204362932,17.082729999999998,13.399999999999974,2567,29.0808,29080.8,147.0,68.0,,12,2019-03-08 19:32:33,Australia/Melbourne
2019-03-09 06:32:37+11:00,23557,-37.99001740291715,145.0622968096286,17.115579999999998,13.799999999999955,2569,30.297600000000006,30297.6,150.0,70.0,,12,2019-03-08 19:32:37,Australia/Melbourne
2019-03-09 06:32:40+11:00,23560,-37.99016291275621,145.0625348556787,17.142,14.0,2570,31.9932,31993.2,152.0,73.0,,12,2019-03-08 19:32:40,Australia/Melbourne
2019-03-09 06:32:42+11:00,23562,-37.990260142832994,145.06269226782024,17.159580000000002,14.399999999999974,2572,31.8492,31849.2,153.0,65.0,,12,2019-03-08 19:32:42,Australia/Melbourne
2019-03-09 06:32:45+11:00,23565,-37.99040162935853,145.06293945014474,17.18637,14.600000000000026,2573,32.3568,32356.8,153.0,73.0,,12,2019-03-08 19:32:45,Australia/Melbourne
2019-03-09 06:32:48+11:00,23568,-37.99055518582463,145.06319551728666,17.214599999999994,14.399999999999974,2572,34.2864,34286.4,156.0,78.0,,12,2019-03-08 19:32:48,Australia/Melbourne
2019-03-09 06:32:51+11:00,23571,-37.99071779474615,145.06346859969202,17.24461,13.600000000000026,2568,36.2304,36230.4,159.0,83.0,,12,2019-03-08 19:32:51,Australia/Melbourne
2019-03-09 06:32:53+11:00,23573,-37.9908281005919,145.0636538397521,17.264979999999998,13.399999999999974,2567,36.9324,36932.4,159.0,85.0,,12,2019-03-08 19:32:53,Australia/Melbourne
2019-03-09 06:32:54+11:00,23574,-37.9908833373338,145.0637459568679,17.27514,13.399999999999974,2567,36.6552,36655.2,159.0,71.0,,12,2019-03-08 19:32:54,Australia/Melbourne
2019-03-09 06:33:00+11:00,23580,-37.99120637588203,145.0643007550389,17.335639999999998,12.799999999999955,2564,36.414,36414.0,157.0,85.0,,12,2019-03-08 19:33:00,Australia/Melbourne
2019-03-09 06:33:02+11:00,23582,-37.99132087267935,145.06449244916442,17.356740000000002,12.200000000000045,2561,37.93680000000001,37936.8,157.0,86.0,,12,2019-03-08 19:33:02,Australia/Melbourne
2019-03-09 06:33:07+11:00,23587,-37.99162890762091,145.06499653682113,17.412689999999998,11.199999999999989,2556,41.7708,41770.8,155.0,76.0,,12,2019-03-08 19:33:07,Australia/Melbourne
2019-03-09 06:33:09+11:00,23589,-37.99175782129169,145.06521044299006,17.436310000000002,10.600000000000025,2553,42.7608,42760.8,154.0,76.0,,12,2019-03-08 19:33:09,Australia/Melbourne
2019-03-09 06:33:10+11:00,23590,-37.99182353541254,145.06532133556905,17.44848,10.0,2550,43.3548,43354.8,152.0,85.0,,12,2019-03-08 19:33:10,Australia/Melbourne
2019-03-09 06:33:12+11:00,23592,-37.99195697531104,145.0655388459563,17.47266,8.600000000000023,2543,42.983999999999995,42984.0,151.0,81.0,,12,2019-03-08 19:33:12,Australia/Melbourne
2019-03-09 06:33:13+11:00,23593,-37.99202335998415,145.06564504466948,17.484540000000006,7.199999999999988,2536,42.786,42786.0,150.0,81.0,,12,2019-03-08 19:33:13,Australia/Melbourne
2019-03-09 06:33:15+11:00,23595,-37.992154285311706,145.0658488925546,17.50761,5.600000000000024,2528,41.99760000000001,41997.6,148.0,22.0,,12,2019-03-08 19:33:15,Australia/Melbourne
2019-03-09 06:33:17+11:00,23597,-37.99228361807764,145.0660530757159,17.53058,6.800000000000012,2534,41.7564,41756.4,146.0,89.0,,12,2019-03-08 19:33:17,Australia/Melbourne
2019-03-09 06:33:20+11:00,23600,-37.992473971098654,145.06637343205514,17.56577,6.399999999999977,2532,42.246,42246.0,143.0,90.0,,12,2019-03-08 19:33:20,Australia/Melbourne
2019-03-09 06:33:21+11:00,23601,-37.99254111014306,145.0664766971022,17.577509999999997,5.600000000000024,2528,41.58000000000001,41580.0,142.0,89.0,,12,2019-03-08 19:33:21,Australia/Melbourne
2019-03-09 06:33:24+11:00,23604,-37.99273598939181,145.06678054109216,17.61187,6.0,2530,40.716,40716.0,141.0,86.0,,12,2019-03-08 19:33:24,Australia/Melbourne
2019-03-09 06:33:30+11:00,23610,-37.99310982227325,145.06736677139997,17.678,6.600000000000023,2533,39.6252,39625.2,140.0,86.0,,12,2019-03-08 19:33:30,Australia/Melbourne
2019-03-09 06:33:31+11:00,23611,-37.99317142926157,145.06746517494318,17.68903,6.800000000000012,2534,39.6864,39686.4,140.0,85.0,,12,2019-03-08 19:33:31,Australia/Melbourne
2019-03-09 06:33:34+11:00,23614,-37.99335440620779,145.06775820627809,17.72181,6.600000000000023,2533,38.94840000000001,38948.4,138.0,84.0,,12,2019-03-08 19:33:34,Australia/Melbourne
2019-03-09 06:33:39+11:00,23619,-37.99366042949259,145.06823848932981,17.77598,5.800000000000012,2529,39.618,39618.0,139.0,86.0,,12,2019-03-08 19:33:39,Australia/Melbourne
2019-03-09 06:33:41+11:00,23621,-37.9937859904021,145.06843579933047,17.79822,6.199999999999988,2531,39.9168,39916.8,139.0,86.0,,12,2019-03-08 19:33:41,Australia/Melbourne
2019-03-09 06:33:47+11:00,23627,-37.99415764398873,145.06902538239956,17.86444,6.399999999999977,2532,39.82680000000001,39826.8,138.0,85.0,,12,2019-03-08 19:33:47,Australia/Melbourne
2019-03-09 06:33:52+11:00,23632,-37.99446702003479,145.0695096887648,17.91911,5.800000000000012,2529,38.9448,38944.8,138.0,84.0,,12,2019-03-08 19:33:52,Australia/Melbourne
2019-03-09 06:33:58+11:00,23638,-37.99486541189253,145.07003691047433,17.98328,5.399999999999976,2527,38.9052,38905.2,138.0,84.0,,12,2019-03-08 19:33:58,Australia/Melbourne
2019-03-09 06:34:04+11:00,23644,-37.99530747346579,145.07053420878947,18.04898,5.199999999999988,2526,39.3624,39362.4,138.0,84.0,,12,2019-03-08 19:34:04,Australia/Melbourne
2019-03-09 06:34:05+11:00,23645,-37.995382323861115,145.07061710581183,18.06002,5.0,2525,39.6432,39643.2,139.0,84.0,,12,2019-03-08 19:34:05,Australia/Melbourne
2019-03-09 06:34:07+11:00,23647,-37.99552565440536,145.07079077884555,18.08206,4.600000000000024,2523,39.88440000000001,39884.4,140.0,87.0,,12,2019-03-08 19:34:07,Australia/Melbourne
2019-03-09 06:34:12+11:00,23652,-37.99589110538364,145.0712108798325,18.13691,4.600000000000024,2523,39.312,39312.0,139.0,84.0,,12,2019-03-08 19:34:12,Australia/Melbourne
2019-03-09 06:34:18+11:00,23658,-37.996331993490465,145.0717261992395,18.20358,4.600000000000024,2523,40.0752,40075.2,139.0,87.0,,12,2019-03-08 19:34:18,Australia/Melbourne
2019-03-09 06:34:20+11:00,23660,-37.996479598805315,145.07190054282546,18.226010000000002,4.199999999999989,2521,40.2804,40280.4,140.0,87.0,,12,2019-03-08 19:34:20,Australia/Melbourne
2019-03-09 06:34:26+11:00,23666,-37.99691654741764,145.07239851169285,18.291320000000002,4.399999999999976,2522,38.6928,38692.8,143.0,86.0,,12,2019-03-08 19:34:26,Australia/Melbourne
2019-03-09 06:34:28+11:00,23668,-37.997056692838676,145.0725605338812,18.31241,4.800000000000012,2524,37.77120000000001,37771.2,143.0,82.0,,12,2019-03-08 19:34:28,Australia/Melbourne
2019-03-09 06:34:34+11:00,23674,-37.99745550379157,145.0730280764401,18.3728,5.199999999999988,2526,36.3492,36349.2,143.0,79.0,,12,2019-03-08 19:34:34,Australia/Melbourne
2019-03-09 06:34:36+11:00,23676,-37.99759078770876,145.0731808785349,18.39294,5.199999999999988,2526,36.1008,36100.8,144.0,77.0,,12,2019-03-08 19:34:36,Australia/Melbourne
2019-03-09 06:34:43+11:00,23683,-37.998055564239614,145.07370868697762,18.4623,5.600000000000024,2528,35.6616,35661.6,144.0,77.0,,12,2019-03-08 19:34:43,Australia/Melbourne
2019-03-09 06:34:44+11:00,23684,-37.99812169745565,145.0737865548581,18.472330000000003,5.800000000000012,2529,35.9712,35971.200000000004,144.0,76.0,,12,2019-03-08 19:34:44,Australia/Melbourne
2019-03-09 06:34:45+11:00,23685,-37.998189004138105,145.07386685349047,18.4826,5.800000000000012,2529,36.5256,36525.6,144.0,77.0,,12,2019-03-08 19:34:45,Australia/Melbourne
2019-03-09 06:34:51+11:00,23691,-37.998609691858285,145.07435719482598,18.546129999999998,5.0,2525,38.7216,38721.6,145.0,83.0,,12,2019-03-08 19:34:51,Australia/Melbourne
2019-03-09 06:34:53+11:00,23693,-37.998753609135754,145.0745218992233,18.56769,4.600000000000024,2523,39.1536,39153.6,145.0,85.0,,12,2019-03-08 19:34:53,Australia/Melbourne
2019-03-09 06:34:57+11:00,23697,-37.999046305194504,145.07485499605536,18.6114,3.6000000000000227,2518,39.1284,39128.4,146.0,83.0,,12,2019-03-08 19:34:57,Australia/Melbourne
2019-03-09 06:35:03+11:00,23703,-37.99948543310165,145.07536713033917,18.67774,4.199999999999989,2521,39.6828,39682.8,147.0,86.0,,12,2019-03-08 19:35:03,Australia/Melbourne
2019-03-09 06:35:04+11:00,23704,-37.999555673450224,145.07545304484663,18.688579999999998,4.199999999999989,2521,39.3624,39362.4,147.0,69.0,,12,2019-03-08 19:35:04,Australia/Melbourne
2019-03-09 06:35:10+11:00,23710,-37.999969990924,145.07592737674713,18.75064,3.8000000000000114,2519,36.9324,36932.4,144.0,79.0,,12,2019-03-08 19:35:10,Australia/Melbourne
2019-03-09 06:35:11+11:00,23711,-38.000037129968405,145.07600440643728,18.76071,3.8000000000000114,2519,36.64440000000001,36644.4,144.0,78.0,,12,2019-03-08 19:35:11,Australia/Melbourne
2019-03-09 06:35:17+11:00,23717,-38.000448513776064,145.0764722842723,18.82215,4.0,2520,37.65600000000001,37656.0,145.0,82.0,,12,2019-03-08 19:35:17,Australia/Melbourne
2019-03-09 06:35:20+11:00,23720,-38.0006608273834,145.07671996951103,18.854229999999998,3.8000000000000114,2519,38.073600000000006,38073.6,145.0,81.0,,12,2019-03-08 19:35:20,Australia/Melbourne
2019-03-09 06:35:26+11:00,23726,-38.00109417177737,145.0772086344659,18.91873,2.6000000000000227,2513,39.186,39186.0,145.0,69.0,,12,2019-03-08 19:35:26,Australia/Melbourne
2019-03-09 06:35:27+11:00,23727,-38.00116583704949,145.07729136385026,18.9295,2.3999999999999773,2512,38.9988,38998.8,145.0,69.0,,12,2019-03-08 19:35:27,Australia/Melbourne
2019-03-09 06:35:33+11:00,23733,-38.00159364938736,145.07779142819342,18.99419,2.3999999999999773,2512,39.096,39096.0,143.0,84.0,,12,2019-03-08 19:35:33,Australia/Melbourne
2019-03-09 06:35:36+11:00,23736,-38.00180881284177,145.07803609594703,19.026320000000002,2.1999999999999886,2511,38.8044,38804.4,143.0,84.0,,12,2019-03-08 19:35:36,Australia/Melbourne
2019-03-09 06:35:42+11:00,23742,-38.00224031321704,145.07852853275838,19.09085,2.0,2510,38.7684,38768.4,142.0,83.0,,12,2019-03-08 19:35:42,Australia/Melbourne
2019-03-09 06:35:46+11:00,23746,-38.00253661349416,145.07885727100074,19.13461,1.8000000000000114,2509,39.6144,39614.4,143.0,83.0,,12,2019-03-08 19:35:46,Australia/Melbourne
2019-03-09 06:35:48+11:00,23748,-38.00268036313354,145.07901778444648,19.155910000000002,1.3999999999999773,2507,38.34,38340.0,143.0,45.0,,12,2019-03-08 19:35:48,Australia/Melbourne
2019-03-09 06:35:53+11:00,23753,-38.003031145781286,145.0794175174087,19.20836,1.6000000000000227,2508,38.141999999999996,38142.0,143.0,82.0,,12,2019-03-08 19:35:53,Australia/Melbourne
2019-03-09 06:35:59+11:00,23759,-38.003460131585605,145.0799043383449,19.27236,1.0,2505,38.141999999999996,38142.0,142.0,82.0,,12,2019-03-08 19:35:59,Australia/Melbourne
2019-03-09 06:36:02+11:00,23762,-38.00367521122097,145.08014674298462,19.30435,1.1999999999999886,2506,38.3508,38350.8,142.0,82.0,,12,2019-03-08 19:36:02,Australia/Melbourne
2019-03-09 06:36:08+11:00,23768,-38.0041094776243,145.08064119145274,19.36923,0.8000000000000114,2504,38.7828,38782.8,142.0,83.0,,12,2019-03-08 19:36:08,Australia/Melbourne
2019-03-09 06:36:11+11:00,23771,-38.00432363525033,145.0808878708631,19.4014,0.8000000000000114,2504,38.3652,38365.2,142.0,83.0,,12,2019-03-08 19:36:11,Australia/Melbourne
2019-03-09 06:36:17+11:00,23777,-38.00474675372243,145.0813649687916,19.46434,0.6000000000000227,2503,38.2716,38271.6,141.0,83.0,,12,2019-03-08 19:36:17,Australia/Melbourne
2019-03-09 06:36:19+11:00,23779,-38.004893772304065,145.0815269909799,19.48599,0.6000000000000227,2503,38.7648,38764.8,142.0,83.0,,12,2019-03-08 19:36:19,Australia/Melbourne
2019-03-09 06:36:21+11:00,23781,-38.00504120998085,145.08168985135853,19.50773,0.19999999999998866,2501,39.0744,39074.4,142.0,84.0,,12,2019-03-08 19:36:21,Australia/Melbourne
2019-03-09 06:36:27+11:00,23787,-38.00546801649035,145.08217675611377,19.57155,-0.6000000000000227,2497,38.0412,38041.2,141.0,82.0,,12,2019-03-08 19:36:27,Australia/Melbourne
2019-03-09 06:36:28+11:00,23788,-38.00553884357214,145.0822557974607,19.58204,-0.3999999999999773,2498,38.01600000000001,38016.0,141.0,82.0,,12,2019-03-08 19:36:28,Australia/Melbourne
2019-03-09 06:36:34+11:00,23794,-38.005973529070616,145.08274421095845,19.64661,-0.3999999999999773,2498,38.51280000000001,38512.8,142.0,82.0,,12,2019-03-08 19:36:34,Australia/Melbourne
2019-03-09 06:36:37+11:00,23797,-38.00618777051568,145.08298887871206,19.67866,-0.3999999999999773,2498,38.2068,38206.8,141.0,81.0,,12,2019-03-08 19:36:37,Australia/Melbourne
2019-03-09 06:36:43+11:00,23803,-38.00660594366491,145.08346061222255,19.74087,-0.6000000000000227,2497,37.0656,37065.6,141.0,79.0,,12,2019-03-08 19:36:43,Australia/Melbourne
2019-03-09 06:36:47+11:00,23807,-38.006887324154384,145.08377694524825,19.78268,-0.6000000000000227,2497,37.9872,37987.2,140.0,82.0,,12,2019-03-08 19:36:47,Australia/Melbourne
2019-03-09 06:36:53+11:00,23813,-38.007288482040174,145.08423585444692,19.842740000000006,-0.6000000000000227,2497,33.336,33336.0,138.0,0.0,,12,2019-03-08 19:36:53,Australia/Melbourne
2019-03-09 06:36:54+11:00,23814,-38.007350591942675,145.08430458605292,19.8519,-0.6000000000000227,2497,32.8536,32853.6,137.0,0.0,,12,2019-03-08 19:36:54,Australia/Melbourne
2019-03-09 06:36:57+11:00,23817,-38.00751194357872,145.08449510671196,19.87642,-0.8000000000000114,2496,27.612,27612.0,138.0,0.0,,12,2019-03-08 19:36:57,Australia/Melbourne
2019-03-09 06:36:59+11:00,23819,-38.00759199075401,145.084587642923,19.888460000000002,-0.6000000000000227,2497,21.1608,21160.8,138.0,0.0,,12,2019-03-08 19:36:59,Australia/Melbourne
2019-03-09 06:37:02+11:00,23822,-38.007658878341324,145.08465738035738,19.89811,-0.19999999999998866,2499,10.2852,10285.2,138.0,0.0,,12,2019-03-08 19:37:02,Australia/Melbourne
2019-03-09 06:37:07+11:00,23827,-38.00772249698639,145.0847445521504,19.90854,-0.3999999999999773,2498,6.5952,6595.2,135.0,0.0,,12,2019-03-08 19:37:07,Australia/Melbourne
2019-03-09 06:37:08+11:00,23828,-38.00773423165083,145.0847584661096,19.91033,-0.19999999999998866,2499,6.3648,6364.8,134.0,0.0,,12,2019-03-08 19:37:08,Australia/Melbourne
2019-03-09 06:37:14+11:00,23834,-38.00785761326552,145.0848843622953,19.92797,-0.3999999999999773,2498,13.8996,13899.6,134.0,0.0,,12,2019-03-08 19:37:14,Australia/Melbourne
2019-03-09 06:37:18+11:00,23838,-38.00801670178771,145.08506532758474,19.951729999999998,-1.0,2495,23.1516,23151.6,137.0,48.0,,12,2019-03-08 19:37:18,Australia/Melbourne
2019-03-09 06:37:21+11:00,23841,-38.008173443377025,145.0852335523814,19.97456,-1.3999999999999773,2493,28.1844,28184.4,140.0,60.0,,12,2019-03-08 19:37:21,Australia/Melbourne
2019-03-09 06:37:22+11:00,23842,-38.008229853585355,145.08529960177842,19.983079999999998,-1.8000000000000114,2491,29.6892,29689.2,141.0,63.0,,12,2019-03-08 19:37:22,Australia/Melbourne
2019-03-09 06:37:23+11:00,23843,-38.00828852690756,145.08536715991798,19.9919,-1.8000000000000114,2491,30.9492,30949.2,142.0,65.0,,12,2019-03-08 19:37:23,Australia/Melbourne
2019-03-09 06:37:24+11:00,23844,-38.008350217714906,145.0854358077049,20.00102,-1.8000000000000114,2491,32.151599999999995,32151.6,145.0,68.0,,12,2019-03-08 19:37:24,Australia/Melbourne
2019-03-09 06:37:28+11:00,23848,-38.00858633592725,145.0857067946345,20.03644,-1.1999999999999886,2494,31.2588,31258.8,148.0,68.0,,12,2019-03-08 19:37:28,Australia/Melbourne
2019-03-09 06:37:29+11:00,23849,-38.00864626653493,145.08577644824982,20.04547,-1.0,2495,31.8492,31849.2,148.0,68.0,,12,2019-03-08 19:37:29,Australia/Melbourne
2019-03-09 06:37:32+11:00,23852,-38.00882345996797,145.0859814696014,20.07214,-0.8000000000000114,2496,32.0328,32032.8,150.0,68.0,,12,2019-03-08 19:37:32,Australia/Melbourne
2019-03-09 06:37:37+11:00,23857,-38.009083718061454,145.0863535422832,20.11589,-0.3999999999999773,2498,30.6,30600.0,148.0,67.0,,12,2019-03-08 19:37:37,Australia/Melbourne
2019-03-09 06:37:38+11:00,23858,-38.00911171361804,145.08644524030387,20.1245,-0.3999999999999773,2498,30.114,30114.0,148.0,65.0,,12,2019-03-08 19:37:38,Australia/Melbourne
2019-03-09 06:37:40+11:00,23860,-38.00911473110318,145.08662855252624,20.14055,-0.19999999999998866,2499,27.7056,27705.6,147.0,42.0,,12,2019-03-08 19:37:40,Australia/Melbourne
2019-03-09 06:37:44+11:00,23864,-38.009037617594,145.08697740733626,20.1725,0.19999999999998866,2501,28.6488,28648.8,144.0,57.0,,12,2019-03-08 19:37:44,Australia/Melbourne
2019-03-09 06:37:48+11:00,23868,-38.0089070275426,145.08721997961402,20.19836,0.0,2500,22.2228,22222.8,144.0,0.0,,12,2019-03-08 19:37:48,Australia/Melbourne
2019-03-09 06:37:52+11:00,23872,-38.00878238864243,145.08733724243942,20.21565,-0.19999999999998866,2499,12.815999999999999,12816.0,146.0,0.0,,12,2019-03-08 19:37:52,Australia/Melbourne
2019-03-09 06:37:56+11:00,23876,-38.008689349517226,145.08739398792386,20.22713,-0.19999999999998866,2499,9.9396,9939.6,142.0,0.0,,12,2019-03-08 19:37:56,Australia/Melbourne
2019-03-09 06:37:58+11:00,23878,-38.00864584743977,145.08741963654757,20.23246,0.0,2500,9.8964,9896.4,139.0,0.0,,12,2019-03-08 19:37:58,Australia/Melbourne
2019-03-09 06:38:00+11:00,23880,-38.00859966315329,145.08745559491214,20.23846,-0.19999999999998866,2499,10.8144,10814.4,135.0,0.0,,12,2019-03-08 19:38:00,Australia/Melbourne
2019-03-09 06:38:03+11:00,23883,-38.00854291766882,145.0875045452267,20.24609,-0.19999999999998866,2499,7.9416,7941.6,132.0,0.0,,12,2019-03-08 19:38:03,Australia/Melbourne
2019-03-09 06:38:05+11:00,23885,-38.00850779749453,145.08753446862102,20.2508,-0.19999999999998866,2499,8.8848,8884.800000000001,129.0,0.0,,12,2019-03-08 19:38:05,Australia/Melbourne
2019-03-09 06:38:10+11:00,23890,-38.00836798734964,145.0876807328314,20.27097,-0.19999999999998866,2499,17.9496,17949.600000000002,131.0,0.0,,12,2019-03-08 19:38:10,Australia/Melbourne
2019-03-09 06:38:12+11:00,23892,-38.00830805674195,145.08778450079262,20.28238,-0.19999999999998866,2499,19.817999999999998,19818.0,133.0,42.0,,12,2019-03-08 19:38:12,Australia/Melbourne
2019-03-09 06:38:14+11:00,23894,-38.008285006508224,145.0879287533462,20.29547,-0.19999999999998866,2499,22.7736,22773.6,134.0,48.0,,12,2019-03-08 19:38:14,Australia/Melbourne
2019-03-09 06:38:16+11:00,23896,-38.00837410613895,145.08805188350382,20.31018,-0.3999999999999773,2498,25.3548,25354.8,135.0,52.0,,12,2019-03-08 19:38:16,Australia/Melbourne
2019-03-09 06:38:19+11:00,23899,-38.008573595434434,145.08812229149044,20.33326,-0.6000000000000227,2497,27.7164,27716.4,137.0,58.0,,12,2019-03-08 19:38:19,Australia/Melbourne
2019-03-09 06:38:20+11:00,23900,-38.00864383578301,145.08814073167738,20.34122,-0.3999999999999773,2498,28.5768,28576.8,137.0,60.0,,12,2019-03-08 19:38:20,Australia/Melbourne
2019-03-09 06:38:24+11:00,23904,-38.00892387516797,145.0882118102163,20.37293,0.19999999999998866,2501,27.7128,27712.8,139.0,60.0,,12,2019-03-08 19:38:24,Australia/Melbourne
2019-03-09 06:38:26+11:00,23906,-38.0090566445142,145.08824500255287,20.38795,0.6000000000000227,2503,27.3276,27327.6,139.0,59.0,,12,2019-03-08 19:38:26,Australia/Melbourne
2019-03-09 06:38:33+11:00,23913,-38.009534412994974,145.0883693899959,20.4421,0.3999999999999773,2502,29.3472,29347.2,137.0,56.0,,12,2019-03-08 19:38:33,Australia/Melbourne
2019-03-09 06:38:39+11:00,23919,-38.00995820201933,145.08854566141963,20.491789999999998,0.0,2500,29.1672,29167.2,136.0,0.0,,12,2019-03-08 19:38:39,Australia/Melbourne
2019-03-09 06:38:45+11:00,23925,-38.010328011587255,145.08885394781828,20.541,0.0,2500,29.5884,29588.4,135.0,0.0,,12,2019-03-08 19:38:45,Australia/Melbourne
2019-03-09 06:38:50+11:00,23930,-38.01065758801997,145.08913264609873,20.58503,-0.8000000000000114,2496,32.616,32616.0,133.0,70.0,,12,2019-03-08 19:38:50,Australia/Melbourne
2019-03-09 06:38:52+11:00,23932,-38.01079832017422,145.0892393477261,20.603240000000003,-1.0,2495,32.5656,32565.6,131.0,69.0,,12,2019-03-08 19:38:52,Australia/Melbourne
2019-03-09 06:38:59+11:00,23939,-38.011264773085706,145.08959281258282,20.66362,-0.3999999999999773,2498,29.649600000000003,29649.6,129.0,0.0,,12,2019-03-08 19:38:59,Australia/Melbourne
2019-03-09 06:39:00+11:00,23940,-38.01132864318788,145.0896370690316,20.67171,-0.3999999999999773,2498,29.430000000000003,29430.0,129.0,0.0,,12,2019-03-08 19:39:00,Australia/Melbourne
2019-03-09 06:39:06+11:00,23946,-38.011723263189204,145.08992448449138,20.72227,0.0,2500,30.4992,30499.2,132.0,71.0,,12,2019-03-08 19:39:06,Australia/Melbourne
2019-03-09 06:39:07+11:00,23947,-38.01178646273911,145.08997410535812,20.73053,0.19999999999998866,2501,30.258000000000003,30258.0,132.0,69.0,,12,2019-03-08 19:39:07,Australia/Melbourne
2019-03-09 06:39:09+11:00,23949,-38.011910431087024,145.09006261825564,20.74633,0.6000000000000227,2503,28.843200000000003,28843.2,132.0,67.0,,12,2019-03-08 19:39:09,Australia/Melbourne
2019-03-09 06:39:12+11:00,23952,-38.012084104120724,145.0901875924319,20.768520000000002,1.1999999999999886,2506,26.6904,26690.4,132.0,62.0,,12,2019-03-08 19:39:12,Australia/Melbourne
2019-03-09 06:39:16+11:00,23956,-38.01231653429568,145.09035900235173,20.79839,2.1999999999999886,2511,27.021600000000007,27021.6,135.0,60.0,,12,2019-03-08 19:39:16,Australia/Melbourne
2019-03-09 06:39:17+11:00,23957,-38.01237612962723,145.09040996432302,20.80637,2.1999999999999886,2511,27.99,27990.0,136.0,63.0,,12,2019-03-08 19:39:17,Australia/Melbourne
2019-03-09 06:39:22+11:00,23962,-38.012682991102345,145.09063736535612,20.84586,2.6000000000000227,2513,28.4832,28483.2,138.0,66.0,,12,2019-03-08 19:39:22,Australia/Melbourne
2019-03-09 06:39:30+11:00,23970,-38.013154556974776,145.09098982438445,20.90669,2.800000000000012,2514,27.032400000000006,27032.4,135.0,63.0,,12,2019-03-08 19:39:30,Australia/Melbourne
2019-03-09 06:39:31+11:00,23971,-38.01321289502084,145.09103793650866,20.91441,3.1999999999999886,2516,27.6336,27633.6,136.0,61.0,,12,2019-03-08 19:39:31,Australia/Melbourne
2019-03-09 06:39:32+11:00,23972,-38.0132719874382,145.09108630008998,20.92223,3.3999999999999773,2517,28.076400000000003,28076.4,136.0,64.0,,12,2019-03-08 19:39:32,Australia/Melbourne
2019-03-09 06:39:38+11:00,23978,-38.013626290485256,145.09141646325588,20.9711,3.8000000000000114,2519,29.5884,29588.4,136.0,67.0,,12,2019-03-08 19:39:38,Australia/Melbourne
2019-03-09 06:39:46+11:00,23986,-38.01409014500677,145.0918748695403,21.03644,3.6000000000000227,2518,28.0656,28065.6,137.0,56.0,,12,2019-03-08 19:39:46,Australia/Melbourne
2019-03-09 06:39:47+11:00,23987,-38.014144795015454,145.09193203411996,21.044320000000003,3.8000000000000114,2519,27.936,27936.0,137.0,0.0,,12,2019-03-08 19:39:47,Australia/Melbourne
2019-03-09 06:39:54+11:00,23994,-38.01455525681377,145.0923300907016,21.10177,3.6000000000000227,2518,30.3588,30358.8,139.0,70.0,,12,2019-03-08 19:39:54,Australia/Melbourne
2019-03-09 06:40:01+11:00,24001,-38.01496521569789,145.09273963049054,21.15979,3.6000000000000227,2518,29.361600000000006,29361.6,138.0,69.0,,12,2019-03-08 19:40:01,Australia/Melbourne
2019-03-09 06:40:07+11:00,24007,-38.01531658507884,145.0930837076157,21.20913,3.3999999999999773,2517,29.2932,29293.2,135.0,68.0,,12,2019-03-08 19:40:07,Australia/Melbourne
2019-03-09 06:40:11+11:00,24011,-38.01555203273893,145.09331571869552,21.24226,3.3999999999999773,2517,29.6172,29617.2,135.0,68.0,,12,2019-03-08 19:40:11,Australia/Melbourne
2019-03-09 06:40:19+11:00,24019,-38.01603835076094,145.09376951493326,21.30936,4.199999999999989,2521,29.9916,29991.6,133.0,68.0,,12,2019-03-08 19:40:19,Australia/Melbourne
2019-03-09 06:40:21+11:00,24021,-38.016157625243075,145.0938862748444,21.3261,4.199999999999989,2521,30.1032,30103.2,133.0,70.0,,12,2019-03-08 19:40:21,Australia/Melbourne
2019-03-09 06:40:29+11:00,24029,-38.0166355613619,145.09434199891984,21.39256,3.8000000000000114,2519,30.096,30096.0,134.0,70.0,,12,2019-03-08 19:40:29,Australia/Melbourne
2019-03-09 06:40:31+11:00,24031,-38.01675575785339,145.09445968084037,21.40943,4.199999999999989,2521,29.9664,29966.4,133.0,70.0,,12,2019-03-08 19:40:31,Australia/Melbourne
2019-03-09 06:40:34+11:00,24034,-38.0169333703816,145.09463586844504,21.43449,4.399999999999976,2522,30.5892,30589.2,132.0,71.0,,12,2019-03-08 19:40:34,Australia/Melbourne
2019-03-09 06:40:40+11:00,24040,-38.01729773171246,145.0949827954173,21.485129999999998,4.199999999999989,2521,30.5676,30567.6,131.0,61.0,,12,2019-03-08 19:40:40,Australia/Melbourne
2019-03-09 06:40:48+11:00,24048,-38.01779779605568,145.09541857056317,21.552580000000006,4.199999999999989,2521,30.664800000000003,30664.8,130.0,70.0,,12,2019-03-08 19:40:48,Australia/Melbourne
2019-03-09 06:40:50+11:00,24050,-38.01792679354549,145.09552393108606,21.56963,4.399999999999976,2522,30.873600000000003,30873.6,130.0,70.0,,12,2019-03-08 19:40:50,Australia/Melbourne
2019-03-09 06:40:57+11:00,24057,-38.01839970052242,145.09588745422658,21.63106,4.399999999999976,2522,31.6296,31629.6,132.0,72.0,,12,2019-03-08 19:40:57,Australia/Melbourne
2019-03-09 06:41:00+11:00,24060,-38.01860136911272,145.09603925049302,21.657120000000003,4.399999999999976,2522,31.212,31212.0,130.0,72.0,,12,2019-03-08 19:41:00,Australia/Melbourne
2019-03-09 06:41:06+11:00,24066,-38.0189620424062,145.096300765872,21.70326,4.199999999999989,2521,25.5888,25588.8,130.0,0.0,,12,2019-03-08 19:41:06,Australia/Melbourne
2019-03-09 06:41:12+11:00,24072,-38.01929706707597,145.09654744528234,21.74631,4.0,2520,23.6484,23648.4,132.0,0.0,,12,2019-03-08 19:41:12,Australia/Melbourne
2019-03-09 06:41:14+11:00,24074,-38.01940125413239,145.09662514552474,21.75974,4.0,2520,23.7384,23738.4,128.0,0.0,,12,2019-03-08 19:41:14,Australia/Melbourne
2019-03-09 06:41:16+11:00,24076,-38.01950426772237,145.0966961402446,21.77276,4.0,2520,23.8932,23893.2,124.0,0.0,,12,2019-03-08 19:41:16,Australia/Melbourne
2019-03-09 06:41:20+11:00,24080,-38.01972772926092,145.09687894955275,21.8023,4.0,2520,28.0116,28011.6,127.0,64.0,,12,2019-03-08 19:41:20,Australia/Melbourne
2019-03-09 06:41:23+11:00,24083,-38.01992302760482,145.0970226153731,21.827379999999998,3.8000000000000114,2519,29.948400000000003,29948.4,130.0,68.0,,12,2019-03-08 19:41:23,Australia/Melbourne
2019-03-09 06:41:27+11:00,24087,-38.020164258778095,145.09718924760818,21.8579,4.199999999999989,2521,27.5328,27532.8,129.0,37.0,,12,2019-03-08 19:41:27,Australia/Melbourne
2019-03-09 06:41:35+11:00,24095,-38.02065728232265,145.09755645878613,21.921429999999997,3.6000000000000227,2518,29.282400000000006,29282.4,130.0,66.0,,12,2019-03-08 19:41:35,Australia/Melbourne
2019-03-09 06:41:43+11:00,24103,-38.021181151270866,145.09794001467526,21.98862,3.6000000000000227,2518,30.3516,30351.6,131.0,70.0,,12,2019-03-08 19:41:43,Australia/Melbourne
2019-03-09 06:41:45+11:00,24105,-38.02131190896034,145.098039759323,22.00558,4.199999999999989,2521,30.276,30276.0,130.0,70.0,,12,2019-03-08 19:41:45,Australia/Melbourne
2019-03-09 06:41:49+11:00,24109,-38.021589601412416,145.09824251756072,22.041179999999997,3.6000000000000227,2518,32.9436,32943.6,133.0,77.0,,12,2019-03-08 19:41:49,Australia/Melbourne
2019-03-09 06:41:53+11:00,24113,-38.021882213652134,145.09846547618508,22.0791,3.6000000000000227,2518,33.93000000000001,33930.0,135.0,78.0,,12,2019-03-08 19:41:53,Australia/Melbourne
2019-03-09 06:42:00+11:00,24120,-38.02240432240069,145.09884852916002,22.1461,3.8000000000000114,2519,34.686,34686.0,137.0,79.0,,12,2019-03-08 19:42:00,Australia/Melbourne
2019-03-09 06:42:02+11:00,24122,-38.02255150862038,145.0989528838545,22.164839999999998,4.0,2520,33.606,33606.0,138.0,63.0,,12,2019-03-08 19:42:02,Australia/Melbourne
2019-03-09 06:42:08+11:00,24128,-38.02296775393189,145.0992591585964,22.21829,4.0,2520,32.19840000000001,32198.4,135.0,72.0,,12,2019-03-08 19:42:08,Australia/Melbourne
2019-03-09 06:42:10+11:00,24130,-38.023109491914504,145.09936326183382,22.23649,4.0,2520,32.940000000000005,32940.0,136.0,76.0,,12,2019-03-08 19:42:10,Australia/Melbourne
2019-03-09 06:42:17+11:00,24137,-38.02361123263836,145.0997316464782,22.3009,4.399999999999976,2522,33.4116,33411.6,137.0,77.0,,12,2019-03-08 19:42:17,Australia/Melbourne
2019-03-09 06:42:21+11:00,24141,-38.02390552125871,145.09994186460972,22.338420000000003,4.399999999999976,2522,33.8832,33883.200000000004,136.0,78.0,,12,2019-03-08 19:42:21,Australia/Melbourne
2019-03-09 06:42:28+11:00,24148,-38.024420756846666,145.1002848520875,22.403080000000006,4.399999999999976,2522,34.1208,34120.8,135.0,79.0,,12,2019-03-08 19:42:28,Australia/Melbourne
2019-03-09 06:42:35+11:00,24155,-38.024951498955495,145.10059439577162,22.46796,4.0,2520,32.652,32652.0,132.0,0.0,,12,2019-03-08 19:42:35,Australia/Melbourne
2019-03-09 06:42:37+11:00,24157,-38.02510119974613,145.1006873510778,22.48648,4.199999999999989,2521,33.13440000000001,33134.4,133.0,77.0,,12,2019-03-08 19:42:37,Australia/Melbourne
2019-03-09 06:42:44+11:00,24164,-38.02563847973943,145.1009995769709,22.55211,4.0,2520,33.6744,33674.4,134.0,77.0,,12,2019-03-08 19:42:44,Australia/Melbourne
2019-03-09 06:42:47+11:00,24167,-38.02586898207665,145.10112740099433,22.58005,3.8000000000000114,2519,33.1092,33109.200000000004,133.0,77.0,,12,2019-03-08 19:42:47,Australia/Melbourne
2019-03-09 06:42:54+11:00,24174,-38.02639871835709,145.10143308900297,22.644679999999997,3.8000000000000114,2519,33.13440000000001,33134.4,131.0,76.0,,12,2019-03-08 19:42:54,Australia/Melbourne
2019-03-09 06:42:55+11:00,24175,-38.026473987847574,145.10147684253755,22.653879999999997,3.6000000000000227,2518,33.098400000000005,33098.4,131.0,76.0,,12,2019-03-08 19:42:55,Australia/Melbourne
2019-03-09 06:42:56+11:00,24176,-38.026549592614174,145.10152319446206,22.66321,3.3999999999999773,2517,33.12,33120.0,130.0,77.0,,12,2019-03-08 19:42:56,Australia/Melbourne
2019-03-09 06:43:02+11:00,24182,-38.027001796290286,145.1017862185836,22.718490000000006,3.6000000000000227,2518,33.0336,33033.6,129.0,59.0,,12,2019-03-08 19:43:02,Australia/Melbourne
2019-03-09 06:43:09+11:00,24189,-38.02750831469894,145.1020864583552,22.78059,3.0,2515,32.77800000000001,32778.0,132.0,76.0,,12,2019-03-08 19:43:09,Australia/Melbourne
2019-03-09 06:43:10+11:00,24190,-38.027584254741676,145.10213079862297,22.78987,3.6000000000000227,2518,33.1524,33152.4,133.0,78.0,,12,2019-03-08 19:43:10,Australia/Melbourne
2019-03-09 06:43:14+11:00,24194,-38.027895223349326,145.10230413638055,22.8276,3.8000000000000114,2519,33.735600000000005,33735.6,136.0,77.0,,12,2019-03-08 19:43:14,Australia/Melbourne
2019-03-09 06:43:19+11:00,24199,-38.02827081643046,145.10252248495814,22.873479999999997,4.0,2520,32.3208,32320.8,134.0,62.0,,12,2019-03-08 19:43:19,Australia/Melbourne
2019-03-09 06:43:26+11:00,24206,-38.028797283768654,145.10283915326,22.9382,3.6000000000000227,2518,33.821999999999996,33822.0,134.0,76.0,,12,2019-03-08 19:43:26,Australia/Melbourne
2019-03-09 06:43:27+11:00,24207,-38.028873475268476,145.10288315825161,22.9475,3.6000000000000227,2518,33.5412,33541.200000000004,134.0,79.0,,12,2019-03-08 19:43:27,Australia/Melbourne
2019-03-09 06:43:34+11:00,24214,-38.029393069446094,145.10319496504962,23.01135,4.0,2520,32.7348,32734.8,135.0,75.0,,12,2019-03-08 19:43:34,Australia/Melbourne
2019-03-09 06:43:36+11:00,24216,-38.02954109385609,145.10328339412808,23.02952,4.0,2520,32.6592,32659.2,134.0,78.0,,12,2019-03-08 19:43:36,Australia/Melbourne
2019-03-09 06:43:43+11:00,24223,-38.03006655536592,145.10358782485127,23.09368,3.6000000000000227,2518,32.8284,32828.4,133.0,77.0,,12,2019-03-08 19:43:43,Australia/Melbourne
2019-03-09 06:43:46+11:00,24226,-38.030292447656386,145.10371388867497,23.12109,3.6000000000000227,2518,32.562,32562.0,133.0,63.0,,12,2019-03-08 19:43:46,Australia/Melbourne
2019-03-09 06:43:53+11:00,24233,-38.03080718033016,145.1040203310549,23.18425,3.8000000000000114,2519,32.464800000000004,32464.8,134.0,73.0,,12,2019-03-08 19:43:53,Australia/Melbourne
2019-03-09 06:43:54+11:00,24234,-38.03088060580193,145.10406425222754,23.193260000000002,3.6000000000000227,2518,32.9544,32954.4,134.0,75.0,,12,2019-03-08 19:43:54,Australia/Melbourne
2019-03-09 06:44:01+11:00,24241,-38.031409671530135,145.10436994023618,23.25783,4.0,2520,32.6988,32698.8,134.0,21.0,,12,2019-03-08 19:44:01,Australia/Melbourne
2019-03-09 06:44:07+11:00,24247,-38.03185625933111,145.1046431902796,23.312900000000006,3.8000000000000114,2519,33.3576,33357.6,134.0,75.0,,12,2019-03-08 19:44:07,Australia/Melbourne
2019-03-09 06:44:14+11:00,24254,-38.032393539324396,145.10495206341147,23.378420000000002,3.6000000000000227,2518,34.0056,34005.6,135.0,79.0,,12,2019-03-08 19:44:14,Australia/Melbourne
2019-03-09 06:44:18+11:00,24258,-38.032704256474965,145.1051360461861,23.4165,3.3999999999999773,2517,34.5492,34549.200000000004,135.0,79.0,,12,2019-03-08 19:44:18,Australia/Melbourne
2019-03-09 06:44:25+11:00,24265,-38.033244721591466,145.10545497760177,23.4827,3.3999999999999773,2517,33.37560000000001,33375.6,134.0,79.0,,12,2019-03-08 19:44:25,Australia/Melbourne
2019-03-09 06:44:27+11:00,24267,-38.03339752368629,145.10554315522313,23.50134,3.6000000000000227,2518,33.6636,33663.6,134.0,76.0,,12,2019-03-08 19:44:27,Australia/Melbourne
2019-03-09 06:44:34+11:00,24274,-38.03391988389193,145.1058712229133,23.56609,3.6000000000000227,2518,33.426,33426.0,133.0,77.0,,12,2019-03-08 19:44:34,Australia/Melbourne
2019-03-09 06:44:36+11:00,24276,-38.03407209925353,145.1059605740011,23.58471,3.6000000000000227,2518,32.8284,32828.4,133.0,76.0,,12,2019-03-08 19:44:36,Australia/Melbourne
2019-03-09 06:44:43+11:00,24283,-38.03459605202079,145.1062685251236,23.64885,3.6000000000000227,2518,34.1856,34185.6,134.0,77.0,,12,2019-03-08 19:44:43,Australia/Melbourne
2019-03-09 06:44:44+11:00,24284,-38.034672997891896,145.10631521232426,23.65832,3.8000000000000114,2519,34.2864,34286.4,135.0,79.0,,12,2019-03-08 19:44:44,Australia/Melbourne
2019-03-09 06:44:51+11:00,24291,-38.035225616767995,145.10663967579603,23.72594,3.1999999999999886,2516,34.4196,34419.6,137.0,61.0,,12,2019-03-08 19:44:51,Australia/Melbourne
2019-03-09 06:44:54+11:00,24294,-38.03545754402876,145.10677135549489,23.754170000000002,3.1999999999999886,2516,33.2316,33231.6,133.0,0.0,,12,2019-03-08 19:44:54,Australia/Melbourne
2019-03-09 06:44:55+11:00,24295,-38.035532478243105,145.10681443847716,23.7633,3.1999999999999886,2516,32.7492,32749.2,132.0,0.0,,12,2019-03-08 19:44:55,Australia/Melbourne
2019-03-09 06:45:02+11:00,24302,-38.036060202866786,145.1071366388351,23.82835,3.0,2515,34.47,34470.0,132.0,78.0,,12,2019-03-08 19:45:02,Australia/Melbourne
2019-03-09 06:45:05+11:00,24305,-38.03628659807145,145.1072857528925,23.85667,2.800000000000012,2514,34.0848,34084.8,132.0,79.0,,12,2019-03-08 19:45:05,Australia/Melbourne
2019-03-09 06:45:12+11:00,24312,-38.036828991025686,145.10759529657665,23.92272,3.1999999999999886,2516,34.361999999999995,34362.0,132.0,80.0,,12,2019-03-08 19:45:12,Australia/Melbourne
2019-03-09 06:45:14+11:00,24314,-38.03698715753853,145.1076803728938,23.9418,3.1999999999999886,2516,34.4376,34437.6,133.0,78.0,,12,2019-03-08 19:45:14,Australia/Melbourne
2019-03-09 06:45:21+11:00,24321,-38.03753516636789,145.1079889945686,24.00839,3.6000000000000227,2518,33.3288,33328.8,133.0,78.0,,12,2019-03-08 19:45:21,Australia/Melbourne
2019-03-09 06:45:23+11:00,24323,-38.037686459720135,145.10807960294187,24.02697,3.8000000000000114,2519,33.048,33048.0,133.0,77.0,,12,2019-03-08 19:45:23,Australia/Melbourne
2019-03-09 06:45:27+11:00,24327,-38.03794571198522,145.10822863318026,24.058580000000006,3.8000000000000114,2519,25.4376,25437.6,134.0,0.0,,12,2019-03-08 19:45:27,Australia/Melbourne
2019-03-09 06:45:29+11:00,24329,-38.038056939840324,145.10829552076754,24.07224,3.8000000000000114,2519,23.76,23760.0,131.0,0.0,,12,2019-03-08 19:45:29,Australia/Melbourne
2019-03-09 06:45:32+11:00,24332,-38.03817990235984,145.1083751488477,24.08759,4.199999999999989,2521,14.1156,14115.6,131.0,0.0,,12,2019-03-08 19:45:32,Australia/Melbourne
2019-03-09 06:45:37+11:00,24337,-38.038291968405254,145.10843826457858,24.1012,4.0,2520,7.3872,7387.2,133.0,0.0,,12,2019-03-08 19:45:37,Australia/Melbourne
2019-03-09 06:45:39+11:00,24339,-38.03832214325666,145.1084603089839,24.10507,4.0,2520,6.2604000000000015,6260.4000000000015,130.0,0.0,,12,2019-03-08 19:45:39,Australia/Melbourne
2019-03-09 06:45:42+11:00,24342,-38.038356509059675,145.10848553851247,24.10949,4.0,2520,4.8132,4813.2,127.0,0.0,,12,2019-03-08 19:45:42,Australia/Melbourne
2019-03-09 06:45:44+11:00,24344,-38.03838031366468,145.10849660262463,24.112270000000002,4.0,2520,4.6800000000000015,4680.0,123.0,0.0,,12,2019-03-08 19:45:44,Australia/Melbourne
2019-03-09 06:45:45+11:00,24345,-38.03839154541493,145.1085025537759,24.11361,4.0,2520,4.4892,4489.2,121.0,0.0,,12,2019-03-08 19:45:45,Australia/Melbourne
2019-03-09 06:45:49+11:00,24349,-38.0384308565408,145.10852283798158,24.1183,4.0,2520,3.5136,3513.6,118.0,0.0,,12,2019-03-08 19:45:49,Australia/Melbourne
2019-03-09 06:45:53+11:00,24353,-38.03844678215683,145.10853113606572,24.12023,4.0,2520,2.3400000000000003,2340.0,122.0,0.0,,12,2019-03-08 19:45:53,Australia/Melbourne
2019-03-09 06:45:54+11:00,24354,-38.03844653069972,145.10853130370378,24.12023,4.0,2520,1.5264,1526.4,125.0,0.0,,12,2019-03-08 19:45:54,Australia/Melbourne
2019-03-09 06:46:14+11:00,24374,-38.038464970886714,145.10854102671146,24.12023,4.0,2520,7.7796,7779.6,128.0,0.0,,12,2019-03-08 19:46:14,Australia/Melbourne
2019-03-09 06:46:15+11:00,24375,-38.038482908159494,145.10855150409046,24.12242,4.0,2520,7.002000000000002,7002.0,131.0,0.0,,12,2019-03-08 19:46:15,Australia/Melbourne
2019-03-09 06:46:16+11:00,24376,-38.03850126452743,145.10856265202162,24.124670000000002,4.0,2520,7.8948,7894.8,132.0,0.0,,12,2019-03-08 19:46:16,Australia/Melbourne
2019-03-09 06:46:18+11:00,24378,-38.03854644298553,145.1085990294814,24.13062,3.8000000000000114,2519,11.628,11628.0,126.0,0.0,,12,2019-03-08 19:46:18,Australia/Melbourne
2019-03-09 06:46:19+11:00,24379,-38.038579216226935,145.10861922986803,24.13466,3.8000000000000114,2519,15.4908,15490.8,127.0,0.0,,12,2019-03-08 19:46:19,Australia/Melbourne
2019-03-09 06:46:20+11:00,24380,-38.03861659951508,145.10864194482562,24.13927,3.6000000000000227,2518,16.2576,16257.6,130.0,0.0,,12,2019-03-08 19:46:20,Australia/Melbourne
2019-03-09 06:46:24+11:00,24384,-38.03880603052676,145.1087549328804,24.16252,3.1999999999999886,2516,24.21,24210.0,134.0,55.0,,12,2019-03-08 19:46:24,Australia/Melbourne
2019-03-09 06:46:25+11:00,24385,-38.038866547867656,145.10879214853045,24.16999,3.0,2515,27.936,27936.0,135.0,60.0,,12,2019-03-08 19:46:25,Australia/Melbourne
2019-03-09 06:46:28+11:00,24388,-38.03907064720988,145.1089174579829,24.19518,3.1999999999999886,2516,30.4956,30495.6,139.0,69.0,,12,2019-03-08 19:46:28,Australia/Melbourne
2019-03-09 06:46:31+11:00,24391,-38.039288325235255,145.10904360562563,24.22176,3.0,2515,32.8536,32853.6,141.0,73.0,,12,2019-03-08 19:46:31,Australia/Melbourne
2019-03-09 06:46:34+11:00,24394,-38.03951907902957,145.10917763225734,24.24994,2.800000000000012,2514,33.9444,33944.4,144.0,79.0,,12,2019-03-08 19:46:34,Australia/Melbourne
2019-03-09 06:46:35+11:00,24395,-38.0395966116339,145.1092232298106,24.25943,2.1999999999999886,2511,33.9012,33901.200000000004,145.0,84.0,,12,2019-03-08 19:46:35,Australia/Melbourne
2019-03-09 06:46:38+11:00,24398,-38.039834741503,145.1093641296029,24.28861,3.3999999999999773,2517,35.0676,35067.6,146.0,81.0,,12,2019-03-08 19:46:38,Australia/Melbourne
2019-03-09 06:46:44+11:00,24404,-38.040320221334696,145.10965908877554,24.3484,3.0,2515,36.3348,36334.8,149.0,83.0,,12,2019-03-08 19:46:44,Australia/Melbourne
2019-03-09 06:46:45+11:00,24405,-38.04040353745222,145.10970862582326,24.358620000000002,3.0,2515,36.6336,36633.6,149.0,85.0,,12,2019-03-08 19:46:45,Australia/Melbourne
2019-03-09 06:46:51+11:00,24411,-38.040914749726646,145.1100120507181,24.421290000000006,3.1999999999999886,2516,37.6092,37609.2,151.0,88.0,,12,2019-03-08 19:46:51,Australia/Melbourne
2019-03-09 06:46:54+11:00,24414,-38.04117207415403,145.11016527190804,24.45287,3.1999999999999886,2516,37.0512,37051.2,152.0,86.0,,12,2019-03-08 19:46:54,Australia/Melbourne
2019-03-09 06:47:00+11:00,24420,-38.04168437607585,145.11045654304326,24.51521,3.6000000000000227,2518,36.0972,36097.2,152.0,84.0,,12,2019-03-08 19:47:00,Australia/Melbourne
2019-03-09 06:47:04+11:00,24424,-38.04202350787817,145.11064982973042,24.5565,4.0,2520,36.1656,36165.6,151.0,84.0,,12,2019-03-08 19:47:04,Australia/Melbourne
2019-03-09 06:47:10+11:00,24430,-38.04252633824945,145.11093523353338,24.61767,4.0,2520,35.902800000000006,35902.8,151.0,85.0,,12,2019-03-08 19:47:10,Australia/Melbourne
2019-03-09 06:47:14+11:00,24434,-38.042864799499505,145.11112642474473,24.658810000000006,3.8000000000000114,2519,36.3168,36316.8,151.0,84.0,,12,2019-03-08 19:47:14,Australia/Melbourne
2019-03-09 06:47:20+11:00,24440,-38.04335966706276,145.1114202104509,24.7195,3.6000000000000227,2518,35.4528,35452.8,147.0,84.0,,12,2019-03-08 19:47:20,Australia/Melbourne
2019-03-09 06:47:25+11:00,24445,-38.043767530471094,145.11165565811095,24.76926,3.8000000000000114,2519,36.1872,36187.2,146.0,84.0,,12,2019-03-08 19:47:25,Australia/Melbourne
2019-03-09 06:47:30+11:00,24450,-38.0441724602133,145.11189546436069,24.818900000000006,4.0,2520,35.5428,35542.8,143.0,81.0,,12,2019-03-08 19:47:30,Australia/Melbourne
2019-03-09 06:47:36+11:00,24456,-38.044664226472385,145.11218120343986,24.87897,3.8000000000000114,2519,36.4536,36453.6,140.0,84.0,,12,2019-03-08 19:47:36,Australia/Melbourne
2019-03-09 06:47:43+11:00,24463,-38.045230340212576,145.11251916177568,24.94846,3.3999999999999773,2517,35.5896,35589.6,137.0,83.0,,12,2019-03-08 19:47:43,Australia/Melbourne
2019-03-09 06:47:45+11:00,24465,-38.04539336822928,145.1126087643206,24.96819,3.6000000000000227,2518,35.29080000000001,35290.8,137.0,81.0,,12,2019-03-08 19:47:45,Australia/Melbourne
2019-03-09 06:47:51+11:00,24471,-38.04587507620454,145.1128920726478,25.027160000000002,3.0,2515,35.70840000000001,35708.4,134.0,81.0,,12,2019-03-08 19:47:51,Australia/Melbourne
2019-03-09 06:47:55+11:00,24475,-38.046198450028896,145.1130784023553,25.0666,4.0,2520,35.1612,35161.200000000004,135.0,81.0,,12,2019-03-08 19:47:55,Australia/Melbourne
2019-03-09 06:48:00+11:00,24480,-38.04659516550601,145.11329616419968,25.11461,3.8000000000000114,2519,33.7824,33782.4,132.0,46.0,,12,2019-03-08 19:48:00,Australia/Melbourne
2019-03-09 06:48:03+11:00,24483,-38.04683639667928,145.11341309174895,25.14328,3.8000000000000114,2519,34.9308,34930.8,132.0,79.0,,12,2019-03-08 19:48:03,Australia/Melbourne
2019-03-09 06:48:07+11:00,24487,-38.04717569611967,145.1135675702244,25.18331,3.6000000000000227,2518,36.162,36162.0,135.0,83.0,,12,2019-03-08 19:48:07,Australia/Melbourne
2019-03-09 06:48:10+11:00,24490,-38.047439474612474,145.11368558742106,25.214370000000002,3.6000000000000227,2518,38.628,38628.0,137.0,87.0,,12,2019-03-08 19:48:10,Australia/Melbourne
2019-03-09 06:48:15+11:00,24495,-38.04790031164885,145.11389572173357,25.26874,3.3999999999999773,2517,38.9664,38966.4,140.0,91.0,,12,2019-03-08 19:48:15,Australia/Melbourne
2019-03-09 06:48:19+11:00,24499,-38.048274898901575,145.11407350189987,25.31315,3.0,2515,40.18680000000001,40186.8,143.0,92.0,,12,2019-03-08 19:48:19,Australia/Melbourne
2019-03-09 06:48:25+11:00,24505,-38.048833385109894,145.11433937586844,25.379379999999998,2.6000000000000227,2513,39.4884,39488.4,144.0,91.0,,12,2019-03-08 19:48:25,Australia/Melbourne
2019-03-09 06:48:27+11:00,24507,-38.04901326075196,145.1144309900701,25.40091,2.800000000000012,2514,37.8,37800.0,144.0,89.0,,12,2019-03-08 19:48:27,Australia/Melbourne
2019-03-09 06:48:31+11:00,24511,-38.04935624822974,145.11460114270452,25.44181,2.800000000000012,2514,35.8776,35877.6,141.0,0.0,,12,2019-03-08 19:48:31,Australia/Melbourne
2019-03-09 06:48:34+11:00,24514,-38.04960929788649,145.11473072692752,25.47211,3.6000000000000227,2518,36.9144,36914.4,141.0,86.0,,12,2019-03-08 19:48:34,Australia/Melbourne
2019-03-09 06:48:40+11:00,24520,-38.050114726647735,145.11500330641866,25.5331,3.8000000000000114,2519,37.1124,37112.4,142.0,84.0,,12,2019-03-08 19:48:40,Australia/Melbourne
2019-03-09 06:48:43+11:00,24523,-38.0503723025322,145.11512341909108,25.563570000000002,4.0,2520,36.432,36432.0,143.0,84.0,,12,2019-03-08 19:48:43,Australia/Melbourne
2019-03-09 06:48:49+11:00,24529,-38.050885107368224,145.1153509039432,25.62389,3.3999999999999773,2517,36.69840000000001,36698.4,143.0,84.0,,12,2019-03-08 19:48:49,Australia/Melbourne
2019-03-09 06:48:54+11:00,24534,-38.05131996050478,145.11553899385038,25.67491,3.6000000000000227,2518,36.936,36936.0,143.0,85.0,,12,2019-03-08 19:48:54,Australia/Melbourne
2019-03-09 06:49:00+11:00,24540,-38.051841650158174,145.11577192693952,25.73631,3.3999999999999773,2517,36.6948,36694.8,143.0,83.0,,12,2019-03-08 19:49:00,Australia/Melbourne
2019-03-09 06:49:03+11:00,24543,-38.05210140533745,145.11589002795515,25.76696,3.8000000000000114,2519,36.6012,36601.2,141.0,84.0,,12,2019-03-08 19:49:03,Australia/Melbourne
2019-03-09 06:49:10+11:00,24550,-38.05268218740821,145.11616076342762,25.83566,3.6000000000000227,2518,35.711999999999996,35712.0,138.0,82.0,,12,2019-03-08 19:49:10,Australia/Melbourne
2019-03-09 06:49:11+11:00,24551,-38.05276558734477,145.11619848199192,25.845489999999998,3.8000000000000114,2519,35.10720000000001,35107.200000000004,138.0,81.0,,12,2019-03-08 19:49:11,Australia/Melbourne
2019-03-09 06:49:18+11:00,24558,-38.05333212018014,145.11649243533608,25.91348,3.6000000000000227,2518,34.714800000000004,34714.8,137.0,78.0,,12,2019-03-08 19:49:18,Australia/Melbourne
2019-03-09 06:49:19+11:00,24559,-38.05341258645058,145.116534428671,25.92314,3.6000000000000227,2518,34.5708,34570.8,137.0,79.0,,12,2019-03-08 19:49:19,Australia/Melbourne
2019-03-09 06:49:26+11:00,24566,-38.053996050730355,145.11679703369737,25.99189,3.6000000000000227,2518,35.4492,35449.200000000004,136.0,81.0,,12,2019-03-08 19:49:26,Australia/Melbourne
2019-03-09 06:49:33+11:00,24573,-38.05457121692598,145.11706131510437,26.05981,3.3999999999999773,2517,34.5384,34538.4,135.0,79.0,,12,2019-03-08 19:49:33,Australia/Melbourne
2019-03-09 06:49:37+11:00,24577,-38.0548908188939,145.11720104143023,26.09734,3.8000000000000114,2519,31.312800000000006,31312.8,134.0,64.0,,12,2019-03-08 19:49:37,Australia/Melbourne
2019-03-09 06:49:42+11:00,24582,-38.05521167814732,145.1173558551818,26.135460000000002,3.6000000000000227,2518,25.3224,25322.4,130.0,0.0,,12,2019-03-08 19:49:42,Australia/Melbourne
2019-03-09 06:49:48+11:00,24588,-38.055515689775355,145.1174776442349,26.17087,3.8000000000000114,2519,15.829200000000002,15829.2,129.0,0.0,,12,2019-03-08 19:49:48,Australia/Melbourne
2019-03-09 06:49:51+11:00,24591,-38.05559615604579,145.1175064779818,26.18014,3.8000000000000114,2519,6.9084,6908.4000000000015,126.0,0.0,,12,2019-03-08 19:49:51,Australia/Melbourne
2019-03-09 06:49:52+11:00,24592,-38.05561065673828,145.11751192621887,26.181820000000002,4.0,2520,5.8752,5875.2,124.0,0.0,,12,2019-03-08 19:49:52,Australia/Melbourne
2019-03-09 06:49:53+11:00,24593,-38.05562431924045,145.11751326732337,26.183320000000002,4.0,2520,5.4468,5446.8,121.0,0.0,,12,2019-03-08 19:49:53,Australia/Melbourne
2019-03-09 06:49:56+11:00,24596,-38.05564301088452,145.11751435697082,26.18538,4.0,2520,2.9772,2977.2000000000007,117.0,0.0,,12,2019-03-08 19:49:56,Australia/Melbourne
2019-03-09 06:49:58+11:00,24598,-38.05564175359905,145.11751427315173,26.18538,4.0,2520,0.0,0.0,119.0,0.0,,12,2019-03-08 19:49:58,Australia/Melbourne
2019-03-09 06:49:59+11:00,24599,-38.055642424151294,145.11751435697082,26.18546,4.0,2520,1.6236000000000002,1623.6,122.0,0.0,,12,2019-03-08 19:49:59,Australia/Melbourne
2019-03-09 06:50:00+11:00,24600,-38.05564284324646,145.11751485988498,26.18552,4.0,2520,2.8188,2818.8,125.0,0.0,,12,2019-03-08 19:50:00,Australia/Melbourne
2019-03-09 06:50:02+11:00,24602,-38.05566187016665,145.1175203919411,26.18766,4.0,2520,5.8176000000000005,5817.6,128.0,0.0,,12,2019-03-08 19:50:02,Australia/Melbourne
2019-03-09 06:50:03+11:00,24603,-38.05568081326783,145.11752810329202,26.18984,4.0,2520,6.8616,6861.6,130.0,0.0,,12,2019-03-08 19:50:03,Australia/Melbourne
2019-03-09 06:50:07+11:00,24607,-38.055816935375326,145.11759096756575,26.20595,3.8000000000000114,2519,18.540000000000006,18540.0,131.0,0.0,,12,2019-03-08 19:50:07,Australia/Melbourne
2019-03-09 06:50:08+11:00,24608,-38.055864796042435,145.11761225759986,26.211570000000002,3.3999999999999773,2517,20.1024,20102.4,132.0,0.0,,12,2019-03-08 19:50:08,Australia/Melbourne
2019-03-09 06:50:12+11:00,24612,-38.05610636249185,145.11768585070968,26.23916,3.0,2515,26.8164,26816.4,136.0,60.0,,12,2019-03-08 19:50:12,Australia/Melbourne
2019-03-09 06:50:16+11:00,24616,-38.05640073493122,145.11778400279582,26.27295,2.3999999999999773,2512,31.752,31752.0,140.0,70.0,,12,2019-03-08 19:50:16,Australia/Melbourne
2019-03-09 06:50:18+11:00,24618,-38.056563092395656,145.11783412657678,26.2915,2.6000000000000227,2513,32.5728,32572.8,143.0,76.0,,12,2019-03-08 19:50:18,Australia/Melbourne
2019-03-09 06:50:24+11:00,24624,-38.0570676829666,145.11800847016275,26.34957,3.0,2515,34.5096,34509.6,146.0,80.0,,12,2019-03-08 19:50:24,Australia/Melbourne
2019-03-09 06:50:26+11:00,24626,-38.05724026635289,145.11807242408398,26.36953,3.3999999999999773,2517,35.2296,35229.6,146.0,81.0,,12,2019-03-08 19:50:26,Australia/Melbourne
2019-03-09 06:50:32+11:00,24632,-38.05777100846171,145.11825816705826,26.430659999999996,3.1999999999999886,2516,36.4788,36478.8,148.0,84.0,,12,2019-03-08 19:50:32,Australia/Melbourne
2019-03-09 06:50:36+11:00,24636,-38.058132855221636,145.1183825545013,26.47228,3.0,2515,36.684,36684.0,150.0,84.0,,12,2019-03-08 19:50:36,Australia/Melbourne
2019-03-09 06:50:42+11:00,24642,-38.05868119932711,145.11857114732263,26.53535,3.3999999999999773,2517,36.9036,36903.6,151.0,86.0,,12,2019-03-08 19:50:42,Australia/Melbourne
2019-03-09 06:50:46+11:00,24646,-38.0590427108109,145.11868899688125,26.57678,3.1999999999999886,2516,35.98920000000001,35989.200000000004,151.0,84.0,,12,2019-03-08 19:50:46,Australia/Melbourne
2019-03-09 06:50:52+11:00,24652,-38.05957512930036,145.11886317282915,26.63782,3.6000000000000227,2518,35.0316,35031.6,149.0,80.0,,12,2019-03-08 19:50:52,Australia/Melbourne
2019-03-09 06:50:55+11:00,24655,-38.059828095138066,145.11895210482183,26.666959999999996,3.6000000000000227,2518,35.0424,35042.4,148.0,81.0,,12,2019-03-08 19:50:55,Australia/Melbourne
2019-03-09 06:51:02+11:00,24662,-38.06043427437544,145.119137596339,26.7362,3.6000000000000227,2518,35.514,35514.0,147.0,82.0,,12,2019-03-08 19:51:02,Australia/Melbourne
2019-03-09 06:51:06+11:00,24666,-38.060776758939035,145.11922233738002,26.77494,3.8000000000000114,2519,34.4916,34491.6,144.0,64.0,,12,2019-03-08 19:51:06,Australia/Melbourne
2019-03-09 06:51:11+11:00,24671,-38.06120775640011,145.11930976063013,26.823400000000003,3.3999999999999773,2517,35.132400000000004,35132.4,142.0,80.0,,12,2019-03-08 19:51:11,Australia/Melbourne
2019-03-09 06:51:18+11:00,24678,-38.06182835251093,145.11939668096605,26.89269,3.1999999999999886,2516,35.2044,35204.4,140.0,84.0,,12,2019-03-08 19:51:18,Australia/Melbourne
2019-03-09 06:51:20+11:00,24680,-38.062004037201405,145.11942283250391,26.912329999999997,3.0,2515,35.38440000000001,35384.4,140.0,71.0,,12,2019-03-08 19:51:20,Australia/Melbourne
2019-03-09 06:51:23+11:00,24683,-38.062256667763,145.1194608863443,26.94057,3.3999999999999773,2517,32.3496,32349.6,137.0,0.0,,11,2019-03-08 19:51:23,Australia/Melbourne
2019-03-09 06:51:26+11:00,24686,-38.06249286979437,145.11949852108955,26.966990000000006,3.6000000000000227,2518,31.093200000000003,31093.2,132.0,0.0,,11,2019-03-08 19:51:26,Australia/Melbourne
2019-03-09 06:51:27+11:00,24687,-38.062569061294205,145.11950941756368,26.975509999999996,3.3999999999999773,2517,30.4272,30427.2,131.0,0.0,,11,2019-03-08 19:51:27,Australia/Melbourne
2019-03-09 06:51:33+11:00,24693,-38.062994526699185,145.11956783942878,27.02301,3.3999999999999773,2517,25.6176,25617.6,128.0,0.0,,11,2019-03-08 19:51:33,Australia/Melbourne
2019-03-09 06:51:34+11:00,24694,-38.063058480620384,145.1195771433413,27.03016,3.3999999999999773,2517,26.1576,26157.6,126.0,0.0,,11,2019-03-08 19:51:34,Australia/Melbourne
2019-03-09 06:51:39+11:00,24699,-38.063423596322544,145.11962668038902,27.07092,3.0,2515,31.4928,31492.8,130.0,71.0,,11,2019-03-08 19:51:39,Australia/Melbourne
2019-03-09 06:51:40+11:00,24700,-38.06350456550717,145.11963983997703,27.07997,3.0,2515,32.5188,32518.8,131.0,74.0,,11,2019-03-08 19:51:40,Australia/Melbourne
2019-03-09 06:51:43+11:00,24703,-38.06375753134489,145.1196802407503,27.10827,2.800000000000012,2514,34.361999999999995,34362.0,134.0,76.0,,11,2019-03-08 19:51:43,Australia/Melbourne
2019-03-09 06:51:46+11:00,24706,-38.06401971727609,145.11971628293395,27.137559999999997,2.800000000000012,2514,35.5968,35596.8,137.0,81.0,,11,2019-03-08 19:51:46,Australia/Melbourne
2019-03-09 06:51:47+11:00,24707,-38.064109655097134,145.11973061598837,27.147609999999997,3.0,2515,35.748000000000005,35748.0,137.0,83.0,,11,2019-03-08 19:51:47,Australia/Melbourne
2019-03-09 06:51:50+11:00,24710,-38.06437804363668,145.11977202259,27.177629999999997,3.0,2515,35.8344,35834.4,140.0,82.0,,11,2019-03-08 19:51:50,Australia/Melbourne
2019-03-09 06:51:57+11:00,24717,-38.06500157341361,145.1198728568852,27.247400000000006,3.0,2515,35.711999999999996,35712.0,137.0,82.0,,11,2019-03-08 19:51:57,Australia/Melbourne
2019-03-09 06:52:03+11:00,24723,-38.06554337963462,145.11994753964242,27.3079,3.0,2515,37.1124,37112.4,138.0,83.0,,11,2019-03-08 19:52:03,Australia/Melbourne
2019-03-09 06:52:04+11:00,24724,-38.0656353291124,145.11996069923043,27.31816,3.1999999999999886,2516,35.891999999999996,35892.0,138.0,58.0,,11,2019-03-08 19:52:04,Australia/Melbourne
2019-03-09 06:52:11+11:00,24731,-38.06625978089868,145.12004619464278,27.387880000000006,3.1999999999999886,2516,35.3052,35305.200000000004,138.0,26.0,,11,2019-03-08 19:52:11,Australia/Melbourne
2019-03-09 06:52:14+11:00,24734,-38.066527834162116,145.12008684687314,27.41785,3.0,2515,36.6552,36655.2,139.0,83.0,,11,2019-03-08 19:52:14,Australia/Melbourne
2019-03-09 06:52:20+11:00,24740,-38.067071065306656,145.12016798369586,27.478559999999998,2.6000000000000227,2513,37.098,37098.0,137.0,86.0,,11,2019-03-08 19:52:20,Australia/Melbourne
2019-03-09 06:52:22+11:00,24742,-38.06725630536676,145.12019623070958,27.499270000000003,2.6000000000000227,2513,36.9648,36964.8,135.0,86.0,,11,2019-03-08 19:52:22,Australia/Melbourne
2019-03-09 06:52:25+11:00,24745,-38.06753190234304,145.12025255709887,27.53025,2.3999999999999773,2512,37.1016,37101.6,134.0,86.0,,11,2019-03-08 19:52:25,Australia/Melbourne
2019-03-09 06:52:28+11:00,24748,-38.0677897296846,145.12031860649589,27.55945,2.6000000000000227,2513,34.5996,34599.6,134.0,82.0,,11,2019-03-08 19:52:28,Australia/Melbourne
2019-03-09 06:52:35+11:00,24755,-38.06840789504349,145.1204890105873,27.62968,2.800000000000012,2514,36.45,36450.0,135.0,85.0,,11,2019-03-08 19:52:35,Australia/Melbourne
2019-03-09 06:52:36+11:00,24756,-38.06849825195968,145.12051315046847,27.63993,2.800000000000012,2514,36.3816,36381.6,135.0,82.0,,11,2019-03-08 19:52:36,Australia/Melbourne
2019-03-09 06:52:42+11:00,24762,-38.06903653778136,145.1206537988037,27.700940000000003,2.6000000000000227,2513,36.4536,36453.6,136.0,84.0,,11,2019-03-08 19:52:42,Australia/Melbourne
2019-03-09 06:52:44+11:00,24764,-38.06921741925179,145.1207016594708,27.72145,2.6000000000000227,2513,36.5328,36532.8,136.0,85.0,,11,2019-03-08 19:52:44,Australia/Melbourne
2019-03-09 06:52:50+11:00,24770,-38.06976517662407,145.12084960006175,27.783620000000003,1.8000000000000114,2509,36.8712,36871.2,136.0,67.0,,11,2019-03-08 19:52:50,Australia/Melbourne
2019-03-09 06:52:52+11:00,24772,-38.069939939305186,145.12089846655726,27.803490000000004,1.6000000000000227,2508,35.54640000000001,35546.4,134.0,0.0,,11,2019-03-08 19:52:52,Australia/Melbourne
2019-03-09 06:52:58+11:00,24778,-38.07041242718697,145.1210285536945,27.857159999999997,2.1999999999999886,2511,27.8388,27838.8,130.0,0.0,,11,2019-03-08 19:52:58,Australia/Melbourne
2019-03-09 06:53:00+11:00,24780,-38.07054251432419,145.1210653502494,27.87195,2.1999999999999886,2511,24.4224,24422.4,127.0,0.0,,11,2019-03-08 19:53:00,Australia/Melbourne
2019-03-09 06:53:02+11:00,24782,-38.07064804248512,145.12109611183402,27.88397,2.6000000000000227,2513,20.1096,20109.6,124.0,0.0,,11,2019-03-08 19:53:02,Australia/Melbourne
2019-03-09 06:53:03+11:00,24783,-38.07069146074355,145.1211102772504,27.88895,2.800000000000012,2514,17.622,17622.0,124.0,0.0,,11,2019-03-08 19:53:03,Australia/Melbourne
2019-03-09 06:53:08+11:00,24788,-38.07084736414254,145.12115688063204,27.906709999999997,2.800000000000012,2514,8.5608,8560.800000000001,126.0,0.0,,11,2019-03-08 19:53:08,Australia/Melbourne
2019-03-09 06:53:10+11:00,24790,-38.07088047266007,145.12116140685973,27.91035,2.800000000000012,2514,5.4216,5421.6,123.0,0.0,,11,2019-03-08 19:53:10,Australia/Melbourne
2019-03-09 06:53:11+11:00,24791,-38.070897990837686,145.12115671299395,27.91218,2.800000000000012,2514,4.6584,4658.4000000000015,119.0,0.0,,11,2019-03-08 19:53:11,Australia/Melbourne
2019-03-09 06:53:14+11:00,24794,-38.070932943373926,145.12116635218263,27.91615,2.800000000000012,2514,3.967200000000001,3967.2,117.0,0.0,,11,2019-03-08 19:53:14,Australia/Melbourne
2019-03-09 06:53:17+11:00,24797,-38.07095901109278,145.12117465026674,27.919130000000006,2.800000000000012,2514,2.8008,2800.8,114.0,0.0,,11,2019-03-08 19:53:17,Australia/Melbourne
2019-03-09 06:53:18+11:00,24798,-38.070959262549884,145.12117465026674,27.919159999999998,2.800000000000012,2514,3.1824,3182.4,111.0,0.0,,11,2019-03-08 19:53:18,Australia/Melbourne
2019-03-09 06:53:20+11:00,24800,-38.07096772827208,145.1211765781045,27.920140000000004,2.800000000000012,2514,2.6532,2653.2000000000007,116.0,0.0,,11,2019-03-08 19:53:20,Australia/Melbourne
2019-03-09 06:53:44+11:00,24824,-38.071010308340185,145.1211848761886,27.920140000000004,2.6000000000000227,2513,7.876800000000001,7876.8,130.0,0.0,,12,2019-03-08 19:53:44,Australia/Melbourne
2019-03-09 06:53:49+11:00,24829,-38.071159590035684,145.12123533524573,27.93729,2.6000000000000227,2513,15.75,15750.0,130.0,0.0,,12,2019-03-08 19:53:49,Australia/Melbourne
2019-03-09 06:53:51+11:00,24831,-38.071249779313796,145.1212746463716,27.94789,2.3999999999999773,2512,19.7892,19789.2,128.0,0.0,,12,2019-03-08 19:53:51,Australia/Melbourne
2019-03-09 06:53:54+11:00,24834,-38.071412052959204,145.1213349122554,27.966690000000003,2.3999999999999773,2512,25.038,25038.0,130.0,56.0,,12,2019-03-08 19:53:54,Australia/Melbourne
2019-03-09 06:53:58+11:00,24838,-38.07168823666871,145.12140858918428,27.99801,2.0,2510,29.5488,29548.8,133.0,67.0,,12,2019-03-08 19:53:58,Australia/Melbourne
2019-03-09 06:53:59+11:00,24839,-38.07176174595953,145.12143071740866,28.006400000000006,1.8000000000000114,2509,29.4732,29473.2,136.0,49.0,,12,2019-03-08 19:53:59,Australia/Melbourne
2019-03-09 06:54:02+11:00,24842,-38.071989146992564,145.1214968506247,28.0323,2.3999999999999773,2512,31.449600000000004,31449.6,139.0,73.0,,12,2019-03-08 19:54:02,Australia/Melbourne
2019-03-09 06:54:04+11:00,24844,-38.072146894410245,145.12154219672084,28.05026,2.6000000000000227,2513,33.0444,33044.4,142.0,75.0,,12,2019-03-08 19:54:04,Australia/Melbourne
2019-03-09 06:54:06+11:00,24846,-38.072310592979186,145.1215899735689,28.06891,2.3999999999999773,2512,34.038000000000004,34038.0,143.0,76.0,,12,2019-03-08 19:54:06,Australia/Melbourne
2019-03-09 06:54:12+11:00,24852,-38.072812836617224,145.12173120863739,28.12602,2.0,2510,35.046,35046.0,146.0,81.0,,12,2019-03-08 19:54:12,Australia/Melbourne
2019-03-09 06:54:14+11:00,24854,-38.07298810221255,145.12177613563838,28.14586,1.8000000000000114,2509,35.3448,35344.8,147.0,84.0,,12,2019-03-08 19:54:14,Australia/Melbourne
2019-03-09 06:54:17+11:00,24857,-38.07326244190335,145.1218428555876,28.17688,1.6000000000000227,2508,37.1052,37105.2,150.0,88.0,,12,2019-03-08 19:54:17,Australia/Melbourne
2019-03-09 06:54:20+11:00,24860,-38.073545834049575,145.12190236710012,28.20877,2.1999999999999886,2511,38.1888,38188.8,153.0,88.0,,12,2019-03-08 19:54:20,Australia/Melbourne
2019-03-09 06:54:21+11:00,24861,-38.07364272885025,145.12192332185802,28.21968,2.1999999999999886,2511,38.4948,38494.8,154.0,88.0,,12,2019-03-08 19:54:21,Australia/Melbourne
2019-03-09 06:54:27+11:00,24867,-38.074207585304976,145.12204879894853,28.283340000000003,2.3999999999999773,2512,37.3032,37303.2,155.0,86.0,,12,2019-03-08 19:54:27,Australia/Melbourne
2019-03-09 06:54:29+11:00,24869,-38.074391148984425,145.12209238484502,28.30407,2.3999999999999773,2512,37.08000000000001,37080.0,155.0,87.0,,12,2019-03-08 19:54:29,Australia/Melbourne
2019-03-09 06:54:35+11:00,24875,-38.074961956590414,145.12222406454384,28.36847,1.8000000000000114,2509,37.4724,37472.4,155.0,90.0,,12,2019-03-08 19:54:35,Australia/Melbourne
2019-03-09 06:54:38+11:00,24878,-38.075249958783395,145.12229061685503,28.40097,2.0,2510,38.501999999999995,38502.0,154.0,90.0,,12,2019-03-08 19:54:38,Australia/Melbourne
2019-03-09 06:54:44+11:00,24884,-38.075816491618745,145.12241391465068,28.46477,1.6000000000000227,2508,36.7596,36759.6,154.0,79.0,,12,2019-03-08 19:54:44,Australia/Melbourne
2019-03-09 06:54:51+11:00,24891,-38.07643264532089,145.1225637830794,28.53443,2.3999999999999773,2512,34.970400000000005,34970.4,151.0,81.0,,12,2019-03-08 19:54:51,Australia/Melbourne
2019-03-09 06:54:54+11:00,24894,-38.076698100194335,145.12262689881027,28.56441,2.1999999999999886,2511,35.9244,35924.4,151.0,83.0,,12,2019-03-08 19:54:54,Australia/Melbourne
2019-03-09 06:54:59+11:00,24899,-38.07715348899365,145.1227389648557,28.6159,2.3999999999999773,2512,36.0756,36075.6,148.0,84.0,,12,2019-03-08 19:54:59,Australia/Melbourne
2019-03-09 06:55:02+11:00,24902,-38.077419782057405,145.1228080317378,28.64607,2.1999999999999886,2511,35.982,35982.0,146.0,82.0,,12,2019-03-08 19:55:02,Australia/Melbourne
2019-03-09 06:55:08+11:00,24908,-38.0779517814517,145.12293845415115,28.70622,2.3999999999999773,2512,35.94960000000001,35949.6,146.0,85.0,,12,2019-03-08 19:55:08,Australia/Melbourne
2019-03-09 06:55:11+11:00,24911,-38.078224277123816,145.1230009831488,28.736959999999996,2.1999999999999886,2511,36.108000000000004,36108.0,144.0,82.0,,12,2019-03-08 19:55:11,Australia/Melbourne
2019-03-09 06:55:17+11:00,24917,-38.078760216012604,145.12313157320025,28.79755,2.0,2510,35.982,35982.0,143.0,83.0,,12,2019-03-08 19:55:17,Australia/Melbourne
2019-03-09 06:55:19+11:00,24919,-38.0789380799979,145.12317381799218,28.81764,2.0,2510,36.6696,36669.6,142.0,85.0,,12,2019-03-08 19:55:19,Australia/Melbourne
2019-03-09 06:55:25+11:00,24925,-38.07947351597249,145.12329837307334,28.878059999999998,2.0,2510,35.118,35118.0,141.0,77.0,,12,2019-03-08 19:55:25,Australia/Melbourne
2019-03-09 06:55:27+11:00,24927,-38.079645931720734,145.12333961203694,28.897540000000003,1.6000000000000227,2508,34.992000000000004,34992.0,141.0,80.0,,12,2019-03-08 19:55:27,Australia/Melbourne
2019-03-09 06:55:34+11:00,24934,-38.080251524224884,145.12348495423794,28.96595,2.6000000000000227,2513,35.48880000000001,35488.8,142.0,81.0,,12,2019-03-08 19:55:34,Australia/Melbourne
2019-03-09 06:55:35+11:00,24935,-38.08033802546561,145.1235051546246,28.975720000000006,2.6000000000000227,2513,35.172,35172.0,142.0,82.0,,12,2019-03-08 19:55:35,Australia/Melbourne
2019-03-09 06:55:42+11:00,24942,-38.08094898238778,145.12366181239486,29.044929999999997,2.3999999999999773,2512,36.0792,36079.2,142.0,82.0,,12,2019-03-08 19:55:42,Australia/Melbourne
2019-03-09 06:55:44+11:00,24944,-38.081122823059566,145.12371378019452,29.06475,2.3999999999999773,2512,35.8956,35895.6,141.0,82.0,,12,2019-03-08 19:55:44,Australia/Melbourne
2019-03-09 06:55:51+11:00,24951,-38.08172506280243,145.1238930691034,29.13343,2.3999999999999773,2512,35.70840000000001,35708.4,140.0,82.0,,12,2019-03-08 19:55:51,Australia/Melbourne
2019-03-09 06:55:52+11:00,24952,-38.08181332424283,145.12391947209838,29.143490000000003,2.800000000000012,2514,36.1116,36111.6,140.0,81.0,,12,2019-03-08 19:55:52,Australia/Melbourne
2019-03-09 06:55:58+11:00,24958,-38.082344988361,145.12405752204359,29.20375,2.800000000000012,2514,36.54,36540.0,142.0,85.0,,12,2019-03-08 19:55:58,Australia/Melbourne
2019-03-09 06:56:00+11:00,24960,-38.08252478018403,145.12409909628332,29.22403,2.6000000000000227,2513,36.36360000000001,36363.6,142.0,83.0,,12,2019-03-08 19:56:00,Australia/Melbourne
2019-03-09 06:56:07+11:00,24967,-38.08313104324043,145.12423597276208,29.2924,2.800000000000012,2514,34.5672,34567.200000000004,140.0,78.0,,12,2019-03-08 19:56:07,Australia/Melbourne
2019-03-09 06:56:08+11:00,24968,-38.08321729302406,145.12425634078681,29.30213,2.6000000000000227,2513,34.977599999999995,34977.6,140.0,80.0,,12,2019-03-08 19:56:08,Australia/Melbourne
2019-03-09 06:56:15+11:00,24975,-38.08382204733789,145.1243966538459,29.370379999999997,2.800000000000012,2514,36.0396,36039.6,138.0,83.0,,12,2019-03-08 19:56:15,Australia/Melbourne
2019-03-09 06:56:16+11:00,24976,-38.08390880003572,145.12441568076608,29.380159999999997,2.800000000000012,2514,35.244,35244.0,137.0,73.0,,12,2019-03-08 19:56:16,Australia/Melbourne
2019-03-09 06:56:23+11:00,24983,-38.084512799978256,145.12454895302653,29.448209999999996,3.0,2515,34.7436,34743.6,137.0,79.0,,12,2019-03-08 19:56:23,Australia/Melbourne
2019-03-09 06:56:26+11:00,24986,-38.084769286215305,145.12460452504456,29.4771,3.0,2515,35.676,35676.0,138.0,80.0,,12,2019-03-08 19:56:26,Australia/Melbourne
2019-03-09 06:56:33+11:00,24993,-38.085381081327796,145.12469773180786,29.54553,3.0,2515,35.8128,35812.8,138.0,82.0,,12,2019-03-08 19:56:33,Australia/Melbourne
2019-03-09 06:56:40+11:00,25000,-38.086009724065654,145.124735198915,29.61539,3.0,2515,35.6148,35614.8,137.0,82.0,,12,2019-03-08 19:56:40,Australia/Melbourne
2019-03-09 06:56:42+11:00,25002,-38.086189180612564,145.1247473526746,29.63535,3.1999999999999886,2516,35.982,35982.0,136.0,81.0,,12,2019-03-08 19:56:42,Australia/Melbourne
2019-03-09 06:56:48+11:00,25008,-38.08673383668065,145.1248046010733,29.69603,2.1999999999999886,2511,36.1872,36187.2,138.0,85.0,,12,2019-03-08 19:56:48,Australia/Melbourne
2019-03-09 06:56:50+11:00,25010,-38.08691731654108,145.12483309954402,29.716559999999998,2.1999999999999886,2511,37.0944,37094.4,138.0,84.0,,12,2019-03-08 19:56:50,Australia/Melbourne
2019-03-09 06:56:56+11:00,25016,-38.08746096678078,145.1249097939581,29.77728,2.1999999999999886,2511,35.9208,35920.8,138.0,83.0,,12,2019-03-08 19:56:56,Australia/Melbourne
2019-03-09 06:56:58+11:00,25018,-38.087638579308994,145.12493778951466,29.797140000000002,2.6000000000000227,2513,35.74080000000001,35740.8,138.0,82.0,,12,2019-03-08 19:56:58,Australia/Melbourne
2019-03-09 06:57:05+11:00,25025,-38.08826202526689,145.12503191828728,29.866840000000003,2.6000000000000227,2513,35.298,35298.0,138.0,83.0,,12,2019-03-08 19:57:05,Australia/Melbourne
2019-03-09 06:57:08+11:00,25028,-38.08852882124484,145.125070810318,29.89664,2.0,2510,35.2548,35254.8,138.0,82.0,,12,2019-03-08 19:57:08,Australia/Melbourne
2019-03-09 06:57:15+11:00,25035,-38.089151764288545,145.12516141869128,29.966240000000006,2.800000000000012,2514,36.1944,36194.4,140.0,82.0,,12,2019-03-08 19:57:15,Australia/Melbourne
2019-03-09 06:57:16+11:00,25036,-38.08924027718604,145.12517516501248,29.97614,2.800000000000012,2514,35.2368,35236.8,140.0,83.0,,12,2019-03-08 19:57:16,Australia/Melbourne
2019-03-09 06:57:23+11:00,25043,-38.089861711487174,145.12526778504252,30.0456,2.800000000000012,2514,36.1332,36133.2,140.0,82.0,,12,2019-03-08 19:57:23,Australia/Melbourne
2019-03-09 06:57:24+11:00,25044,-38.08995148167014,145.1252806931734,30.055629999999997,2.800000000000012,2514,35.8884,35888.4,140.0,82.0,,12,2019-03-08 19:57:24,Australia/Melbourne
2019-03-09 06:57:31+11:00,25051,-38.090572329238064,145.1253675296903,30.12496,3.0,2515,35.1612,35161.200000000004,140.0,82.0,,12,2019-03-08 19:57:31,Australia/Melbourne
2019-03-09 06:57:35+11:00,25055,-38.09092428535222,145.12541790492833,30.16428,3.1999999999999886,2516,35.1792,35179.200000000004,139.0,81.0,,12,2019-03-08 19:57:35,Australia/Melbourne
2019-03-09 06:57:42+11:00,25062,-38.09153834357858,145.1255124527961,30.232940000000003,3.0,2515,35.802,35802.0,139.0,82.0,,12,2019-03-08 19:57:42,Australia/Melbourne
2019-03-09 06:57:44+11:00,25064,-38.091714698821306,145.1255361735821,30.25262,3.0,2515,35.298,35298.0,139.0,81.0,,12,2019-03-08 19:57:44,Australia/Melbourne
2019-03-09 06:57:51+11:00,25071,-38.09233185835183,145.1255837827921,30.32127,3.0,2515,35.41679999999999,35416.8,137.0,82.0,,12,2019-03-08 19:57:51,Australia/Melbourne
2019-03-09 06:57:57+11:00,25077,-38.09287366457284,145.12560012750328,30.381429999999998,2.800000000000012,2514,36.1188,36118.8,138.0,83.0,,12,2019-03-08 19:57:57,Australia/Melbourne
2019-03-09 06:58:02+11:00,25082,-38.09332243166864,145.1256163045764,30.43126,2.6000000000000227,2513,35.8128,35812.8,136.0,83.0,,12,2019-03-08 19:58:02,Australia/Melbourne
2019-03-09 06:58:09+11:00,25089,-38.093948308378465,145.1256577949971,30.50083,2.6000000000000227,2513,35.9388,35938.8,135.0,70.0,,12,2019-03-08 19:58:09,Australia/Melbourne
2019-03-09 06:58:12+11:00,25092,-38.09422197751701,145.12566885910928,30.531229999999997,2.1999999999999886,2511,36.36,36360.0,134.0,81.0,,12,2019-03-08 19:58:12,Australia/Melbourne
2019-03-09 06:58:18+11:00,25098,-38.094765292480595,145.12567757628858,30.59155,2.0,2510,35.982,35982.0,135.0,83.0,,12,2019-03-08 19:58:18,Australia/Melbourne
2019-03-09 06:58:20+11:00,25100,-38.09494592249394,145.12567464262247,30.6116,2.0,2510,36.36360000000001,36363.6,135.0,84.0,,12,2019-03-08 19:58:20,Australia/Melbourne
2019-03-09 06:58:26+11:00,25106,-38.095495859161026,145.12569257989526,30.67265,2.1999999999999886,2511,36.4896,36489.6,135.0,84.0,,12,2019-03-08 19:58:26,Australia/Melbourne
2019-03-09 06:58:28+11:00,25108,-38.09568059630692,145.1257022190839,30.693179999999998,2.0,2510,37.4292,37429.2,136.0,84.0,,12,2019-03-08 19:58:28,Australia/Melbourne
2019-03-09 06:58:34+11:00,25114,-38.096240842714906,145.12571739032862,30.75538,1.8000000000000114,2509,37.2168,37216.8,138.0,31.0,,12,2019-03-08 19:58:34,Australia/Melbourne
2019-03-09 06:58:35+11:00,25115,-38.096334552392356,145.12572283856568,30.765790000000006,1.8000000000000114,2509,36.864,36864.0,138.0,85.0,,12,2019-03-08 19:58:35,Australia/Melbourne
2019-03-09 06:58:41+11:00,25121,-38.09689337387682,145.12574748136103,30.827859999999998,2.0,2510,37.6884,37688.4,138.0,87.0,,12,2019-03-08 19:58:41,Australia/Melbourne
2019-03-09 06:58:44+11:00,25124,-38.097168887034066,145.1257574558258,30.85845,2.0,2510,37.17,37170.0,140.0,86.0,,12,2019-03-08 19:58:44,Australia/Melbourne
2019-03-09 06:58:50+11:00,25130,-38.097721086815,145.12577874585986,30.91977,2.0,2510,36.3816,36381.6,139.0,83.0,,12,2019-03-08 19:58:50,Australia/Melbourne
2019-03-09 06:58:53+11:00,25133,-38.097996097058065,145.12578989379108,30.95032,1.8000000000000114,2509,36.522,36522.0,139.0,86.0,,12,2019-03-08 19:58:53,Australia/Melbourne
2019-03-09 06:58:59+11:00,25139,-38.09856112115085,145.1258142851293,31.013070000000003,1.6000000000000227,2508,37.71,37710.0,139.0,86.0,,12,2019-03-08 19:58:59,Australia/Melbourne
2019-03-09 06:59:02+11:00,25142,-38.09883931651712,145.1258229184896,31.04397,1.6000000000000227,2508,36.9072,36907.2,139.0,86.0,,12,2019-03-08 19:59:02,Australia/Melbourne
2019-03-09 06:59:08+11:00,25148,-38.099398389458656,145.125847812742,31.106060000000006,1.3999999999999773,2507,37.27800000000001,37278.0,138.0,87.0,,12,2019-03-08 19:59:08,Australia/Melbourne
2019-03-09 06:59:12+11:00,25152,-38.09978269971907,145.12585778720674,31.14873,1.3999999999999773,2507,37.6668,37666.8,139.0,87.0,,12,2019-03-08 19:59:12,Australia/Melbourne
2019-03-09 06:59:18+11:00,25158,-38.10033833608031,145.12588569894433,31.21045,1.6000000000000227,2508,37.0836,37083.6,137.0,85.0,,12,2019-03-08 19:59:18,Australia/Melbourne
2019-03-09 06:59:21+11:00,25161,-38.100621392950416,145.12589491903782,31.24188,1.3999999999999773,2507,37.51920000000001,37519.2,137.0,86.0,,12,2019-03-08 19:59:21,Australia/Melbourne
2019-03-09 06:59:23+11:00,25163,-38.10081350617111,145.12590480968356,31.26322,1.1999999999999886,2506,38.5668,38566.8,137.0,87.0,,12,2019-03-08 19:59:23,Australia/Melbourne
2019-03-09 06:59:28+11:00,25168,-38.10128632932901,145.1259199809283,31.31572,1.6000000000000227,2508,38.3904,38390.4,140.0,88.0,,12,2019-03-08 19:59:28,Australia/Melbourne
2019-03-09 06:59:29+11:00,25169,-38.10138121247292,145.1259268540889,31.32627,1.3999999999999773,2507,38.0304,38030.4,140.0,88.0,,12,2019-03-08 19:59:29,Australia/Melbourne
2019-03-09 06:59:35+11:00,25175,-38.10196434147657,145.12595627456903,31.391060000000003,1.1999999999999886,2506,38.37600000000001,38376.0,141.0,88.0,,12,2019-03-08 19:59:35,Australia/Melbourne
2019-03-09 06:59:41+11:00,25181,-38.102549565956004,145.12595308944583,31.456020000000002,0.6000000000000227,2503,39.05280000000001,39052.8,142.0,90.0,,12,2019-03-08 19:59:41,Australia/Melbourne
2019-03-09 06:59:45+11:00,25185,-38.10294426977634,145.12593573890624,31.499859999999998,0.3999999999999773,2502,39.2976,39297.6,142.0,91.0,,12,2019-03-08 19:59:45,Australia/Melbourne
2019-03-09 06:59:46+11:00,25186,-38.10304451733828,145.12592970393595,31.511,0.19999999999998866,2501,39.4668,39466.8,142.0,92.0,,12,2019-03-08 19:59:46,Australia/Melbourne
2019-03-09 06:59:52+11:00,25192,-38.1036315858364,145.12591696344316,31.57617,0.6000000000000227,2503,38.25720000000001,38257.2,143.0,89.0,,12,2019-03-08 19:59:52,Australia/Melbourne
2019-03-09 06:59:58+11:00,25198,-38.10420759022236,145.12589969672263,31.640130000000006,0.8000000000000114,2504,38.5164,38516.4,142.0,87.0,,12,2019-03-08 19:59:58,Australia/Melbourne
2019-03-09 07:00:01+11:00,25201,-38.104499951004975,145.12589315883815,31.672590000000003,0.6000000000000227,2503,39.27240000000001,39272.4,142.0,89.0,,12,2019-03-08 20:00:01,Australia/Melbourne
2019-03-09 07:00:07+11:00,25207,-38.10509892180561,145.12588368728757,31.739079999999998,0.3999999999999773,2502,38.6784,38678.4,141.0,73.0,,12,2019-03-08 20:00:07,Australia/Melbourne
2019-03-09 07:00:08+11:00,25208,-38.1051961518824,145.1258819270879,31.74987,0.3999999999999773,2502,38.664,38664.0,140.0,73.0,,12,2019-03-08 20:00:08,Australia/Melbourne
2019-03-09 07:00:14+11:00,25214,-38.10578087344766,145.12586910277602,31.81479,0.8000000000000114,2504,39.387600000000006,39387.6,139.0,90.0,,12,2019-03-08 20:00:14,Australia/Melbourne
2019-03-09 07:00:15+11:00,25215,-38.105878103524454,145.12586751021445,31.82558,0.6000000000000227,2503,39.2616,39261.6,139.0,89.0,,12,2019-03-08 20:00:15,Australia/Melbourne
2019-03-09 07:00:21+11:00,25221,-38.106471039354794,145.1258463039994,31.89142,0.19999999999998866,2501,39.618,39618.0,140.0,90.0,,12,2019-03-08 20:00:21,Australia/Melbourne
2019-03-09 07:00:22+11:00,25222,-38.106569359078996,145.12584429234266,31.902340000000002,0.3999999999999773,2502,39.1608,39160.8,141.0,90.0,,12,2019-03-08 20:00:22,Australia/Melbourne
2019-03-09 07:00:28+11:00,25228,-38.1071518175304,145.12583163566887,31.967,0.8000000000000114,2504,38.412,38412.0,141.0,90.0,,12,2019-03-08 20:00:28,Australia/Melbourne
2019-03-09 07:00:32+11:00,25232,-38.107537971809506,145.1258231699467,32.00987,1.0,2505,38.1852,38185.2,141.0,88.0,,12,2019-03-08 20:00:32,Australia/Melbourne
2019-03-09 07:00:38+11:00,25238,-38.108103414997466,145.12581252492961,32.07264,1.0,2505,37.7748,37774.8,139.0,87.0,,12,2019-03-08 20:00:38,Australia/Melbourne
2019-03-09 07:00:40+11:00,25240,-38.10828991234303,145.1258047297597,32.09335,1.1999999999999886,2506,37.7856,37785.6,140.0,88.0,,12,2019-03-08 20:00:40,Australia/Melbourne
2019-03-09 07:00:46+11:00,25246,-38.10886759310961,145.12579215690494,32.15749,0.6000000000000227,2503,37.692,37692.0,140.0,88.0,,12,2019-03-08 20:00:46,Australia/Melbourne
2019-03-09 07:00:50+11:00,25250,-38.10924335382879,145.12579190544784,32.1992,0.0,2500,37.584,37584.0,140.0,86.0,,12,2019-03-08 20:00:50,Australia/Melbourne
2019-03-09 07:00:51+11:00,25251,-38.10933790169656,145.1257920730859,32.20969,0.0,2500,37.6992,37699.2,140.0,87.0,,12,2019-03-08 20:00:51,Australia/Melbourne
2019-03-09 07:00:57+11:00,25257,-38.109900327399366,145.12578385882082,32.272130000000004,0.6000000000000227,2503,36.3744,36374.4,139.0,85.0,,12,2019-03-08 20:00:57,Australia/Melbourne
2019-03-09 07:01:01+11:00,25261,-38.11026502400637,145.12577229179442,32.31263,0.0,2500,36.4428,36442.8,139.0,83.0,,12,2019-03-08 20:01:01,Australia/Melbourne
2019-03-09 07:01:07+11:00,25267,-38.11081646941602,145.12575963512063,32.37385,0.6000000000000227,2503,36.7668,36766.8,140.0,89.0,,12,2019-03-08 20:01:07,Australia/Melbourne
2019-03-09 07:01:10+11:00,25270,-38.11109533533454,145.12574396096167,32.404830000000004,0.0,2500,37.1196,37119.6,140.0,87.0,,12,2019-03-08 20:01:10,Australia/Melbourne
2019-03-09 07:01:16+11:00,25276,-38.11165784485638,145.12572895735502,32.467290000000006,0.8000000000000114,2504,37.5228,37522.8,141.0,86.0,,12,2019-03-08 20:01:16,Australia/Melbourne
2019-03-09 07:01:20+11:00,25280,-38.11202455312013,145.12572141364217,32.508,0.3999999999999773,2502,36.6768,36676.8,139.0,85.0,,12,2019-03-08 20:01:20,Australia/Melbourne
2019-03-09 07:01:26+11:00,25286,-38.11258521862328,145.12570632621646,32.57025,0.19999999999998866,2501,37.89,37890.0,139.0,86.0,,12,2019-03-08 20:01:26,Australia/Melbourne
2019-03-09 07:01:29+11:00,25289,-38.112877076491706,145.12570314109325,32.60264,1.0,2505,38.1384,38138.4,139.0,88.0,,12,2019-03-08 20:01:29,Australia/Melbourne
2019-03-09 07:01:30+11:00,25290,-38.11297439038753,145.12570146471262,32.61345,1.1999999999999886,2506,38.3796,38379.6,139.0,88.0,,12,2019-03-08 20:01:30,Australia/Melbourne
2019-03-09 07:01:35+11:00,25295,-38.11345886439085,145.12568973004818,32.66724,0.0,2500,37.2564,37256.4,138.0,86.0,,12,2019-03-08 20:01:35,Australia/Melbourne
2019-03-09 07:01:39+11:00,25299,-38.11383160762489,145.12567900121212,32.70862,0.3999999999999773,2502,38.0232,38023.2,137.0,87.0,,12,2019-03-08 20:01:39,Australia/Melbourne
2019-03-09 07:01:45+11:00,25305,-38.11440073885024,145.12567087076602,32.771800000000006,0.6000000000000227,2503,37.8072,37807.2,139.0,88.0,,12,2019-03-08 20:01:45,Australia/Melbourne
2019-03-09 07:01:49+11:00,25309,-38.114782618358724,145.12566315941513,32.8142,0.19999999999998866,2501,37.9044,37904.4,140.0,89.0,,12,2019-03-08 20:01:49,Australia/Melbourne
2019-03-09 07:01:55+11:00,25315,-38.11534697189928,145.1256479881704,32.87686,0.3999999999999773,2502,37.3824,37382.4,139.0,87.0,,12,2019-03-08 20:01:55,Australia/Melbourne
2019-03-09 07:01:59+11:00,25319,-38.115722313523285,145.12562409974637,32.91858,0.6000000000000227,2503,37.566,37566.0,139.0,86.0,,12,2019-03-08 20:01:59,Australia/Melbourne
2019-03-09 07:02:05+11:00,25325,-38.11628775671125,145.1255576312542,32.981609999999996,0.3999999999999773,2502,37.6992,37699.2,141.0,89.0,,12,2019-03-08 20:02:05,Australia/Melbourne
2019-03-09 07:02:08+11:00,25328,-38.116573831066496,145.12552343308926,33.013510000000004,0.19999999999998866,2501,38.0988,38098.8,139.0,88.0,,12,2019-03-08 20:02:08,Australia/Melbourne
2019-03-09 07:02:14+11:00,25334,-38.11715302057564,145.12544162571433,33.078199999999995,0.3999999999999773,2502,38.4372,38437.2,138.0,89.0,,12,2019-03-08 20:02:14,Australia/Melbourne
2019-03-09 07:02:18+11:00,25338,-38.11753942631185,145.12538370676342,33.121390000000005,0.3999999999999773,2502,38.81160000000001,38811.6,139.0,90.0,,12,2019-03-08 20:02:18,Australia/Melbourne
2019-03-09 07:02:24+11:00,25344,-38.118110066279776,145.12530458159745,33.185109999999995,0.3999999999999773,2502,37.1736,37173.6,138.0,87.0,,12,2019-03-08 20:02:24,Australia/Melbourne
2019-03-09 07:02:26+11:00,25346,-38.11829681508243,145.12527884915468,33.20596,0.3999999999999773,2502,37.3464,37346.4,138.0,85.0,,12,2019-03-08 20:02:26,Australia/Melbourne
2019-03-09 07:02:32+11:00,25352,-38.11886552721261,145.12520919553938,33.26938,0.3999999999999773,2502,38.1456,38145.6,139.0,89.0,,12,2019-03-08 20:02:32,Australia/Melbourne
2019-03-09 07:02:35+11:00,25355,-38.11915554106236,145.12516460381445,33.30181,-0.19999999999998866,2499,38.4912,38491.2,138.0,88.0,,12,2019-03-08 20:02:35,Australia/Melbourne
2019-03-09 07:02:41+11:00,25361,-38.11973883770406,145.12509427964687,33.36685,0.0,2500,38.8404,38840.4,138.0,91.0,,12,2019-03-08 20:02:41,Australia/Melbourne
2019-03-09 07:02:44+11:00,25364,-38.12002608552575,145.12505354359746,33.39893,0.0,2500,37.7784,37778.4,139.0,87.0,,12,2019-03-08 20:02:44,Australia/Melbourne
2019-03-09 07:02:48+11:00,25368,-38.120398325845606,145.12502093799412,33.44036,-0.3999999999999773,2498,36.00720000000001,36007.200000000004,136.0,50.0,,12,2019-03-08 20:02:48,Australia/Melbourne
2019-03-09 07:02:51+11:00,25371,-38.120673587545745,145.12498447671533,33.4711,0.19999999999998866,2501,36.2268,36226.8,135.0,50.0,,12,2019-03-08 20:02:51,Australia/Melbourne
2019-03-09 07:02:56+11:00,25376,-38.121126126497984,145.1249109674245,33.52174,-0.19999999999998866,2499,36.2592,36259.2,138.0,83.0,,12,2019-03-08 20:02:56,Australia/Melbourne
2019-03-09 07:03:00+11:00,25380,-38.121494008228176,145.1248580776155,33.562839999999994,0.0,2500,37.0044,37004.4,140.0,86.0,,12,2019-03-08 20:03:00,Australia/Melbourne
2019-03-09 07:03:06+11:00,25386,-38.122044112533324,145.1247790362686,33.62429,-0.3999999999999773,2498,36.7128,36712.8,140.0,85.0,,12,2019-03-08 20:03:06,Australia/Melbourne
2019-03-09 07:03:08+11:00,25388,-38.12222801148891,145.12475011870262,33.644870000000004,0.19999999999998866,2501,36.522,36522.0,140.0,84.0,,12,2019-03-08 20:03:08,Australia/Melbourne
2019-03-09 07:03:14+11:00,25394,-38.122769147157676,145.12467778287828,33.705259999999996,0.19999999999998866,2501,35.38440000000001,35384.4,140.0,83.0,,12,2019-03-08 20:03:14,Australia/Melbourne
2019-03-09 07:03:17+11:00,25397,-38.123033428564675,145.12463604100046,33.73482,0.19999999999998866,2501,35.3556,35355.6,140.0,83.0,,12,2019-03-08 20:03:17,Australia/Melbourne
2019-03-09 07:03:24+11:00,25404,-38.12365016900003,145.12455607764426,33.80364,0.19999999999998866,2501,35.0244,35024.4,138.0,81.0,,12,2019-03-08 20:03:24,Australia/Melbourne
2019-03-09 07:03:26+11:00,25406,-38.12382761389017,145.12453495524824,33.82342,0.19999999999998866,2501,35.442,35442.0,138.0,82.0,,12,2019-03-08 20:03:26,Australia/Melbourne
2019-03-09 07:03:33+11:00,25413,-38.12444879673421,145.12445021420714,33.89278,0.6000000000000227,2503,35.6796,35679.6,140.0,83.0,,12,2019-03-08 20:03:33,Australia/Melbourne
2019-03-09 07:03:36+11:00,25416,-38.12471156939864,145.12441459111866,33.922109999999996,0.3999999999999773,2502,34.758,34758.0,139.0,51.0,,12,2019-03-08 20:03:36,Australia/Melbourne
2019-03-09 07:03:43+11:00,25423,-38.12532294541597,145.12433211319146,33.99037000000001,0.8000000000000114,2504,35.0388,35038.8,137.0,81.0,,12,2019-03-08 20:03:43,Australia/Melbourne
2019-03-09 07:03:46+11:00,25426,-38.125591585412614,145.1242978312075,34.02033,0.6000000000000227,2503,35.902800000000006,35902.8,137.0,81.0,,12,2019-03-08 20:03:46,Australia/Melbourne
2019-03-09 07:03:53+11:00,25433,-38.12620673328638,145.1242134254426,34.08902,0.3999999999999773,2502,35.2008,35200.8,134.0,80.0,,12,2019-03-08 20:03:53,Australia/Melbourne
2019-03-09 07:03:54+11:00,25434,-38.12629248015583,145.12420361861587,34.09858,0.6000000000000227,2503,34.5096,34509.6,135.0,81.0,,12,2019-03-08 20:03:54,Australia/Melbourne
2019-03-09 07:04:01+11:00,25441,-38.1269119028002,145.12413983233273,34.16758,0.3999999999999773,2502,36.5976,36597.6,137.0,83.0,,12,2019-03-08 20:04:01,Australia/Melbourne
2019-03-09 07:04:02+11:00,25442,-38.12700209207833,145.124129941687,34.177620000000005,0.19999999999998866,2501,36.324,36324.0,138.0,84.0,,12,2019-03-08 20:04:02,Australia/Melbourne
2019-03-09 07:04:06+11:00,25446,-38.12737617641688,145.12410228140655,34.21922,0.19999999999998866,2501,37.404,37404.0,141.0,85.0,,12,2019-03-08 20:04:06,Australia/Melbourne
2019-03-09 07:04:10+11:00,25450,-38.12775202095509,145.12407948262992,34.260979999999996,0.19999999999998866,2501,36.864,36864.0,143.0,83.0,,12,2019-03-08 20:04:10,Australia/Melbourne
2019-03-09 07:04:16+11:00,25456,-38.128291564062245,145.12406229972842,34.3209,-0.3999999999999773,2498,35.6184,35618.4,140.0,82.0,,12,2019-03-08 20:04:16,Australia/Melbourne
2019-03-09 07:04:19+11:00,25459,-38.128472277894616,145.12405660003427,34.340959999999995,-0.3999999999999773,2498,35.7948,35794.8,140.0,83.0,,12,2019-03-08 20:04:19,Australia/Melbourne
2019-03-09 07:04:22+11:00,25462,-38.128738487139344,145.1240739505738,34.370580000000004,0.0,2500,35.3196,35319.6,140.0,82.0,,12,2019-03-08 20:04:22,Australia/Melbourne
2019-03-09 07:04:24+11:00,25464,-38.12891853041947,145.12412516400218,34.39107,0.0,2500,37.2132,37213.2,140.0,81.0,,12,2019-03-08 20:04:24,Australia/Melbourne
2019-03-09 07:04:28+11:00,25468,-38.129263361915946,145.1243089791387,34.43271,-1.0,2495,36.7452,36745.2,138.0,76.0,,12,2019-03-08 20:04:28,Australia/Melbourne
2019-03-09 07:04:29+11:00,25469,-38.12934458255768,145.12436790391803,34.4431,-1.0,2495,36.97560000000001,36975.6,137.0,76.0,,12,2019-03-08 20:04:29,Australia/Melbourne
2019-03-09 07:04:34+11:00,25474,-38.12971405684947,145.1247267331928,34.494800000000005,-1.6000000000000227,2492,36.4968,36496.8,138.0,86.0,,12,2019-03-08 20:04:34,Australia/Melbourne
2019-03-09 07:04:39+11:00,25479,-38.130067186430104,145.12504130601886,34.542759999999994,0.3999999999999773,2502,33.0624,33062.4,139.0,75.0,,12,2019-03-08 20:04:39,Australia/Melbourne
2019-03-09 07:04:40+11:00,25480,-38.13014044426381,145.1250877417624,34.55186,0.6000000000000227,2503,32.9256,32925.6,140.0,76.0,,12,2019-03-08 20:04:40,Australia/Melbourne
2019-03-09 07:04:42+11:00,25482,-38.1302955094725,145.1251617539674,34.57028,1.0,2505,33.5412,33541.200000000004,141.0,77.0,,12,2019-03-08 20:04:42,Australia/Melbourne
2019-03-09 07:04:45+11:00,25485,-38.130545290187,145.12522369623184,34.59854,1.3999999999999773,2507,33.7068,33706.8,143.0,79.0,,12,2019-03-08 20:04:45,Australia/Melbourne
2019-03-09 07:04:48+11:00,25488,-38.1308032013476,145.1252388674766,34.62724,1.3999999999999773,2507,34.5024,34502.4,146.0,79.0,,12,2019-03-08 20:04:48,Australia/Melbourne
2019-03-09 07:04:50+11:00,25490,-38.13097150996328,145.1252107042819,34.646089999999994,1.8000000000000114,2509,34.29,34290.0,146.0,74.0,,12,2019-03-08 20:04:50,Australia/Melbourne
2019-03-09 07:04:57+11:00,25497,-38.13156394287944,145.12506796047091,34.71304,1.8000000000000114,2509,35.51040000000001,35510.4,148.0,81.0,,12,2019-03-08 20:04:57,Australia/Melbourne
2019-03-09 07:04:58+11:00,25498,-38.13165103085339,145.12504767626527,34.72287,1.3999999999999773,2507,35.3088,35308.8,148.0,82.0,,12,2019-03-08 20:04:58,Australia/Melbourne
2019-03-09 07:05:05+11:00,25505,-38.1322531029582,145.12490367516875,34.790890000000005,1.3999999999999773,2507,34.6212,34621.200000000004,148.0,80.0,,12,2019-03-08 20:05:05,Australia/Melbourne
2019-03-09 07:05:08+11:00,25508,-38.132516546174884,145.1248407270759,34.82065,1.6000000000000227,2508,36.00720000000001,36007.200000000004,147.0,82.0,,12,2019-03-08 20:05:08,Australia/Melbourne
2019-03-09 07:05:14+11:00,25514,-38.13306706957518,145.12470175512138,34.88296,1.8000000000000114,2509,37.188,37188.0,149.0,86.0,,12,2019-03-08 20:05:14,Australia/Melbourne
2019-03-09 07:05:15+11:00,25515,-38.133160611614585,145.12467954307797,34.89353,1.6000000000000227,2508,38.2176,38217.6,149.0,88.0,,12,2019-03-08 20:05:15,Australia/Melbourne
2019-03-09 07:05:21+11:00,25521,-38.13373762182891,145.12457208707931,34.958290000000005,1.8000000000000114,2509,38.7072,38707.2,149.0,90.0,,12,2019-03-08 20:05:21,Australia/Melbourne
2019-03-09 07:05:23+11:00,25523,-38.13392780721188,145.1245411578566,34.97958,1.8000000000000114,2509,38.2428,38242.8,149.0,90.0,,12,2019-03-08 20:05:23,Australia/Melbourne
2019-03-09 07:05:29+11:00,25529,-38.134484197944396,145.12445038184524,35.04185,2.0,2510,37.51920000000001,37519.2,149.0,87.0,,12,2019-03-08 20:05:29,Australia/Melbourne
2019-03-09 07:05:31+11:00,25531,-38.13466927036643,145.12442079372704,35.062540000000006,1.6000000000000227,2508,36.918000000000006,36918.0,148.0,85.0,,12,2019-03-08 20:05:31,Australia/Melbourne
2019-03-09 07:05:33+11:00,25533,-38.13484822399914,145.12439254671338,35.082570000000004,2.3999999999999773,2512,35.7228,35722.8,147.0,82.0,,12,2019-03-08 20:05:33,Australia/Melbourne
2019-03-09 07:05:38+11:00,25538,-38.13528969883919,145.12432205490768,35.13195,3.0,2515,35.5968,35596.8,146.0,25.0,,12,2019-03-08 20:05:38,Australia/Melbourne
2019-03-09 07:05:44+11:00,25544,-38.13584147952497,145.12423622421917,35.193670000000004,2.800000000000012,2514,37.35,37350.0,146.0,86.0,,12,2019-03-08 20:05:44,Australia/Melbourne
2019-03-09 07:05:46+11:00,25546,-38.13602680340409,145.1242024451494,35.21445,2.6000000000000227,2513,36.9576,36957.6,147.0,86.0,,12,2019-03-08 20:05:46,Australia/Melbourne
2019-03-09 07:05:52+11:00,25552,-38.136572716757655,145.12409591116008,35.27576000000001,2.800000000000012,2514,36.288,36288.0,147.0,65.0,,12,2019-03-08 20:05:52,Australia/Melbourne
2019-03-09 07:05:53+11:00,25553,-38.13666332513094,145.12407160364089,35.28604,2.3999999999999773,2512,36.78120000000001,36781.2,146.0,84.0,,12,2019-03-08 20:05:53,Australia/Melbourne
2019-03-09 07:05:59+11:00,25559,-38.13720865175128,145.12389541603625,35.34851999999999,2.800000000000012,2514,36.7092,36709.2,146.0,85.0,,12,2019-03-08 20:05:59,Australia/Melbourne
2019-03-09 07:06:03+11:00,25563,-38.137561362236745,145.12378368526697,35.38888,3.0,2515,36.684,36684.0,147.0,84.0,,12,2019-03-08 20:06:03,Australia/Melbourne
2019-03-09 07:06:09+11:00,25569,-38.1380935292691,145.1236134488136,35.44981,2.800000000000012,2514,33.444,33444.0,146.0,86.0,,12,2019-03-08 20:06:09,Australia/Melbourne
2019-03-09 07:06:11+11:00,25571,-38.138229567557566,145.12356558814645,35.46548000000001,2.800000000000012,2514,26.1504,26150.4,144.0,0.0,,12,2019-03-08 20:06:11,Australia/Melbourne
2019-03-09 07:06:14+11:00,25574,-38.13836032524704,145.123522086069,35.48048,3.0,2515,14.2056,14205.6,142.0,0.0,,12,2019-03-08 20:06:14,Australia/Melbourne
2019-03-09 07:06:17+11:00,25577,-38.13842796720565,145.12349987402558,35.48825,3.1999999999999886,2516,8.136000000000001,8136.0,139.0,0.0,,12,2019-03-08 20:06:17,Australia/Melbourne
2019-03-09 07:06:18+11:00,25578,-38.13844598829746,145.12349283322692,35.49034,3.1999999999999886,2516,7.480799999999999,7480.8,138.0,0.0,,12,2019-03-08 20:06:18,Australia/Melbourne
2019-03-09 07:06:20+11:00,25580,-38.13847658224404,145.12347489595413,35.49408000000001,3.1999999999999886,2516,6.4692,6469.2,134.0,0.0,,12,2019-03-08 20:06:20,Australia/Melbourne
2019-03-09 07:06:22+11:00,25582,-38.138502398505814,145.12346073053774,35.49726000000001,3.1999999999999886,2516,4.6476,4647.6,131.0,0.0,,12,2019-03-08 20:06:22,Australia/Melbourne
2019-03-09 07:06:29+11:00,25589,-38.13853290863335,145.1234484929591,35.49765,3.0,2515,8.3088,8308.800000000001,135.0,0.0,,12,2019-03-08 20:06:29,Australia/Melbourne
2019-03-09 07:06:31+11:00,25591,-38.13858085311949,145.1234406977892,35.50302999999999,3.0,2515,10.0296,10029.6,137.0,0.0,,12,2019-03-08 20:06:31,Australia/Melbourne
2019-03-09 07:06:34+11:00,25594,-38.138685375452035,145.1233915798366,35.51542,2.800000000000012,2514,15.9804,15980.4,134.0,0.0,,12,2019-03-08 20:06:34,Australia/Melbourne
2019-03-09 07:06:35+11:00,25595,-38.13873021863401,145.12337909080088,35.520509999999994,2.800000000000012,2514,17.514000000000006,17514.0,134.0,0.0,,12,2019-03-08 20:06:35,Australia/Melbourne
2019-03-09 07:06:39+11:00,25599,-38.138942113146186,145.12328990735114,35.54530000000001,2.6000000000000227,2513,24.4404,24440.4,135.0,50.0,,12,2019-03-08 20:06:39,Australia/Melbourne
2019-03-09 07:06:44+11:00,25604,-38.139269594103105,145.1231043320149,35.585159999999995,2.0,2510,30.6324,30632.4,138.0,50.0,,12,2019-03-08 20:06:44,Australia/Melbourne
2019-03-09 07:06:48+11:00,25608,-38.13956002704799,145.12293619103733,35.62061,2.1999999999999886,2511,31.8456,31845.6,141.0,73.0,,12,2019-03-08 20:06:48,Australia/Melbourne
2019-03-09 07:06:51+11:00,25611,-38.13978474587203,145.12280451133847,35.64809,1.8000000000000114,2509,32.583600000000004,32583.6,141.0,73.0,,12,2019-03-08 20:06:51,Australia/Melbourne
2019-03-09 07:06:53+11:00,25613,-38.13993478193879,145.12271281331778,35.666579999999996,1.1999999999999886,2506,33.4836,33483.6,141.0,75.0,,12,2019-03-08 20:06:53,Australia/Melbourne
2019-03-09 07:06:58+11:00,25618,-38.140320936217904,145.1224768627435,35.71418,0.8000000000000114,2504,33.9048,33904.8,142.0,79.0,,12,2019-03-08 20:06:58,Australia/Melbourne
2019-03-09 07:07:03+11:00,25623,-38.140717651695006,145.12225708924234,35.76226000000001,1.0,2505,34.94520000000001,34945.200000000004,145.0,81.0,,12,2019-03-08 20:07:03,Australia/Melbourne
2019-03-09 07:07:07+11:00,25627,-38.14104488119483,145.1220867689699,35.80153,2.1999999999999886,2511,35.1504,35150.4,148.0,67.0,,12,2019-03-08 20:07:07,Australia/Melbourne
2019-03-09 07:07:08+11:00,25628,-38.141127023845904,145.12204620055851,35.81132,2.3999999999999773,2512,34.8012,34801.200000000004,148.0,79.0,,12,2019-03-08 20:07:08,Australia/Melbourne
2019-03-09 07:07:10+11:00,25630,-38.14130212180317,145.12197017669678,35.83187,1.6000000000000227,2508,35.7444,35744.4,151.0,81.0,,12,2019-03-08 20:07:10,Australia/Melbourne
2019-03-09 07:07:12+11:00,25632,-38.14147344790399,145.12189356610182,35.85204,1.1999999999999886,2506,36.0252,36025.200000000004,151.0,82.0,,12,2019-03-08 20:07:12,Australia/Melbourne
2019-03-09 07:07:13+11:00,25633,-38.141559194773436,145.12185928411782,35.86203,1.1999999999999886,2506,36.0684,36068.4,150.0,83.0,,12,2019-03-08 20:07:13,Australia/Melbourne
2019-03-09 07:07:20+11:00,25640,-38.14214492216706,145.1215789094567,35.931540000000005,1.0,2505,35.6076,35607.6,151.0,83.0,,12,2019-03-08 20:07:20,Australia/Melbourne
2019-03-09 07:07:21+11:00,25641,-38.14222740009428,145.12154194526374,35.94125,1.6000000000000227,2508,34.6068,34606.8,150.0,63.0,,12,2019-03-08 20:07:21,Australia/Melbourne
2019-03-09 07:07:27+11:00,25647,-38.14268597401679,145.12133181095126,35.99537,1.1999999999999886,2506,32.7384,32738.4,147.0,74.0,,12,2019-03-08 20:07:27,Australia/Melbourne
2019-03-09 07:07:28+11:00,25648,-38.14276551827788,145.12129643931985,36.00473,1.3999999999999773,2507,33.5124,33512.4,147.0,76.0,,12,2019-03-08 20:07:28,Australia/Melbourne
2019-03-09 07:07:35+11:00,25655,-38.14334252849221,145.12106526643038,36.07197,1.0,2505,35.3052,35305.200000000004,147.0,81.0,,12,2019-03-08 20:07:35,Australia/Melbourne
2019-03-09 07:07:36+11:00,25656,-38.143428945913904,145.12103945016858,36.08183,1.0,2505,35.6688,35668.8,146.0,81.0,,12,2019-03-08 20:07:36,Australia/Melbourne
2019-03-09 07:07:41+11:00,25661,-38.14387176185846,145.12090207077563,36.13243,0.19999999999998866,2501,36.75600000000001,36756.0,143.0,83.0,,12,2019-03-08 20:07:41,Australia/Melbourne
2019-03-09 07:07:45+11:00,25665,-38.14421533606947,145.1207812037319,36.17202,0.3999999999999773,2502,34.8804,34880.4,140.0,0.0,,12,2019-03-08 20:07:45,Australia/Melbourne
2019-03-09 07:07:50+11:00,25670,-38.144613476470106,145.12059881351885,36.2192,1.1999999999999886,2506,33.444,33444.0,139.0,80.0,,12,2019-03-08 20:07:50,Australia/Melbourne
2019-03-09 07:07:51+11:00,25671,-38.14468614757061,145.12055095285174,36.22829,1.3999999999999773,2507,32.803200000000004,32803.200000000004,140.0,77.0,,12,2019-03-08 20:07:51,Australia/Melbourne
2019-03-09 07:07:56+11:00,25676,-38.145007593557246,145.1203124038875,36.269659999999995,2.800000000000012,2514,28.4652,28465.2,141.0,67.0,,12,2019-03-08 20:07:56,Australia/Melbourne
2019-03-09 07:08:00+11:00,25680,-38.14524094574153,145.1201424188912,36.29955,4.0,2520,26.3592,26359.2,142.0,61.0,,12,2019-03-08 20:08:00,Australia/Melbourne
2019-03-09 07:08:04+11:00,25684,-38.145475890487425,145.11998659931126,36.328990000000005,4.800000000000012,2524,27.529200000000003,27529.2,145.0,64.0,,12,2019-03-08 20:08:04,Australia/Melbourne
2019-03-09 07:08:05+11:00,25685,-38.14553732983768,145.11994443833828,36.33675,5.0,2525,27.6804,27680.4,146.0,64.0,,12,2019-03-08 20:08:05,Australia/Melbourne
2019-03-09 07:08:10+11:00,25690,-38.14582625404,145.11972491629422,36.374179999999996,6.199999999999988,2531,25.9596,25959.6,148.0,60.0,,12,2019-03-08 20:08:10,Australia/Melbourne
2019-03-09 07:08:12+11:00,25692,-38.14593211747707,145.1196331344545,36.38842,7.0,2535,26.118000000000002,26118.0,149.0,60.0,,12,2019-03-08 20:08:12,Australia/Melbourne
2019-03-09 07:08:13+11:00,25693,-38.145987689495094,145.1195825077593,36.39602,7.399999999999977,2537,27.144,27144.0,150.0,59.0,,12,2019-03-08 20:08:13,Australia/Melbourne
2019-03-09 07:08:18+11:00,25698,-38.14627753570676,145.11927899904552,36.43776999999999,6.600000000000023,2533,32.508,32508.0,151.0,73.0,,12,2019-03-08 20:08:18,Australia/Melbourne
2019-03-09 07:08:19+11:00,25699,-38.146343752741814,145.11920649558306,36.44749,6.0,2530,34.635600000000004,34635.6,151.0,74.0,,12,2019-03-08 20:08:19,Australia/Melbourne
2019-03-09 07:08:22+11:00,25702,-38.14655916765332,145.11897473596036,36.47887,4.800000000000012,2524,38.372400000000006,38372.4,151.0,50.0,,12,2019-03-08 20:08:22,Australia/Melbourne
2019-03-09 07:08:23+11:00,25703,-38.146633515134454,145.1188904140145,36.48994,4.399999999999976,2522,39.8808,39880.8,149.0,50.0,,12,2019-03-08 20:08:23,Australia/Melbourne
2019-03-09 07:08:25+11:00,25705,-38.146784892305725,145.11871506460008,36.51272,3.3999999999999773,2517,41.5872,41587.2,147.0,0.0,,12,2019-03-08 20:08:25,Australia/Melbourne
2019-03-09 07:08:27+11:00,25707,-38.146936353296034,145.1185174193233,36.53686,2.1999999999999886,2511,43.1388,43138.8,145.0,0.0,,12,2019-03-08 20:08:27,Australia/Melbourne
2019-03-09 07:08:28+11:00,25708,-38.14700508490205,145.1184099633247,36.54899,1.6000000000000227,2508,43.6068,43606.8,145.0,0.0,,12,2019-03-08 20:08:28,Australia/Melbourne
2019-03-09 07:08:30+11:00,25710,-38.147128466516726,145.11818893253803,36.57272,0.8000000000000114,2504,42.263999999999996,42264.0,143.0,0.0,,12,2019-03-08 20:08:30,Australia/Melbourne
2019-03-09 07:08:32+11:00,25712,-38.147240029647946,145.11796991340816,36.59556,-0.19999999999998866,2499,40.5972,40597.2,144.0,0.0,,12,2019-03-08 20:08:32,Australia/Melbourne
2019-03-09 07:08:33+11:00,25713,-38.14728948287666,145.11785642243922,36.60693,-0.3999999999999773,2498,40.5576,40557.6,144.0,0.0,,12,2019-03-08 20:08:33,Australia/Melbourne
2019-03-09 07:08:38+11:00,25718,-38.14750431105495,145.11728645302358,36.662290000000006,-0.3999999999999773,2498,39.22560000000001,39225.6,141.0,68.0,,12,2019-03-08 20:08:38,Australia/Melbourne
2019-03-09 07:08:40+11:00,25720,-38.147596344351776,145.11706869117916,36.68395,-0.3999999999999773,2498,38.4444,38444.4,138.0,0.0,,12,2019-03-08 20:08:40,Australia/Melbourne
2019-03-09 07:08:43+11:00,25723,-38.14776004292071,145.11677230708298,36.71567,-0.8000000000000114,2496,37.5948,37594.8,135.0,87.0,,12,2019-03-08 20:08:43,Australia/Melbourne
2019-03-09 07:08:45+11:00,25725,-38.147884765639894,145.1165923476219,36.736670000000004,-0.6000000000000227,2497,37.5264,37526.4,135.0,87.0,,12,2019-03-08 20:08:45,Australia/Melbourne
2019-03-09 07:08:50+11:00,25730,-38.14825155772269,145.11622278951108,36.78878,-0.3999999999999773,2498,37.7604,37760.4,134.0,87.0,,12,2019-03-08 20:08:50,Australia/Melbourne
2019-03-09 07:08:56+11:00,25736,-38.148742401972406,145.11587594635785,36.85118,0.0,2500,36.838800000000006,36838.8,135.0,84.0,,12,2019-03-08 20:08:56,Australia/Melbourne
2019-03-09 07:09:02+11:00,25742,-38.149217320606105,145.11553656309843,36.91171,0.3999999999999773,2502,36.6228,36622.8,133.0,83.0,,12,2019-03-08 20:09:02,Australia/Melbourne
2019-03-09 07:09:06+11:00,25746,-38.149532731622465,145.11529826559126,36.95248,0.0,2500,37.0188,37018.8,134.0,85.0,,12,2019-03-08 20:09:06,Australia/Melbourne
2019-03-09 07:09:12+11:00,25752,-38.14997931942344,145.11490540578959,37.01285,-0.19999999999998866,2499,35.62560000000001,35625.6,132.0,82.0,,12,2019-03-08 20:09:12,Australia/Melbourne
2019-03-09 07:09:14+11:00,25754,-38.15012306906283,145.1147751510143,37.03247,0.0,2500,35.5608,35560.8,132.0,82.0,,12,2019-03-08 20:09:14,Australia/Melbourne
2019-03-09 07:09:21+11:00,25761,-38.150632604956634,145.11431699618697,37.10185,-0.19999999999998866,2499,35.90640000000001,35906.4,131.0,83.0,,12,2019-03-08 20:09:21,Australia/Melbourne
2019-03-09 07:09:23+11:00,25763,-38.150782389566295,145.11418439447883,37.12214,-1.0,2495,36.198,36198.0,131.0,83.0,,12,2019-03-08 20:09:23,Australia/Melbourne
2019-03-09 07:09:29+11:00,25769,-38.151227049529545,145.11377678252757,37.18307,-1.0,2495,36.6336,36633.6,131.0,84.0,,12,2019-03-08 20:09:29,Australia/Melbourne
2019-03-09 07:09:31+11:00,25771,-38.15137029625475,145.1136418338865,37.20288,-1.3999999999999773,2493,35.5896,35589.6,130.0,64.0,,12,2019-03-08 20:09:31,Australia/Melbourne
2019-03-09 07:09:32+11:00,25772,-38.15144145861268,145.11357762850818,37.212579999999996,-1.8000000000000114,2491,35.0568,35056.8,130.0,64.0,,12,2019-03-08 20:09:32,Australia/Melbourne
2019-03-09 07:09:39+11:00,25779,-38.151929955929525,145.11310782283545,37.28068,-1.3999999999999773,2493,35.135999999999996,35136.0,131.0,68.0,,12,2019-03-08 20:09:39,Australia/Melbourne
2019-03-09 07:09:41+11:00,25781,-38.152072615921504,145.1129683479667,37.30068,-1.1999999999999886,2494,35.7048,35704.8,129.0,82.0,,12,2019-03-08 20:09:41,Australia/Melbourne
2019-03-09 07:09:47+11:00,25787,-38.152445191517465,145.11250700801608,37.35876,-1.6000000000000227,2492,33.919200000000004,33919.200000000004,129.0,79.0,,12,2019-03-08 20:09:47,Australia/Melbourne
2019-03-09 07:09:52+11:00,25792,-38.15265683457256,145.112060084939,37.404509999999995,-1.0,2495,32.1804,32180.4,127.0,73.0,,12,2019-03-08 20:09:52,Australia/Melbourne
2019-03-09 07:09:55+11:00,25795,-38.15275523811579,145.11177903972563,37.43147,-0.6000000000000227,2497,32.4972,32497.2,130.0,74.0,,12,2019-03-08 20:09:55,Australia/Melbourne
2019-03-09 07:09:57+11:00,25797,-38.1528115645051,145.1115792989731,37.45006,-0.19999999999998866,2499,33.5484,33548.4,131.0,76.0,,12,2019-03-08 20:09:57,Australia/Melbourne
2019-03-09 07:09:59+11:00,25799,-38.152863029390566,145.1113742776215,37.468920000000004,0.0,2500,34.02,34020.0,132.0,77.0,,12,2019-03-08 20:09:59,Australia/Melbourne
2019-03-09 07:10:03+11:00,25803,-38.15303402021527,145.11098032817245,37.50844,-0.3999999999999773,2498,36.3744,36374.4,135.0,83.0,,12,2019-03-08 20:10:03,Australia/Melbourne
2019-03-09 07:10:07+11:00,25807,-38.15329067409039,145.11064010672268,37.54976,-0.8000000000000114,2496,37.385999999999996,37386.0,137.0,86.0,,12,2019-03-08 20:10:07,Australia/Melbourne
2019-03-09 07:10:13+11:00,25813,-38.15371932461858,145.11021514423192,37.61019,-1.0,2495,34.686,34686.0,135.0,0.0,,12,2019-03-08 20:10:13,Australia/Melbourne
2019-03-09 07:10:14+11:00,25814,-38.153788140043616,145.11015303432941,37.61958,-1.0,2495,33.966,33966.0,134.0,0.0,,12,2019-03-08 20:10:14,Australia/Melbourne
2019-03-09 07:10:19+11:00,25819,-38.15407647751272,145.10985673405233,37.660790000000006,0.3999999999999773,2502,27.280800000000006,27280.8,135.0,92.0,,12,2019-03-08 20:10:19,Australia/Melbourne
2019-03-09 07:10:20+11:00,25820,-38.15412333235145,145.10979982092977,37.668009999999995,0.8000000000000114,2504,26.1324,26132.4,135.0,86.0,,12,2019-03-08 20:10:20,Australia/Melbourne
2019-03-09 07:10:23+11:00,25823,-38.154244869947426,145.1096268184483,37.68831,2.0,2510,23.7816,23781.6,136.0,77.0,,12,2019-03-08 20:10:23,Australia/Melbourne
2019-03-09 07:10:25+11:00,25825,-38.1543087400496,145.10951299220326,37.70055,2.800000000000012,2514,22.6908,22690.8,137.0,79.0,,12,2019-03-08 20:10:25,Australia/Melbourne
2019-03-09 07:10:26+11:00,25826,-38.15433883108199,145.10945490561423,37.70664,3.1999999999999886,2516,22.0284,22028.4,138.0,99.0,,12,2019-03-08 20:10:26,Australia/Melbourne
2019-03-09 07:10:27+11:00,25827,-38.1543639767915,145.1093943882734,37.71263,3.6000000000000227,2518,21.7332,21733.2,138.0,95.0,,12,2019-03-08 20:10:27,Australia/Melbourne
2019-03-09 07:10:29+11:00,25829,-38.15441711805761,145.10927729308602,37.72449,4.199999999999989,2521,21.1248,21124.8,139.0,93.0,,12,2019-03-08 20:10:29,Australia/Melbourne
2019-03-09 07:10:30+11:00,25830,-38.15444067120553,145.10921861976385,37.730259999999994,4.600000000000024,2523,20.570400000000006,20570.4,141.0,89.0,,12,2019-03-08 20:10:30,Australia/Melbourne
2019-03-09 07:10:32+11:00,25832,-38.15447780303657,145.10909800417718,37.74162000000001,5.600000000000024,2528,20.0484,20048.4,143.0,87.0,,12,2019-03-08 20:10:32,Australia/Melbourne
2019-03-09 07:10:35+11:00,25835,-38.15452658571303,145.10891586542132,37.75849,6.199999999999988,2531,20.091600000000003,20091.6,146.0,87.0,,12,2019-03-08 20:10:35,Australia/Melbourne
2019-03-09 07:10:36+11:00,25836,-38.15453991293907,145.10885685682297,37.76387,6.399999999999977,2532,19.908,19908.0,147.0,86.0,,12,2019-03-08 20:10:36,Australia/Melbourne
2019-03-09 07:10:37+11:00,25837,-38.154551312327385,145.10879868641496,37.76912,7.199999999999988,2536,19.2204,19220.4,148.0,85.0,,12,2019-03-08 20:10:37,Australia/Melbourne
2019-03-09 07:10:39+11:00,25839,-38.1545677408576,145.1086869556457,37.7791,8.0,2540,17.8164,17816.4,150.0,79.0,,12,2019-03-08 20:10:39,Australia/Melbourne
2019-03-09 07:10:40+11:00,25840,-38.15457377582789,145.10863289237022,37.78388,8.199999999999989,2541,17.2728,17272.8,151.0,76.0,,12,2019-03-08 20:10:40,Australia/Melbourne
2019-03-09 07:10:43+11:00,25843,-38.154582241550095,145.10847497731447,37.79776,9.199999999999989,2546,16.272000000000002,16272.0,153.0,70.0,,12,2019-03-08 20:10:43,Australia/Melbourne
2019-03-09 07:10:44+11:00,25844,-38.154582660645254,145.1084249373525,37.80215000000001,9.600000000000025,2548,15.642000000000001,15642.0,152.0,69.0,,12,2019-03-08 20:10:44,Australia/Melbourne
2019-03-09 07:10:47+11:00,25847,-38.15457914024592,145.10827221907675,37.815540000000006,10.600000000000025,2553,16.2396,16239.6,154.0,70.0,,12,2019-03-08 20:10:47,Australia/Melbourne
2019-03-09 07:10:51+11:00,25851,-38.154574362561114,145.10806711390615,37.83358000000001,11.399999999999974,2557,16.272000000000002,16272.0,155.0,72.0,,12,2019-03-08 20:10:51,Australia/Melbourne
2019-03-09 07:10:52+11:00,25852,-38.15457897260785,145.1080175768584,37.83795,11.600000000000026,2558,15.822000000000001,15822.0,156.0,69.0,,12,2019-03-08 20:10:52,Australia/Melbourne
2019-03-09 07:10:56+11:00,25856,-38.15460856072605,145.1078345160931,37.85433,13.0,2565,14.0508,14050.8,157.0,63.0,,12,2019-03-08 20:10:56,Australia/Melbourne
2019-03-09 07:10:58+11:00,25858,-38.154625659808524,145.10775522328913,37.86153,14.0,2570,13.1904,13190.4,158.0,59.0,,12,2019-03-08 20:10:58,Australia/Melbourne
2019-03-09 07:10:59+11:00,25859,-38.154630856588476,145.10772043839097,37.86463,14.399999999999974,2572,12.2724,12272.4,159.0,57.0,,12,2019-03-08 20:10:59,Australia/Melbourne
2019-03-09 07:11:02+11:00,25862,-38.15464996732771,145.107614826411,37.87413,15.399999999999974,2577,11.25,11250.0,160.0,52.0,,12,2019-03-08 20:11:02,Australia/Melbourne
2019-03-09 07:11:05+11:00,25865,-38.154678884893656,145.1075168419629,37.883340000000004,16.600000000000026,2583,10.6236,10623.6,161.0,47.0,,12,2019-03-08 20:11:05,Australia/Melbourne
2019-03-09 07:11:09+11:00,25869,-38.15473227761686,145.1074088830501,37.89454,18.0,2590,8.967600000000003,8967.6,163.0,45.0,,12,2019-03-08 20:11:09,Australia/Melbourne
2019-03-09 07:11:11+11:00,25871,-38.154758680611856,145.10736437514424,37.89942,18.399999999999977,2592,9.2052,9205.2,164.0,41.0,,12,2019-03-08 20:11:11,Australia/Melbourne
2019-03-09 07:11:14+11:00,25874,-38.154802182689316,145.10728717781603,37.90775,19.20000000000005,2596,10.7064,10706.4,164.0,44.0,,12,2019-03-08 20:11:14,Australia/Melbourne
2019-03-09 07:11:18+11:00,25878,-38.15486630424857,145.10717930272222,37.9196,20.20000000000005,2601,10.26,10260.0,163.0,46.0,,12,2019-03-08 20:11:18,Australia/Melbourne
2019-03-09 07:11:22+11:00,25882,-38.15493922680616,145.1070907060057,37.93087000000001,21.399999999999977,2607,10.0512,10051.2,163.0,45.0,,12,2019-03-08 20:11:22,Australia/Melbourne
2019-03-09 07:11:25+11:00,25885,-38.154999576509,145.10702549479902,37.93971,22.399999999999977,2612,10.6056,10605.6,165.0,47.0,,12,2019-03-08 20:11:25,Australia/Melbourne
2019-03-09 07:11:26+11:00,25886,-38.15502061508596,145.10700621642172,37.9426,22.79999999999995,2614,10.548,10548.0,165.0,46.0,,12,2019-03-08 20:11:26,Australia/Melbourne
2019-03-09 07:11:30+11:00,25890,-38.155108457431204,145.10692725889385,37.95465,23.79999999999995,2619,10.6704,10670.4,166.0,48.0,,12,2019-03-08 20:11:30,Australia/Melbourne
2019-03-09 07:11:32+11:00,25892,-38.15515011548996,145.10688493028283,37.960570000000004,24.399999999999977,2622,10.5156,10515.6,166.0,47.0,,12,2019-03-08 20:11:32,Australia/Melbourne
2019-03-09 07:11:34+11:00,25894,-38.15519629977644,145.10685601271692,37.96629,24.79999999999995,2624,10.0692,10069.2,167.0,45.0,,12,2019-03-08 20:11:34,Australia/Melbourne
2019-03-09 07:11:37+11:00,25897,-38.15525447018445,145.1067986804992,37.97452,25.79999999999995,2629,9.9864,9986.4,167.0,44.0,,12,2019-03-08 20:11:37,Australia/Melbourne
2019-03-09 07:11:38+11:00,25898,-38.15527475439011,145.1067825872451,37.97717,26.20000000000005,2631,9.828,9828.0,167.0,44.0,,12,2019-03-08 20:11:38,Australia/Melbourne
2019-03-09 07:11:42+11:00,25902,-38.15535597503185,145.10670664720237,37.98839,27.20000000000005,2636,10.1448,10144.8,167.0,43.0,,12,2019-03-08 20:11:42,Australia/Melbourne
2019-03-09 07:11:46+11:00,25906,-38.1554345972836,145.1066340599209,37.9992,28.20000000000005,2641,9.234,9234.0,168.0,42.0,,12,2019-03-08 20:11:46,Australia/Melbourne
2019-03-09 07:11:50+11:00,25910,-38.15550793893635,145.10655418038368,38.00994,29.399999999999977,2647,10.277999999999999,10278.0,168.0,42.0,,12,2019-03-08 20:11:50,Australia/Melbourne
2019-03-09 07:11:53+11:00,25913,-38.15555881708861,145.10649751871824,38.01747,30.0,2650,8.7264,8726.4,169.0,41.0,,12,2019-03-08 20:11:53,Australia/Melbourne
2019-03-09 07:11:55+11:00,25915,-38.15559812821448,145.1064675953239,38.02256,30.600000000000023,2653,9.1296,9129.6,169.0,39.0,,12,2019-03-08 20:11:55,Australia/Melbourne
2019-03-09 07:11:59+11:00,25919,-38.15566970966756,145.1063924934715,38.03296,31.399999999999977,2657,9.284400000000002,9284.4,169.0,40.0,,12,2019-03-08 20:11:59,Australia/Melbourne
2019-03-09 07:12:00+11:00,25920,-38.15569049678743,145.10638050734997,38.03549,31.600000000000023,2658,9.3168,9316.8,169.0,40.0,,12,2019-03-08 20:12:00,Australia/Melbourne
2019-03-09 07:12:04+11:00,25924,-38.15576744265855,145.10631864890456,38.04563,32.600000000000016,2663,9.5508,9550.8,168.0,40.0,,12,2019-03-08 20:12:04,Australia/Melbourne
2019-03-09 07:12:09+11:00,25929,-38.155867690220475,145.10623977519572,38.05876,33.600000000000016,2668,9.2808,9280.8,168.0,39.0,,12,2019-03-08 20:12:09,Australia/Melbourne
2019-03-09 07:12:10+11:00,25930,-38.155886884778745,145.1062228437513,38.06135,33.799999999999955,2669,9.5364,9536.4,167.0,40.0,,12,2019-03-08 20:12:10,Australia/Melbourne
2019-03-09 07:12:14+11:00,25934,-38.155972883105285,145.10616618208587,38.07212000000001,35.0,2675,9.9792,9979.2,167.0,43.0,,12,2019-03-08 20:12:14,Australia/Melbourne
2019-03-09 07:12:17+11:00,25937,-38.1560477335006,145.10612016543746,38.08138,35.39999999999998,2677,11.177999999999999,11178.0,167.0,49.0,,12,2019-03-08 20:12:17,Australia/Melbourne
2019-03-09 07:12:21+11:00,25941,-38.156168684363365,145.10605378076434,38.09604,36.0,2680,13.8744,13874.4,166.0,57.0,,12,2019-03-08 20:12:21,Australia/Melbourne
2019-03-09 07:12:24+11:00,25944,-38.15627194941044,145.1060092728585,38.10815,36.39999999999998,2682,14.7744,14774.4,165.0,65.0,,12,2019-03-08 20:12:24,Australia/Melbourne
2019-03-09 07:12:30+11:00,25950,-38.156505301594734,145.10589846409857,38.13584,36.60000000000002,2683,17.0316,17031.600000000002,164.0,64.0,,12,2019-03-08 20:12:30,Australia/Melbourne
2019-03-09 07:12:31+11:00,25951,-38.15654662437736,145.10587910190225,38.14072,36.79999999999996,2684,17.0784,17078.4,164.0,64.0,,12,2019-03-08 20:12:31,Australia/Melbourne
2019-03-09 07:12:33+11:00,25953,-38.15663178451359,145.10583501309156,38.15095,37.0,2685,18.216,18216.0,164.0,66.0,,12,2019-03-08 20:12:33,Australia/Melbourne
2019-03-09 07:12:39+11:00,25959,-38.156886175274856,145.1057037524879,38.18145,37.79999999999996,2689,18.5616,18561.6,164.0,70.0,,12,2019-03-08 20:12:39,Australia/Melbourne
2019-03-09 07:12:41+11:00,25961,-38.15697527490556,145.10565714910626,38.19215,38.200000000000045,2691,18.9072,18907.2,164.0,68.0,,12,2019-03-08 20:12:41,Australia/Melbourne
2019-03-09 07:12:47+11:00,25967,-38.15724978223443,145.10550962761045,38.22525,38.79999999999996,2694,20.2608,20260.8,162.0,75.0,,12,2019-03-08 20:12:47,Australia/Melbourne
2019-03-09 07:12:52+11:00,25972,-38.157507693395026,145.10538842529058,38.25582,39.0,2695,22.6692,22669.2,161.0,79.0,,12,2019-03-08 20:12:52,Australia/Melbourne
2019-03-09 07:12:53+11:00,25973,-38.15755915828049,145.10535632260144,38.26218,39.0,2695,22.4352,22435.2,161.0,80.0,,12,2019-03-08 20:12:53,Australia/Melbourne
2019-03-09 07:12:54+11:00,25974,-38.157611964270465,145.10532698594034,38.26858,39.200000000000045,2696,22.4496,22449.6,160.0,85.0,,12,2019-03-08 20:12:54,Australia/Melbourne
2019-03-09 07:13:02+11:00,25982,-38.15802376717329,145.10511551052332,38.31793,40.39999999999998,2702,21.456,21456.0,161.0,80.0,,12,2019-03-08 20:13:02,Australia/Melbourne
2019-03-09 07:13:09+11:00,25989,-38.15838284790515,145.1049425080419,38.36058,41.60000000000002,2708,21.9168,21916.8,162.0,81.0,,12,2019-03-08 20:13:09,Australia/Melbourne
2019-03-09 07:13:11+11:00,25991,-38.15848066471517,145.1048884447664,38.37243,41.79999999999996,2709,21.4272,21427.2,161.0,79.0,,12,2019-03-08 20:13:11,Australia/Melbourne
2019-03-09 07:13:16+11:00,25996,-38.15872122533619,145.10476212948558,38.401340000000005,42.79999999999996,2714,20.2572,20257.2,160.0,75.0,,12,2019-03-08 20:13:16,Australia/Melbourne
2019-03-09 07:13:21+11:00,26001,-38.158948877826326,145.1046484708786,38.42852,43.399999999999984,2717,19.4184,19418.4,158.0,72.0,,12,2019-03-08 20:13:21,Australia/Melbourne
2019-03-09 07:13:23+11:00,26003,-38.15904174931347,145.10460890829563,38.4394,43.79999999999996,2719,19.9044,19904.4,157.0,73.0,,12,2019-03-08 20:13:23,Australia/Melbourne
2019-03-09 07:13:27+11:00,26007,-38.159227408468716,145.1045184675604,38.461490000000005,44.0,2720,19.3428,19342.8,156.0,73.0,,12,2019-03-08 20:13:27,Australia/Melbourne
2019-03-09 07:13:30+11:00,26010,-38.15935674123465,145.10444797575477,38.47712,44.79999999999996,2724,18.4068,18406.8,155.0,68.0,,12,2019-03-08 20:13:30,Australia/Melbourne
2019-03-09 07:13:35+11:00,26015,-38.15957123413682,145.1043381728232,38.50282,45.399999999999984,2727,18.6552,18655.2,154.0,70.0,,12,2019-03-08 20:13:35,Australia/Melbourne
2019-03-09 07:13:43+11:00,26023,-38.15995428711176,145.10415502823892,38.54829,45.79999999999996,2729,21.1932,21193.2,155.0,77.0,,12,2019-03-08 20:13:43,Australia/Melbourne
2019-03-09 07:13:46+11:00,26026,-38.16010951995849,145.10408881120384,38.56649,46.0,2730,21.8376,21837.6,154.0,79.0,,12,2019-03-08 20:13:46,Australia/Melbourne
2019-03-09 07:13:50+11:00,26030,-38.160324851050966,145.10397951118645,38.59225,46.200000000000045,2731,24.2784,24278.4,154.0,77.0,,12,2019-03-08 20:13:50,Australia/Melbourne
2019-03-09 07:13:57+11:00,26037,-38.16076456569135,145.10377189144492,38.64435,45.0,2725,28.3464,28346.4,151.0,80.0,,12,2019-03-08 20:13:57,Australia/Melbourne
2019-03-09 07:13:59+11:00,26039,-38.16090328618885,145.1037117931992,38.66063,45.0,2725,29.394000000000002,29394.0,151.0,75.0,,12,2019-03-08 20:13:59,Australia/Melbourne
2019-03-09 07:14:02+11:00,26042,-38.16111761145294,145.1036008168012,38.68633000000001,43.79999999999996,2719,31.2264,31226.4,150.0,80.0,,12,2019-03-08 20:14:02,Australia/Melbourne
2019-03-09 07:14:04+11:00,26044,-38.16126479767264,145.10352135635912,38.70409,43.399999999999984,2717,32.4252,32425.2,148.0,83.0,,12,2019-03-08 20:14:04,Australia/Melbourne
2019-03-09 07:14:06+11:00,26046,-38.16141827031971,145.10343988426033,38.722570000000005,42.79999999999996,2714,33.1992,33199.200000000004,148.0,87.0,,12,2019-03-08 20:14:06,Australia/Melbourne
2019-03-09 07:14:09+11:00,26049,-38.16166251897812,145.10331843048334,38.75169,42.0,2710,35.19000000000001,35190.0,145.0,59.0,,12,2019-03-08 20:14:09,Australia/Melbourne
2019-03-09 07:14:10+11:00,26050,-38.16174499690533,145.10327660478654,38.76155,41.79999999999996,2709,35.5968,35596.8,143.0,88.0,,12,2019-03-08 20:14:10,Australia/Melbourne
2019-03-09 07:14:12+11:00,26052,-38.161913137882955,145.10319873690602,38.781420000000004,40.79999999999996,2704,36.1584,36158.4,141.0,57.0,,12,2019-03-08 20:14:12,Australia/Melbourne
2019-03-09 07:14:13+11:00,26053,-38.16199846565723,145.10315431281924,38.79167,39.79999999999996,2699,36.8316,36831.6,140.0,57.0,,12,2019-03-08 20:14:13,Australia/Melbourne
2019-03-09 07:14:16+11:00,26056,-38.162256879732006,145.10301936417818,38.8227,38.60000000000002,2693,37.6452,37645.2,140.0,81.0,,12,2019-03-08 20:14:16,Australia/Melbourne
2019-03-09 07:14:20+11:00,26060,-38.16259995102882,145.10284376330677,38.86376,38.79999999999996,2694,36.0144,36014.4,140.0,77.0,,12,2019-03-08 20:14:20,Australia/Melbourne
2019-03-09 07:14:26+11:00,26066,-38.163057267665856,145.10261577554047,38.91833000000001,39.60000000000002,2698,31.888800000000003,31888.8,141.0,70.0,,12,2019-03-08 20:14:26,Australia/Melbourne
2019-03-09 07:14:30+11:00,26070,-38.163345269858844,145.10245769284666,38.95317,39.39999999999998,2697,31.5396,31539.6,138.0,68.0,,12,2019-03-08 20:14:30,Australia/Melbourne
2019-03-09 07:14:34+11:00,26074,-38.16364458762109,145.1023224927485,38.98845,38.60000000000002,2693,31.5144,31514.4,138.0,69.0,,12,2019-03-08 20:14:34,Australia/Melbourne
2019-03-09 07:14:38+11:00,26078,-38.16394231282175,145.10217513889074,39.02393,38.200000000000045,2691,31.471200000000003,31471.2,141.0,69.0,,12,2019-03-08 20:14:38,Australia/Melbourne
2019-03-09 07:14:41+11:00,26081,-38.16416384652257,145.1020624022931,39.05044,38.0,2690,32.0292,32029.2,143.0,68.0,,12,2019-03-08 20:14:41,Australia/Melbourne
2019-03-09 07:14:43+11:00,26083,-38.16431899555028,145.10198855772612,39.06885,37.39999999999998,2687,33.0012,33001.200000000004,144.0,70.0,,12,2019-03-08 20:14:43,Australia/Melbourne
2019-03-09 07:14:47+11:00,26087,-38.16463641822338,145.10185402818027,39.10602,36.200000000000045,2681,33.1776,33177.6,141.0,0.0,,12,2019-03-08 20:14:47,Australia/Melbourne
2019-03-09 07:14:49+11:00,26089,-38.16479718312621,145.101803150028,39.12441000000001,35.60000000000002,2678,33.2028,33202.8,138.0,0.0,,12,2019-03-08 20:14:49,Australia/Melbourne
2019-03-09 07:14:53+11:00,26093,-38.16513849422336,145.101718492806,39.16306,35.200000000000045,2676,35.4744,35474.4,137.0,74.0,,12,2019-03-08 20:14:53,Australia/Melbourne
2019-03-09 07:14:54+11:00,26094,-38.165227174758904,145.10170441120863,39.17297,35.0,2675,35.2224,35222.4,137.0,76.0,,12,2019-03-08 20:14:54,Australia/Melbourne
2019-03-09 07:14:56+11:00,26096,-38.165402691811316,145.1016853004694,39.19253,34.399999999999984,2672,35.049600000000005,35049.6,134.0,76.0,,12,2019-03-08 20:14:56,Australia/Melbourne
2019-03-09 07:14:57+11:00,26097,-38.165487851947546,145.1016776729375,39.202,33.799999999999955,2669,34.3512,34351.200000000004,133.0,0.0,,12,2019-03-08 20:14:57,Australia/Melbourne
2019-03-09 07:14:59+11:00,26099,-38.16565875895322,145.10167700238526,39.22098,33.0,2665,34.2612,34261.200000000004,128.0,0.0,,12,2019-03-08 20:14:59,Australia/Melbourne
2019-03-09 07:15:00+11:00,26100,-38.165743499994285,145.10168245062232,39.2304,32.600000000000016,2663,34.146,34146.0,128.0,0.0,,12,2019-03-08 20:15:00,Australia/Melbourne
2019-03-09 07:15:02+11:00,26102,-38.16590904258192,145.10170290246606,39.24886,31.79999999999995,2659,33.6744,33674.4,131.0,0.0,,12,2019-03-08 20:15:02,Australia/Melbourne
2019-03-09 07:15:04+11:00,26104,-38.16608053632081,145.10172293521464,39.26797,31.399999999999977,2657,35.0064,35006.4,133.0,0.0,,12,2019-03-08 20:15:04,Australia/Melbourne
2019-03-09 07:15:06+11:00,26106,-38.16624926403165,145.1017373520881,39.28674,31.20000000000005,2656,34.4448,34444.8,136.0,77.0,,12,2019-03-08 20:15:06,Australia/Melbourne
2019-03-09 07:15:11+11:00,26111,-38.166694426909096,145.10176937095818,39.33625,30.79999999999995,2654,35.7444,35744.4,133.0,79.0,,12,2019-03-08 20:15:11,Australia/Melbourne
2019-03-09 07:15:12+11:00,26112,-38.166786292567856,145.1017738971859,39.34645,30.399999999999977,2652,36.2196,36219.6,131.0,78.0,,12,2019-03-08 20:15:12,Australia/Melbourne
2019-03-09 07:15:14+11:00,26114,-38.16696683876216,145.10179166682062,39.36655,30.0,2650,35.6904,35690.4,131.0,77.0,,12,2019-03-08 20:15:14,Australia/Melbourne
2019-03-09 07:15:20+11:00,26120,-38.1675094831735,145.1018132083118,39.42686,29.79999999999995,2649,35.7264,35726.4,130.0,77.0,,12,2019-03-08 20:15:20,Australia/Melbourne
2019-03-09 07:15:21+11:00,26121,-38.16759942099453,145.10181220248342,39.436840000000004,29.79999999999995,2649,35.8812,35881.200000000004,130.0,77.0,,12,2019-03-08 20:15:21,Australia/Melbourne
2019-03-09 07:15:23+11:00,26123,-38.167779128998525,145.10179820470512,39.45683,29.20000000000005,2646,36.1404,36140.4,130.0,78.0,,12,2019-03-08 20:15:23,Australia/Melbourne
2019-03-09 07:15:25+11:00,26125,-38.16795925609768,145.10178454220298,39.476859999999995,28.0,2640,36.0684,36068.4,129.0,78.0,,12,2019-03-08 20:15:25,Australia/Melbourne
2019-03-09 07:15:28+11:00,26128,-38.16823200322688,145.10173743590713,39.50742,27.600000000000023,2638,36.421200000000006,36421.2,130.0,79.0,,12,2019-03-08 20:15:28,Australia/Melbourne
2019-03-09 07:15:31+11:00,26131,-38.16850768402219,145.1016754936427,39.538509999999995,26.79999999999995,2634,36.7416,36741.6,131.0,79.0,,12,2019-03-08 20:15:31,Australia/Melbourne
2019-03-09 07:15:35+11:00,26135,-38.168861484155066,145.10154146701097,39.57949,26.399999999999977,2632,37.4652,37465.2,130.0,80.0,,12,2019-03-08 20:15:35,Australia/Melbourne
2019-03-09 07:15:37+11:00,26137,-38.16904085688293,145.1014661137015,39.60046,25.600000000000023,2628,37.7424,37742.4,132.0,80.0,,12,2019-03-08 20:15:37,Australia/Melbourne
2019-03-09 07:15:42+11:00,26142,-38.16948065534235,145.10125757195058,39.65262000000001,24.600000000000023,2623,37.4112,37411.2,130.0,81.0,,12,2019-03-08 20:15:42,Australia/Melbourne
2019-03-09 07:15:43+11:00,26143,-38.16956698894501,145.10120602324605,39.6632,24.600000000000023,2623,37.458,37458.0,130.0,80.0,,12,2019-03-08 20:15:43,Australia/Melbourne
2019-03-09 07:15:49+11:00,26149,-38.17005691118538,145.1008679810911,39.725159999999995,23.20000000000005,2616,36.918000000000006,36918.0,131.0,80.0,,12,2019-03-08 20:15:49,Australia/Melbourne
2019-03-09 07:15:54+11:00,26154,-38.170457566156976,145.10057545267043,39.776509999999995,22.0,2610,36.378,36378.0,132.0,79.0,,12,2019-03-08 20:15:54,Australia/Melbourne
2019-03-09 07:15:57+11:00,26157,-38.1706899125129,145.1003947388381,39.80677,21.600000000000023,2608,35.8092,35809.200000000004,131.0,78.0,,12,2019-03-08 20:15:57,Australia/Melbourne
2019-03-09 07:16:03+11:00,26163,-38.17112719640136,145.1001236680895,39.86084,22.600000000000023,2613,30.4416,30441.6,133.0,80.0,,12,2019-03-08 20:16:03,Australia/Melbourne
2019-03-09 07:16:05+11:00,26165,-38.1712599657476,145.10004714131358,39.87702,23.0,2615,28.656,28656.0,133.0,76.0,,12,2019-03-08 20:16:05,Australia/Melbourne
2019-03-09 07:16:09+11:00,26169,-38.17150228656829,145.09993490763011,39.90568,24.399999999999977,2622,24.771600000000007,24771.6,133.0,65.0,,12,2019-03-08 20:16:09,Australia/Melbourne
2019-03-09 07:16:13+11:00,26173,-38.17171158269048,145.09981513023374,39.93124,26.0,2630,23.2668,23266.8,135.0,69.0,,12,2019-03-08 20:16:13,Australia/Melbourne
2019-03-09 07:16:15+11:00,26175,-38.171814093366265,145.09975310415032,39.94385,26.79999999999995,2634,21.906,21906.0,137.0,68.0,,12,2019-03-08 20:16:15,Australia/Melbourne
2019-03-09 07:16:17+11:00,26177,-38.17191350273789,145.09969744831326,39.95592,27.0,2635,21.4308,21430.8,139.0,66.0,,12,2019-03-08 20:16:17,Australia/Melbourne
2019-03-09 07:16:20+11:00,26180,-38.172058509662754,145.0996018946171,39.97408,27.79999999999995,2639,21.8448,21844.8,142.0,62.0,,12,2019-03-08 20:16:20,Australia/Melbourne
2019-03-09 07:16:22+11:00,26182,-38.17214853130282,145.0995377730578,39.98555,28.20000000000005,2641,21.3228,21322.8,143.0,64.0,,12,2019-03-08 20:16:22,Australia/Melbourne
2019-03-09 07:16:23+11:00,26183,-38.172194631770246,145.09950525127348,39.9914,28.600000000000023,2643,21.506400000000006,21506.4,142.0,61.0,,12,2019-03-08 20:16:23,Australia/Melbourne
2019-03-09 07:16:28+11:00,26188,-38.17242873832584,145.09932897984982,40.021640000000005,29.399999999999977,2647,21.474,21474.0,145.0,62.0,,12,2019-03-08 20:16:28,Australia/Melbourne
2019-03-09 07:16:32+11:00,26192,-38.1726049259305,145.09917282499373,40.04552,30.20000000000005,2651,21.2616,21261.6,148.0,63.0,,12,2019-03-08 20:16:32,Australia/Melbourne
2019-03-09 07:16:33+11:00,26193,-38.172645075246685,145.09913192130625,40.05123,30.20000000000005,2651,21.0024,21002.4,149.0,62.0,,12,2019-03-08 20:16:33,Australia/Melbourne
2019-03-09 07:16:34+11:00,26194,-38.17268497310579,145.09909361600876,40.05679,30.399999999999977,2652,20.7324,20732.4,149.0,62.0,,12,2019-03-08 20:16:34,Australia/Melbourne
2019-03-09 07:16:38+11:00,26198,-38.17284506745637,145.09892899543047,40.07969,31.600000000000023,2658,20.0988,20098.8,151.0,61.0,,12,2019-03-08 20:16:38,Australia/Melbourne
2019-03-09 07:16:42+11:00,26202,-38.17299267277122,145.09875565767288,40.10204,32.399999999999984,2662,19.7136,19713.6,151.0,59.0,,12,2019-03-08 20:16:42,Australia/Melbourne
2019-03-09 07:16:44+11:00,26204,-38.17306425422429,145.09866672568026,40.113170000000004,32.600000000000016,2663,19.5012,19501.2,151.0,60.0,,12,2019-03-08 20:16:44,Australia/Melbourne
2019-03-09 07:16:50+11:00,26210,-38.173279082402594,145.09836556389928,40.148740000000004,33.200000000000045,2666,20.8908,20890.8,152.0,68.0,,12,2019-03-08 20:16:50,Australia/Melbourne
2019-03-09 07:16:56+11:00,26216,-38.173489216715105,145.09804738685492,40.1851,33.799999999999955,2669,21.2004,21200.4,151.0,68.0,,12,2019-03-08 20:16:56,Australia/Melbourne
2019-03-09 07:16:59+11:00,26219,-38.17359843291342,145.09789902716875,40.20287,34.399999999999984,2672,21.3768,21376.8,152.0,68.0,,13,2019-03-08 20:16:59,Australia/Melbourne
2019-03-09 07:17:02+11:00,26222,-38.17371083423495,145.097759636119,40.22033,35.0,2675,20.6172,20617.2,152.0,78.0,,13,2019-03-08 20:17:02,Australia/Melbourne
2019-03-09 07:17:03+11:00,26223,-38.17375274375081,145.09772007353604,40.22613,35.0,2675,20.311200000000003,20311.2,152.0,77.0,,13,2019-03-08 20:17:03,Australia/Melbourne
2019-03-09 07:17:06+11:00,26226,-38.1738719344139,145.097579928115,40.24418,35.200000000000045,2676,21.2616,21261.6,152.0,79.0,,13,2019-03-08 20:17:06,Australia/Melbourne
2019-03-09 07:17:12+11:00,26232,-38.17413437180221,145.09735110215843,40.279579999999996,36.0,2680,21.4776,21477.6,152.0,78.0,,13,2019-03-08 20:17:12,Australia/Melbourne
2019-03-09 07:17:13+11:00,26233,-38.174181897193186,145.09731682017446,40.28564,36.0,2680,21.7116,21711.6,152.0,81.0,,13,2019-03-08 20:17:13,Australia/Melbourne
2019-03-09 07:17:21+11:00,26241,-38.17458556964994,145.0970965437591,40.33452,36.60000000000002,2683,21.9456,21945.6,151.0,78.0,,13,2019-03-08 20:17:21,Australia/Melbourne
2019-03-09 07:17:25+11:00,26245,-38.17479863762856,145.09701314382255,40.35930000000001,37.79999999999996,2689,22.2156,22215.6,150.0,74.0,,13,2019-03-08 20:17:25,Australia/Melbourne
2019-03-09 07:17:29+11:00,26249,-38.175028637051575,145.09694810025394,40.38548,37.79999999999996,2689,23.1552,23155.2,150.0,76.0,,13,2019-03-08 20:17:29,Australia/Melbourne
2019-03-09 07:17:35+11:00,26255,-38.17536408081651,145.09689101949334,40.42307,38.79999999999996,2694,22.1436,22143.6,149.0,72.0,,13,2019-03-08 20:17:35,Australia/Melbourne
2019-03-09 07:17:37+11:00,26257,-38.1754753086716,145.0968930311501,40.43542,38.79999999999996,2694,21.7116,21711.6,150.0,73.0,,13,2019-03-08 20:17:37,Australia/Melbourne
2019-03-09 07:17:43+11:00,26263,-38.175804130733006,145.09690451435742,40.47198,39.200000000000045,2696,19.854,19854.0,148.0,78.0,,13,2019-03-08 20:17:43,Australia/Melbourne
2019-03-09 07:17:49+11:00,26269,-38.17611476406454,145.09693468920887,40.50659,39.60000000000002,2698,18.7308,18730.8,147.0,72.0,,13,2019-03-08 20:17:49,Australia/Melbourne
2019-03-09 07:17:51+11:00,26271,-38.17620780318976,145.0969413947314,40.51695,40.0,2700,17.755200000000006,17755.2,147.0,66.0,,13,2019-03-08 20:17:51,Australia/Melbourne
2019-03-09 07:17:56+11:00,26276,-38.17642422392965,145.09693452157083,40.541,41.200000000000045,2706,16.7652,16765.2,148.0,62.0,,13,2019-03-08 20:17:56,Australia/Melbourne
2019-03-09 07:18:00+11:00,26280,-38.17659337073565,145.09691624902192,40.55987,42.200000000000045,2711,17.258399999999998,17258.4,150.0,62.0,,13,2019-03-08 20:18:00,Australia/Melbourne
2019-03-09 07:18:01+11:00,26281,-38.17663511261344,145.09691147133708,40.56452,42.39999999999998,2712,16.790399999999998,16790.4,151.0,64.0,,13,2019-03-08 20:18:01,Australia/Melbourne
2019-03-09 07:18:04+11:00,26284,-38.176765283569694,145.0968914385885,40.57908000000001,43.200000000000045,2716,17.5752,17575.2,152.0,63.0,,13,2019-03-08 20:18:04,Australia/Melbourne
2019-03-09 07:18:05+11:00,26285,-38.176810378208756,145.09688397869468,40.58413,43.600000000000016,2718,17.6904,17690.4,154.0,65.0,,13,2019-03-08 20:18:05,Australia/Melbourne
2019-03-09 07:18:09+11:00,26289,-38.176987320184715,145.09686285629869,40.60386,44.399999999999984,2722,17.0532,17053.2,157.0,65.0,,13,2019-03-08 20:18:09,Australia/Melbourne
2019-03-09 07:18:10+11:00,26290,-38.17703040316701,145.0968555640429,40.60869,44.600000000000016,2723,17.352,17352.0,157.0,63.0,,13,2019-03-08 20:18:10,Australia/Melbourne
2019-03-09 07:18:12+11:00,26292,-38.177113300189376,145.09683905169368,40.618,45.0,2725,16.578000000000007,16578.0,157.0,62.0,,13,2019-03-08 20:18:12,Australia/Melbourne
2019-03-09 07:18:16+11:00,26296,-38.17727783694863,145.09681725874543,40.63638,45.79999999999996,2729,16.182000000000002,16182.0,158.0,61.0,,13,2019-03-08 20:18:16,Australia/Melbourne
2019-03-09 07:18:20+11:00,26300,-38.17742913030089,145.09679010137916,40.65334,46.600000000000016,2733,15.318,15318.0,158.0,54.0,,13,2019-03-08 20:18:20,Australia/Melbourne
2019-03-09 07:18:22+11:00,26302,-38.177499454468496,145.0967740919441,40.66127,46.79999999999996,2734,14.490000000000002,14490.0,157.0,54.0,,13,2019-03-08 20:18:22,Australia/Melbourne
2019-03-09 07:18:28+11:00,26308,-38.177713695913546,145.0967088807374,40.68579,48.0,2740,14.6664,14666.4,157.0,54.0,,13,2019-03-08 20:18:28,Australia/Melbourne
2019-03-09 07:18:33+11:00,26313,-38.17788988351822,145.09667082689703,40.70564,49.0,2745,13.9752,13975.2,157.0,53.0,,13,2019-03-08 20:18:33,Australia/Melbourne
2019-03-09 07:18:36+11:00,26316,-38.17799616605043,145.09664651937786,40.71765,49.600000000000016,2748,14.5368,14536.8,157.0,53.0,,13,2019-03-08 20:18:36,Australia/Melbourne
2019-03-09 07:18:40+11:00,26320,-38.17814259789885,145.0966115668416,40.73418,50.0,2750,15.1956,15195.6,156.0,56.0,,13,2019-03-08 20:18:40,Australia/Melbourne
2019-03-09 07:18:46+11:00,26326,-38.1783710885793,145.09653923101726,40.76034,51.0,2755,15.4908,15490.8,156.0,58.0,,13,2019-03-08 20:18:46,Australia/Melbourne
2019-03-09 07:18:54+11:00,26334,-38.178692618384964,145.09642892517152,40.79736,52.0,2760,17.244,17244.0,156.0,63.0,,13,2019-03-08 20:18:54,Australia/Melbourne
2019-03-09 07:18:56+11:00,26336,-38.17877526395023,145.0963994208723,40.8069,52.200000000000045,2761,17.744400000000006,17744.4,156.0,65.0,,13,2019-03-08 20:18:56,Australia/Melbourne
2019-03-09 07:19:02+11:00,26342,-38.17905044183135,145.09629582054913,40.83879,52.200000000000045,2761,19.7928,19792.8,153.0,73.0,,13,2019-03-08 20:19:02,Australia/Melbourne
2019-03-09 07:19:09+11:00,26349,-38.17943341098726,145.09615902788937,40.88295,52.399999999999984,2762,24.5772,24577.2,151.0,79.0,,13,2019-03-08 20:19:09,Australia/Melbourne
2019-03-09 07:19:14+11:00,26354,-38.1797625683248,145.09603531099856,40.921079999999996,50.79999999999996,2754,28.9872,28987.2,148.0,82.0,,13,2019-03-08 20:19:14,Australia/Melbourne
2019-03-09 07:19:15+11:00,26355,-38.17983699962497,145.0960131827742,40.92957,50.600000000000016,2753,29.862,29862.0,148.0,86.0,,13,2019-03-08 20:19:15,Australia/Melbourne
2019-03-09 07:19:18+11:00,26358,-38.18007295019925,145.09595015086236,40.95633,49.200000000000045,2746,31.726800000000004,31726.8,146.0,70.0,,13,2019-03-08 20:19:18,Australia/Melbourne
2019-03-09 07:19:21+11:00,26361,-38.18031250499189,145.0959140248597,40.983109999999996,48.200000000000045,2741,32.6124,32612.4,143.0,0.0,,13,2019-03-08 20:19:21,Australia/Melbourne
2019-03-09 07:19:22+11:00,26362,-38.18039389327169,145.09590254165232,40.9922,47.600000000000016,2738,32.6664,32666.4,142.0,0.0,,13,2019-03-08 20:19:22,Australia/Melbourne
2019-03-09 07:19:24+11:00,26364,-38.18056639283896,145.09590052999556,41.01135,46.399999999999984,2732,34.678799999999995,34678.8,141.0,79.0,,13,2019-03-08 20:19:24,Australia/Melbourne
2019-03-09 07:19:27+11:00,26367,-38.180833775550134,145.09593045338988,41.04115,44.79999999999996,2724,35.891999999999996,35892.0,140.0,0.0,,13,2019-03-08 20:19:27,Australia/Melbourne
2019-03-09 07:19:30+11:00,26370,-38.18110233172774,145.09597638621926,41.07123,44.200000000000045,2721,35.10720000000001,35107.200000000004,136.0,0.0,,13,2019-03-08 20:19:30,Australia/Melbourne
2019-03-09 07:19:32+11:00,26372,-38.18127198144794,145.09602701291442,41.09056,43.600000000000016,2718,34.6392,34639.200000000004,136.0,102.0,,13,2019-03-08 20:19:32,Australia/Melbourne
2019-03-09 07:19:33+11:00,26373,-38.18135605193674,145.0960521586239,41.10015,43.79999999999996,2719,34.6608,34660.8,137.0,99.0,,13,2019-03-08 20:19:33,Australia/Melbourne
2019-03-09 07:19:39+11:00,26379,-38.18182392977178,145.0962145999074,41.15401,43.600000000000016,2718,29.7324,29732.4,136.0,88.0,,13,2019-03-08 20:19:39,Australia/Melbourne
2019-03-09 07:19:42+11:00,26382,-38.18202526308596,145.09629280306402,41.17739,44.79999999999996,2724,27.090000000000003,27090.0,134.0,79.0,,13,2019-03-08 20:19:42,Australia/Melbourne
2019-03-09 07:19:44+11:00,26384,-38.18214478902519,145.09635348804298,41.19169,45.600000000000016,2728,25.5096,25509.6,134.0,77.0,,13,2019-03-08 20:19:44,Australia/Melbourne
2019-03-09 07:19:45+11:00,26385,-38.18220413289964,145.0963789690286,41.19865,45.79999999999996,2729,25.055999999999997,25056.0,134.0,73.0,,13,2019-03-08 20:19:45,Australia/Melbourne
2019-03-09 07:19:47+11:00,26387,-38.1823198031634,145.09642490185797,41.2121,46.0,2730,24.3072,24307.2,135.0,71.0,,13,2019-03-08 20:19:47,Australia/Melbourne
2019-03-09 07:19:51+11:00,26391,-38.18253446370363,145.09652079083025,41.237359999999995,47.399999999999984,2737,22.464,22464.0,137.0,67.0,,13,2019-03-08 20:19:51,Australia/Melbourne
2019-03-09 07:19:53+11:00,26393,-38.182613924145706,145.09657820686698,41.24753,47.79999999999996,2739,16.812,16812.0,138.0,57.0,,13,2019-03-08 20:19:53,Australia/Melbourne
2019-03-09 07:19:55+11:00,26395,-38.18262473680079,145.09658399038014,41.24908,48.79999999999996,2744,2.1312,2131.2000000000007,140.0,0.0,,13,2019-03-08 20:19:55,Australia/Melbourne
2019-03-09 07:19:56+11:00,26396,-38.182621216401465,145.0965803861618,41.24908,49.0,2745,0.0,0.0,141.0,0.0,,13,2019-03-08 20:19:56,Australia/Melbourne
2019-03-09 07:20:31+11:00,26431,-38.18259925581515,145.0965661369264,41.24930000000001,48.79999999999996,2744,8.244,8244.0,136.0,0.0,,13,2019-03-08 20:20:31,Australia/Melbourne
2019-03-09 07:20:33+11:00,26433,-38.18263839930296,145.09658415801826,41.25393,48.79999999999996,2744,8.3124,8312.4,137.0,0.0,,13,2019-03-08 20:20:33,Australia/Melbourne
2019-03-09 07:20:38+11:00,26438,-38.182789776474245,145.0966392271221,41.27147,49.0,2745,13.5756,13575.6,139.0,0.0,,13,2019-03-08 20:20:38,Australia/Melbourne
2019-03-09 07:20:44+11:00,26444,-38.18303385749459,145.0967581663281,41.30052,49.399999999999984,2747,18.738,18738.0,142.0,55.0,,13,2019-03-08 20:20:44,Australia/Melbourne
2019-03-09 07:20:47+11:00,26447,-38.18317442201078,145.0968205276877,41.3171,49.79999999999996,2749,19.6668,19666.8,144.0,58.0,,13,2019-03-08 20:20:47,Australia/Melbourne
2019-03-09 07:20:50+11:00,26450,-38.183312136679895,145.09687576442957,41.33313,50.79999999999996,2754,18.954,18954.0,147.0,57.0,,13,2019-03-08 20:20:50,Australia/Melbourne
2019-03-09 07:20:51+11:00,26451,-38.18335874006152,145.0968943722546,41.33856,50.79999999999996,2754,19.1592,19159.2,147.0,57.0,,13,2019-03-08 20:20:51,Australia/Melbourne
2019-03-09 07:20:54+11:00,26454,-38.183496119454496,145.0969554763287,41.35474,52.200000000000045,2761,19.5588,19558.8,150.0,56.0,,13,2019-03-08 20:20:54,Australia/Melbourne
2019-03-09 07:20:57+11:00,26457,-38.183623692020774,145.09701733477414,41.369890000000005,53.0,2765,18.035999999999998,18036.0,152.0,54.0,,13,2019-03-08 20:20:57,Australia/Melbourne
2019-03-09 07:20:58+11:00,26458,-38.18366727791727,145.0970333442092,41.37493,53.399999999999984,2767,17.8452,17845.2,153.0,53.0,,13,2019-03-08 20:20:58,Australia/Melbourne
2019-03-09 07:21:03+11:00,26463,-38.18386442027986,145.09707625955343,41.39713,54.600000000000016,2773,14.889600000000002,14889.6,154.0,46.0,,13,2019-03-08 20:21:03,Australia/Melbourne
2019-03-09 07:21:04+11:00,26464,-38.18390096537769,145.09708179160953,41.40121,55.0,2775,14.796,14796.0,154.0,44.0,,13,2019-03-08 20:21:04,Australia/Melbourne
2019-03-09 07:21:06+11:00,26466,-38.18397279828787,145.0970922689885,41.409240000000004,55.600000000000016,2778,14.5152,14515.2,154.0,43.0,,13,2019-03-08 20:21:06,Australia/Melbourne
2019-03-09 07:21:13+11:00,26473,-38.184214113280184,145.0971211027354,41.436170000000004,56.399999999999984,2782,13.3452,13345.2,154.0,41.0,,13,2019-03-08 20:21:13,Australia/Melbourne
2019-03-09 07:21:15+11:00,26475,-38.184282593429096,145.0971216056496,41.44377,56.600000000000016,2783,13.0068,13006.8,155.0,40.0,,13,2019-03-08 20:21:15,Australia/Melbourne
2019-03-09 07:21:20+11:00,26480,-38.184457020834095,145.09712361730638,41.46318,57.79999999999996,2789,14.3928,14392.8,155.0,42.0,,13,2019-03-08 20:21:20,Australia/Melbourne
2019-03-09 07:21:26+11:00,26486,-38.18468199111521,145.09708547964692,41.48838,59.0,2795,14.7024,14702.4,155.0,44.0,,13,2019-03-08 20:21:26,Australia/Melbourne
2019-03-09 07:21:28+11:00,26488,-38.18475860171021,145.09706821292642,41.49702,59.399999999999984,2797,14.7636,14763.6,155.0,44.0,,13,2019-03-08 20:21:28,Australia/Melbourne
2019-03-09 07:21:32+11:00,26492,-38.184904446825385,145.09703133255243,41.51355,60.200000000000045,2801,14.9364,14936.4,156.0,44.0,,13,2019-03-08 20:21:32,Australia/Melbourne
2019-03-09 07:21:36+11:00,26496,-38.185054063797004,145.09698305279016,41.53071,60.600000000000016,2803,15.4296,15429.6,156.0,45.0,,13,2019-03-08 20:21:36,Australia/Melbourne
2019-03-09 07:21:39+11:00,26499,-38.185171829536564,145.096943071112,41.54425,61.399999999999984,2807,15.9696,15969.6,157.0,46.0,,13,2019-03-08 20:21:39,Australia/Melbourne
2019-03-09 07:21:43+11:00,26503,-38.185329996049404,145.09689688682556,41.5623,61.79999999999996,2809,16.4268,16426.8,158.0,49.0,,13,2019-03-08 20:21:43,Australia/Melbourne
2019-03-09 07:21:46+11:00,26506,-38.18545119836927,145.09686059318486,41.57612,62.399999999999984,2812,16.38,16380.0,158.0,47.0,,13,2019-03-08 20:21:46,Australia/Melbourne
2019-03-09 07:21:50+11:00,26510,-38.18561162799597,145.0968132354319,41.59446,63.399999999999984,2817,16.092,16092.0,158.0,47.0,,13,2019-03-08 20:21:50,Australia/Melbourne
2019-03-09 07:21:51+11:00,26511,-38.18565253168345,145.0967985671014,41.59918,63.600000000000016,2818,16.2648,16264.8,157.0,49.0,,13,2019-03-08 20:21:51,Australia/Melbourne
2019-03-09 07:21:55+11:00,26515,-38.18581715226173,145.09673721157012,41.61823,64.39999999999998,2822,16.959600000000002,16959.600000000002,156.0,49.0,,13,2019-03-08 20:21:55,Australia/Melbourne
2019-03-09 07:21:59+11:00,26519,-38.18597892299295,145.09667962789538,41.63689,64.79999999999995,2824,17.064,17064.0,156.0,50.0,,13,2019-03-08 20:21:59,Australia/Melbourne
2019-03-09 07:22:02+11:00,26522,-38.18610155023634,145.0966339465231,41.6511,65.60000000000002,2828,16.8012,16801.2,156.0,49.0,,13,2019-03-08 20:22:02,Australia/Melbourne
2019-03-09 07:22:08+11:00,26528,-38.18635334260762,145.09655205532908,41.67994,66.60000000000002,2833,17.4204,17420.4,156.0,51.0,,13,2019-03-08 20:22:08,Australia/Melbourne
2019-03-09 07:22:14+11:00,26534,-38.18661091849208,145.09645683690906,41.70977,68.0,2840,17.5392,17539.2,156.0,52.0,,13,2019-03-08 20:22:14,Australia/Melbourne
2019-03-09 07:22:17+11:00,26537,-38.186735808849335,145.09640855714682,41.724270000000004,68.60000000000002,2843,17.0964,17096.4,156.0,51.0,,13,2019-03-08 20:22:17,Australia/Melbourne
2019-03-09 07:22:19+11:00,26539,-38.186816526576884,145.09637670591474,41.73365,69.0,2845,16.7796,16779.600000000002,156.0,49.0,,13,2019-03-08 20:22:19,Australia/Melbourne
2019-03-09 07:22:26+11:00,26546,-38.187081143259995,145.09626388549802,41.764660000000006,70.0,2850,15.876,15876.0,157.0,46.0,,13,2019-03-08 20:22:26,Australia/Melbourne
2019-03-09 07:22:29+11:00,26549,-38.187203519046314,145.09622164070606,41.77879,70.79999999999995,2854,17.056800000000006,17056.8,156.0,50.0,,13,2019-03-08 20:22:29,Australia/Melbourne
2019-03-09 07:22:32+11:00,26552,-38.18732748739421,145.0961730256677,41.79319,71.0,2855,17.535600000000002,17535.600000000002,157.0,52.0,,13,2019-03-08 20:22:32,Australia/Melbourne
2019-03-09 07:22:33+11:00,26553,-38.1873681396246,145.096157938242,41.7979,71.20000000000005,2856,17.4348,17434.8,157.0,50.0,,13,2019-03-08 20:22:33,Australia/Melbourne
2019-03-09 07:22:38+11:00,26558,-38.18758447654545,145.0960752926767,41.82298,72.20000000000005,2861,18.4716,18471.6,157.0,54.0,,13,2019-03-08 20:22:38,Australia/Melbourne
2019-03-09 07:22:43+11:00,26563,-38.187812212854624,145.095991557464,41.84931,72.60000000000002,2863,19.076400000000003,19076.4,156.0,55.0,,13,2019-03-08 20:22:43,Australia/Melbourne
2019-03-09 07:22:49+11:00,26569,-38.18809485062957,145.0958868674934,41.88199,73.20000000000005,2866,19.8108,19810.8,156.0,57.0,,13,2019-03-08 20:22:49,Australia/Melbourne
2019-03-09 07:22:52+11:00,26572,-38.18825134076178,145.0958324689418,41.9,73.60000000000002,2868,21.618000000000002,21618.0,155.0,62.0,,13,2019-03-08 20:22:52,Australia/Melbourne
2019-03-09 07:22:58+11:00,26578,-38.188594160601504,145.09570523165164,41.939659999999996,74.20000000000005,2871,24.695999999999998,24696.0,155.0,71.0,,13,2019-03-08 20:22:58,Australia/Melbourne
2019-03-09 07:22:59+11:00,26579,-38.188656019046896,145.0956851989031,41.94676000000001,74.20000000000005,2871,25.2216,25221.6,155.0,72.0,,13,2019-03-08 20:22:59,Australia/Melbourne
2019-03-09 07:23:05+11:00,26585,-38.18903127685189,145.09555058553815,41.99008,74.39999999999998,2872,26.1684,26168.4,154.0,76.0,,13,2019-03-08 20:23:05,Australia/Melbourne
2019-03-09 07:23:12+11:00,26592,-38.189470153301954,145.09540113620457,42.04054,74.60000000000002,2873,25.686,25686.0,154.0,77.0,,13,2019-03-08 20:23:12,Australia/Melbourne
2019-03-09 07:23:17+11:00,26597,-38.18977634422481,145.09530558250842,42.07554,75.39999999999998,2877,24.6636,24663.6,153.0,71.0,,13,2019-03-08 20:23:17,Australia/Melbourne
2019-03-09 07:23:21+11:00,26601,-38.19000349380076,145.09523500688377,42.10151000000001,75.79999999999995,2879,23.238000000000003,23238.0,151.0,68.0,,13,2019-03-08 20:23:21,Australia/Melbourne
2019-03-09 07:23:23+11:00,26603,-38.19011606276035,145.09519837796688,42.11441000000001,76.39999999999998,2882,23.346,23346.0,151.0,67.0,,13,2019-03-08 20:23:23,Australia/Melbourne
2019-03-09 07:23:27+11:00,26607,-38.190334914252155,145.09512654505667,42.139509999999994,77.60000000000002,2888,22.312800000000006,22312.8,151.0,66.0,,13,2019-03-08 20:23:27,Australia/Melbourne
2019-03-09 07:23:30+11:00,26610,-38.19048947654665,145.09509352035818,42.15692,78.0,2890,20.9736,20973.6,151.0,63.0,,13,2019-03-08 20:23:30,Australia/Melbourne
2019-03-09 07:23:33+11:00,26613,-38.19063263945281,145.09506870992482,42.17296,78.79999999999995,2894,19.2096,19209.6,153.0,57.0,,13,2019-03-08 20:23:33,Australia/Melbourne
2019-03-09 07:23:37+11:00,26617,-38.19081083871424,145.09502101689574,42.19319,80.0,2900,17.5968,17596.8,153.0,52.0,,13,2019-03-08 20:23:37,Australia/Melbourne
2019-03-09 07:23:42+11:00,26622,-38.19101694971322,145.09495438076559,42.21682,81.0,2905,16.250400000000006,16250.4,154.0,48.0,,13,2019-03-08 20:23:42,Australia/Melbourne
2019-03-09 07:23:46+11:00,26626,-38.19117075763643,145.09490316733718,42.23448000000001,82.0,2910,15.2892,15289.2,153.0,48.0,,13,2019-03-08 20:23:46,Australia/Melbourne
2019-03-09 07:23:47+11:00,26627,-38.19120847620071,145.0948910135776,42.23880000000001,82.20000000000005,2911,15.4224,15422.4,154.0,48.0,,13,2019-03-08 20:23:47,Australia/Melbourne
2019-03-09 07:23:53+11:00,26633,-38.19143562577665,145.09481197223067,42.26497,83.39999999999998,2917,16.4556,16455.600000000002,154.0,48.0,,12,2019-03-08 20:23:53,Australia/Melbourne
2019-03-09 07:23:55+11:00,26635,-38.191507877781994,145.09478556923568,42.27332,83.79999999999995,2919,15.2064,15206.4,154.0,46.0,,12,2019-03-08 20:23:55,Australia/Melbourne
2019-03-09 07:24:00+11:00,26640,-38.19170577451587,145.0947173405439,42.2961,84.60000000000002,2923,16.7652,16765.2,153.0,48.0,,12,2019-03-08 20:24:00,Australia/Melbourne
2019-03-09 07:24:04+11:00,26644,-38.19187274202704,145.0946657080203,42.31517,85.0,2925,17.2152,17215.2,153.0,50.0,,12,2019-03-08 20:24:04,Australia/Melbourne
2019-03-09 07:24:07+11:00,26647,-38.191995033994324,145.09462824091315,42.32914,85.60000000000002,2928,16.884,16884.0,154.0,50.0,,12,2019-03-08 20:24:07,Australia/Melbourne
2019-03-09 07:24:14+11:00,26654,-38.192287981510155,145.0945290829986,42.36281,87.0,2935,16.9668,16966.8,154.0,51.0,,12,2019-03-08 20:24:14,Australia/Melbourne
2019-03-09 07:24:15+11:00,26655,-38.1923293042928,145.0945125706494,42.36762,87.39999999999998,2937,17.1108,17110.8,154.0,50.0,,12,2019-03-08 20:24:15,Australia/Melbourne
2019-03-09 07:24:19+11:00,26659,-38.19249350577593,145.09445959702134,42.38644,88.0,2940,17.0424,17042.4,154.0,50.0,,12,2019-03-08 20:24:19,Australia/Melbourne
2019-03-09 07:24:23+11:00,26663,-38.192660054191954,145.0943843275309,42.406079999999996,88.39999999999998,2942,17.6256,17625.600000000002,155.0,51.0,,12,2019-03-08 20:24:23,Australia/Melbourne
2019-03-09 07:24:30+11:00,26670,-38.19296540692449,145.09423471055925,42.442479999999996,89.20000000000003,2946,19.3608,19360.8,154.0,56.0,,12,2019-03-08 20:24:30,Australia/Melbourne
2019-03-09 07:24:31+11:00,26671,-38.193008154630654,145.09420646354556,42.447829999999996,89.39999999999998,2947,19.404,19404.0,154.0,56.0,,12,2019-03-08 20:24:31,Australia/Melbourne
2019-03-09 07:24:39+11:00,26679,-38.19335650652647,145.09394209831953,42.49292,90.20000000000003,2951,20.5128,20512.8,154.0,59.0,,12,2019-03-08 20:24:39,Australia/Melbourne
2019-03-09 07:24:40+11:00,26680,-38.193397577852004,145.09389809332785,42.49889,90.39999999999998,2952,21.3156,21315.6,153.0,61.0,,12,2019-03-08 20:24:40,Australia/Melbourne
2019-03-09 07:24:48+11:00,26688,-38.19375498220325,145.09353180415928,42.54996,90.60000000000002,2953,23.9724,23972.4,152.0,70.0,,12,2019-03-08 20:24:48,Australia/Melbourne
2019-03-09 07:24:56+11:00,26696,-38.19410827942193,145.09305495768783,42.60732,90.20000000000003,2951,27.0288,27028.8,150.0,79.0,,12,2019-03-08 20:24:56,Australia/Melbourne
2019-03-09 07:25:02+11:00,26702,-38.19437013007701,145.09261331520975,42.65572,89.39999999999998,2947,29.628000000000004,29628.0,148.0,78.0,,12,2019-03-08 20:25:02,Australia/Melbourne
2019-03-09 07:25:04+11:00,26704,-38.19446174427868,145.09245741181073,42.67275,89.0,2945,30.4308,30430.8,147.0,78.0,,12,2019-03-08 20:25:04,Australia/Melbourne
2019-03-09 07:25:06+11:00,26706,-38.194552771747105,145.09229497052732,42.69021,87.79999999999997,2939,31.2264,31226.4,145.0,0.0,,12,2019-03-08 20:25:06,Australia/Melbourne
2019-03-09 07:25:09+11:00,26709,-38.194695012643926,145.09204435162246,42.71725,86.39999999999998,2932,32.583600000000004,32583.6,143.0,0.0,,12,2019-03-08 20:25:09,Australia/Melbourne
2019-03-09 07:25:10+11:00,26710,-38.19474270567297,145.09195826947692,42.72646,86.20000000000003,2931,32.724000000000004,32724.0,143.0,0.0,,12,2019-03-08 20:25:10,Australia/Melbourne
2019-03-09 07:25:13+11:00,26713,-38.19488025270402,145.09171687066558,42.75255,85.39999999999998,2927,28.5732,28573.2,141.0,0.0,,12,2019-03-08 20:25:13,Australia/Melbourne
2019-03-09 07:25:15+11:00,26715,-38.1949597131461,145.09159969165918,42.76608,85.60000000000002,2928,24.055200000000006,24055.2,140.0,0.0,,12,2019-03-08 20:25:15,Australia/Melbourne
2019-03-09 07:25:19+11:00,26719,-38.195056524127715,145.09145862422884,42.78248000000001,85.60000000000002,2928,12.0168,12016.8,139.0,0.0,,12,2019-03-08 20:25:19,Australia/Melbourne
2019-03-09 07:25:23+11:00,26723,-38.195070941001184,145.09142920374867,42.78654,86.0,2930,0.0,0.0,137.0,0.0,,12,2019-03-08 20:25:23,Australia/Melbourne
2019-03-09 07:25:29+11:00,26729,-38.19509809836745,145.09135871194303,42.787209999999995,85.60000000000002,2928,9.2124,9212.4,138.0,0.0,,12,2019-03-08 20:25:29,Australia/Melbourne
2019-03-09 07:25:31+11:00,26731,-38.195133972913034,145.09128679521382,42.794709999999995,85.20000000000005,2926,13.3992,13399.2,140.0,0.0,,12,2019-03-08 20:25:31,Australia/Melbourne
2019-03-09 07:25:32+11:00,26732,-38.195163561031215,145.0912427064031,42.79978,85.0,2925,16.6428,16642.8,140.0,0.0,,12,2019-03-08 20:25:32,Australia/Melbourne
2019-03-09 07:25:34+11:00,26734,-38.19522491656244,145.09113139472902,42.811659999999996,84.60000000000002,2923,20.988000000000003,20988.0,137.0,48.0,,12,2019-03-08 20:25:34,Australia/Melbourne
2019-03-09 07:25:35+11:00,26735,-38.19526288658381,145.0910690333694,42.81856,84.39999999999998,2922,22.8564,22856.4,136.0,56.0,,12,2019-03-08 20:25:35,Australia/Melbourne
2019-03-09 07:25:39+11:00,26739,-38.19542918354273,145.09079645387828,42.84876,83.20000000000005,2916,28.2168,28216.8,135.0,73.0,,12,2019-03-08 20:25:39,Australia/Melbourne
2019-03-09 07:25:40+11:00,26740,-38.19546983577311,145.09072269313037,42.856640000000006,83.0,2915,28.4724,28472.4,135.0,73.0,,12,2019-03-08 20:25:40,Australia/Melbourne
2019-03-09 07:25:44+11:00,26744,-38.19564057514072,145.090415244922,42.88957,82.0,2910,29.6352,29635.2,135.0,77.0,,12,2019-03-08 20:25:44,Australia/Melbourne
2019-03-09 07:25:49+11:00,26749,-38.19585372693837,145.0900449324399,42.929730000000006,82.0,2910,28.0008,28000.8,136.0,74.0,,13,2019-03-08 20:25:49,Australia/Melbourne
2019-03-09 07:25:51+11:00,26751,-38.19593327119947,145.08991207927463,42.94435,83.0,2915,26.4204,26420.4,138.0,70.0,,13,2019-03-08 20:25:51,Australia/Melbourne
2019-03-09 07:25:53+11:00,26753,-38.196007115766406,145.08977939374745,42.95856,84.20000000000005,2921,26.046000000000006,26046.0,139.0,69.0,,13,2019-03-08 20:25:53,Australia/Melbourne
2019-03-09 07:25:56+11:00,26756,-38.19611834362149,145.0895847659558,42.97962,85.20000000000005,2926,25.1676,25167.6,141.0,67.0,,13,2019-03-08 20:25:56,Australia/Melbourne
2019-03-09 07:25:57+11:00,26757,-38.19615480490029,145.08952206932008,42.98644,85.60000000000002,2928,24.6024,24602.4,141.0,65.0,,13,2019-03-08 20:25:57,Australia/Melbourne
2019-03-09 07:26:01+11:00,26761,-38.196305176243186,145.0892758928239,43.01371,86.39999999999998,2932,24.3432,24343.2,143.0,64.0,,13,2019-03-08 20:26:01,Australia/Melbourne
2019-03-09 07:26:06+11:00,26766,-38.196490416303284,145.0889646727592,43.04786,86.60000000000002,2933,24.6924,24692.4,145.0,65.0,,13,2019-03-08 20:26:06,Australia/Melbourne
2019-03-09 07:26:11+11:00,26771,-38.19668537937105,145.08863165974614,43.08419,86.79999999999997,2934,26.4132,26413.2,148.0,68.0,,13,2019-03-08 20:26:11,Australia/Melbourne
2019-03-09 07:26:14+11:00,26774,-38.196807922795415,145.08841850794855,43.1073,86.39999999999998,2932,27.9108,27910.8,149.0,71.0,,13,2019-03-08 20:26:14,Australia/Melbourne
2019-03-09 07:26:21+11:00,26781,-38.19710774347186,145.08791291154918,43.16275,85.79999999999995,2929,29.430000000000003,29430.0,148.0,59.0,,13,2019-03-08 20:26:21,Australia/Melbourne
2019-03-09 07:26:23+11:00,26783,-38.19720371626317,145.08776430040595,43.17957,85.20000000000005,2926,30.0024,30002.4,145.0,77.0,,13,2019-03-08 20:26:23,Australia/Melbourne
2019-03-09 07:26:28+11:00,26788,-38.19745793938637,145.0873452052474,43.22589,83.79999999999995,2919,33.9912,33991.200000000004,143.0,79.0,,13,2019-03-08 20:26:28,Australia/Melbourne
2019-03-09 07:26:30+11:00,26790,-38.19756606593728,145.08716340176758,43.24583000000001,82.79999999999995,2914,35.6184,35618.4,143.0,81.0,,13,2019-03-08 20:26:30,Australia/Melbourne
2019-03-09 07:26:34+11:00,26794,-38.197800423949964,145.0867774989456,43.28849,81.60000000000002,2908,38.64960000000001,38649.6,142.0,74.0,,13,2019-03-08 20:26:34,Australia/Melbourne
2019-03-09 07:26:36+11:00,26796,-38.197924308478825,145.08657180704176,43.311170000000004,80.39999999999998,2902,40.464,40464.0,140.0,0.0,,13,2019-03-08 20:26:36,Australia/Melbourne
2019-03-09 07:26:38+11:00,26798,-38.19805070757865,145.08635605685413,43.3347,78.39999999999998,2892,42.0624,42062.4,137.0,0.0,,13,2019-03-08 20:26:38,Australia/Melbourne
2019-03-09 07:26:40+11:00,26800,-38.19817392155528,145.08613485842943,43.35842,77.39999999999998,2887,42.3,42300.0,132.0,0.0,,13,2019-03-08 20:26:40,Australia/Melbourne
2019-03-09 07:26:41+11:00,26801,-38.19823024794459,145.0860224571079,43.37007,77.20000000000005,2886,41.8176,41817.6,131.0,0.0,,13,2019-03-08 20:26:41,Australia/Melbourne
2019-03-09 07:26:44+11:00,26804,-38.19840484298766,145.0857096444815,43.40364,77.0,2885,40.0824,40082.4,128.0,0.0,,13,2019-03-08 20:26:44,Australia/Melbourne
2019-03-09 07:26:47+11:00,26807,-38.19857742637396,145.08541879244152,43.43551,78.0,2890,37.9548,37954.8,131.0,87.0,,13,2019-03-08 20:26:47,Australia/Melbourne
2019-03-09 07:26:48+11:00,26808,-38.19862889125943,145.0853286031634,43.44526000000001,78.20000000000005,2891,35.9784,35978.4,132.0,82.0,,13,2019-03-08 20:26:48,Australia/Melbourne
2019-03-09 07:26:51+11:00,26811,-38.19877373054624,145.0850842706859,43.47203,79.39999999999998,2897,31.0896,31089.6,132.0,75.0,,13,2019-03-08 20:26:51,Australia/Melbourne
2019-03-09 07:26:52+11:00,26812,-38.198820669204004,145.0850119348615,43.48024,80.0,2900,30.15,30150.0,131.0,73.0,,13,2019-03-08 20:26:52,Australia/Melbourne
2019-03-09 07:26:54+11:00,26814,-38.198908092454076,145.08486801758409,43.496140000000004,80.60000000000002,2903,28.911600000000004,28911.6,133.0,71.0,,13,2019-03-08 20:26:54,Australia/Melbourne
2019-03-09 07:26:57+11:00,26817,-38.19903021678329,145.0846611522138,43.51877,82.0,2910,26.712,26712.0,133.0,70.0,,13,2019-03-08 20:26:57,Australia/Melbourne
2019-03-09 07:26:59+11:00,26819,-38.19910179823636,145.08452679030597,43.53297,82.79999999999995,2914,25.3764,25376.4,132.0,67.0,,13,2019-03-08 20:26:59,Australia/Melbourne
2019-03-09 07:27:01+11:00,26821,-38.19917178712785,145.08440189994872,43.54639,83.20000000000005,2916,23.8212,23821.2,133.0,63.0,,13,2019-03-08 20:27:01,Australia/Melbourne
2019-03-09 07:27:04+11:00,26824,-38.199273375794284,145.08423107676208,43.56512,84.20000000000005,2921,21.96,21960.0,135.0,59.0,,13,2019-03-08 20:27:04,Australia/Melbourne
2019-03-09 07:27:06+11:00,26826,-38.199343364685774,145.08412102237344,43.57752,84.39999999999998,2922,22.5036,22503.6,136.0,59.0,,13,2019-03-08 20:27:06,Australia/Melbourne
2019-03-09 07:27:13+11:00,26833,-38.19959063082933,145.0837121531367,43.62273,85.20000000000005,2926,22.608,22608.0,138.0,60.0,,13,2019-03-08 20:27:13,Australia/Melbourne
2019-03-09 07:27:22+11:00,26842,-38.19991274736822,145.08315458893776,43.68327,84.79999999999995,2924,25.6428,25642.8,139.0,67.0,,13,2019-03-08 20:27:22,Australia/Melbourne
2019-03-09 07:27:23+11:00,26843,-38.19994417950511,145.08308602496982,43.69021,85.0,2925,25.1964,25196.4,139.0,69.0,,13,2019-03-08 20:27:23,Australia/Melbourne
2019-03-09 07:27:29+11:00,26849,-38.20020301267505,145.08266433142123,43.73704,84.0,2920,29.7144,29714.4,138.0,76.0,,13,2019-03-08 20:27:29,Australia/Melbourne
2019-03-09 07:27:32+11:00,26852,-38.20035606622696,145.0824391935021,43.76307,83.0,2915,31.230000000000004,31230.0,137.0,69.0,,13,2019-03-08 20:27:32,Australia/Melbourne
2019-03-09 07:27:35+11:00,26855,-38.200535187497735,145.0822119601071,43.79121,81.79999999999995,2909,34.056000000000004,34056.0,137.0,86.0,,13,2019-03-08 20:27:35,Australia/Melbourne
2019-03-09 07:27:36+11:00,26856,-38.20059629157185,145.0821313261986,43.800990000000006,81.20000000000005,2906,34.4664,34466.4,137.0,89.0,,13,2019-03-08 20:27:36,Australia/Melbourne
2019-03-09 07:27:37+11:00,26857,-38.200659491121776,145.0820523686707,43.81085,80.39999999999998,2902,34.9272,34927.200000000004,137.0,76.0,,13,2019-03-08 20:27:37,Australia/Melbourne
2019-03-09 07:27:40+11:00,26860,-38.200847748667,145.08180057629943,43.84126000000001,79.39999999999998,2897,36.1908,36190.8,136.0,0.0,,13,2019-03-08 20:27:40,Australia/Melbourne
2019-03-09 07:27:42+11:00,26862,-38.200983619317405,145.0816343631595,43.86221,78.39999999999998,2892,37.8396,37839.6,135.0,0.0,,13,2019-03-08 20:27:42,Australia/Melbourne
2019-03-09 07:27:43+11:00,26863,-38.201052267104394,145.0815497059375,43.87285,78.0,2890,38.7252,38725.2,134.0,0.0,,13,2019-03-08 20:27:43,Australia/Melbourne
2019-03-09 07:27:47+11:00,26867,-38.20132308639586,145.0812066346407,43.91536,77.0,2885,38.372400000000006,38372.4,133.0,0.0,,13,2019-03-08 20:27:47,Australia/Melbourne
2019-03-09 07:27:49+11:00,26869,-38.20146515965462,145.0810406729579,43.93681,76.20000000000005,2881,38.0988,38098.8,130.0,0.0,,12,2019-03-08 20:27:49,Australia/Melbourne
2019-03-09 07:27:50+11:00,26870,-38.20153498090804,145.08095601573586,43.94754,76.60000000000002,2883,38.178,38178.0,127.0,0.0,,13,2019-03-08 20:27:50,Australia/Melbourne
2019-03-09 07:27:56+11:00,26876,-38.20193823426962,145.08044044487178,44.01113,76.0,2880,37.7244,37724.4,126.0,66.0,,13,2019-03-08 20:27:56,Australia/Melbourne
2019-03-09 07:27:57+11:00,26877,-38.20200252346695,145.08035494945943,44.02147,74.79999999999995,2874,37.41480000000001,37414.8,125.0,0.0,,13,2019-03-08 20:27:57,Australia/Melbourne
2019-03-09 07:27:58+11:00,26878,-38.202066393569105,145.0802674423903,44.031909999999996,74.0,2870,37.4616,37461.6,124.0,0.0,,12,2019-03-08 20:27:58,Australia/Melbourne
2019-03-09 07:27:59+11:00,26879,-38.20213487371802,145.08018412627283,44.04245,73.39999999999998,2867,37.6704,37670.4,124.0,0.0,,12,2019-03-08 20:27:59,Australia/Melbourne
2019-03-09 07:28:02+11:00,26882,-38.202336626127355,145.07993652485308,44.073640000000005,72.60000000000002,2863,37.63440000000001,37634.4,121.0,0.0,,12,2019-03-08 20:28:02,Australia/Melbourne
2019-03-09 07:28:03+11:00,26883,-38.202406195923686,145.07985396310687,44.08422,72.20000000000005,2861,37.71,37710.0,121.0,0.0,,12,2019-03-08 20:28:03,Australia/Melbourne
2019-03-09 07:28:06+11:00,26886,-38.20260350592434,145.0796003267169,44.11542,71.39999999999998,2857,37.4724,37472.4,122.0,0.0,,13,2019-03-08 20:28:06,Australia/Melbourne
2019-03-09 07:28:07+11:00,26887,-38.202670393511646,145.07952304556966,44.12547,70.60000000000002,2853,37.1808,37180.8,122.0,0.0,,12,2019-03-08 20:28:07,Australia/Melbourne
2019-03-09 07:28:11+11:00,26891,-38.202936183661215,145.07918735034764,44.16712,70.39999999999998,2852,37.65960000000001,37659.6,118.0,0.0,,12,2019-03-08 20:28:11,Australia/Melbourne
2019-03-09 07:28:13+11:00,26893,-38.203074485063546,145.07901870645586,44.18842,70.39999999999998,2852,37.9728,37972.8,118.0,0.0,,12,2019-03-08 20:28:13,Australia/Melbourne
2019-03-09 07:28:14+11:00,26894,-38.20314397104085,145.0789342168719,44.19911,69.20000000000005,2846,38.0556,38055.6,119.0,0.0,,12,2019-03-08 20:28:14,Australia/Melbourne
2019-03-09 07:28:18+11:00,26898,-38.20342116057873,145.0785931572318,44.242,67.39999999999998,2837,38.5632,38563.2,121.0,0.0,,12,2019-03-08 20:28:18,Australia/Melbourne
2019-03-09 07:28:20+11:00,26900,-38.20355250500143,145.07842686027288,44.26262000000001,66.20000000000005,2831,37.3896,37389.6,121.0,0.0,,12,2019-03-08 20:28:20,Australia/Melbourne
2019-03-09 07:28:21+11:00,26901,-38.203614614903934,145.0783468130976,44.27244,66.20000000000005,2831,36.251999999999995,36252.0,121.0,0.0,,12,2019-03-08 20:28:21,Australia/Melbourne
2019-03-09 07:28:28+11:00,26908,-38.204049887135625,145.0777889136225,44.34117,66.60000000000002,2833,34.4088,34408.8,124.0,90.0,,12,2019-03-08 20:28:28,Australia/Melbourne
2019-03-09 07:28:30+11:00,26910,-38.204163378104575,145.07763686589897,44.35949,66.39999999999998,2832,33.217200000000005,33217.200000000004,124.0,88.0,,12,2019-03-08 20:28:30,Australia/Melbourne
2019-03-09 07:28:35+11:00,26915,-38.20444987155497,145.07727149873972,44.40461,66.20000000000005,2831,32.5152,32515.2,127.0,85.0,,12,2019-03-08 20:28:35,Australia/Melbourne
2019-03-09 07:28:38+11:00,26918,-38.20461709052324,145.07704225368798,44.43196,65.79999999999995,2829,31.690800000000007,31690.8,127.0,72.0,,12,2019-03-08 20:28:38,Australia/Melbourne
2019-03-09 07:28:43+11:00,26923,-38.20488832890987,145.0766897946596,44.47508,65.0,2825,31.507200000000005,31507.2,127.0,82.0,,12,2019-03-08 20:28:43,Australia/Melbourne
2019-03-09 07:28:47+11:00,26927,-38.205109108239405,145.07640581578016,44.51001,65.0,2825,31.0176,31017.6,129.0,81.0,,12,2019-03-08 20:28:47,Australia/Melbourne
2019-03-09 07:28:52+11:00,26932,-38.20538059808314,145.0760710425675,44.55206,64.60000000000002,2823,30.0852,30085.2,132.0,79.0,,12,2019-03-08 20:28:52,Australia/Melbourne
2019-03-09 07:28:56+11:00,26936,-38.20557908155024,145.0758033245802,44.58423000000001,64.79999999999995,2824,28.3896,28389.6,132.0,74.0,,12,2019-03-08 20:28:56,Australia/Melbourne
2019-03-09 07:29:04+11:00,26944,-38.20596775040031,145.07529898546636,44.645990000000005,65.60000000000002,2828,27.6948,27694.8,133.0,72.0,,12,2019-03-08 20:29:04,Australia/Melbourne
2019-03-09 07:29:05+11:00,26945,-38.20601385086775,145.0752380490303,44.65339,65.39999999999998,2827,27.5868,27586.8,133.0,72.0,,12,2019-03-08 20:29:05,Australia/Melbourne
2019-03-09 07:29:12+11:00,26952,-38.206365136429675,145.07479959167543,44.70812,65.60000000000002,2828,28.3752,28375.2,134.0,73.0,,12,2019-03-08 20:29:12,Australia/Melbourne
2019-03-09 07:29:17+11:00,26957,-38.20661349222064,145.07447730749848,44.74759,65.20000000000005,2826,28.3284,28328.4,137.0,73.0,,12,2019-03-08 20:29:17,Australia/Melbourne
2019-03-09 07:29:21+11:00,26961,-38.2068208605051,145.0742139481008,44.78018,64.60000000000002,2823,30.146400000000003,30146.4,137.0,77.0,,12,2019-03-08 20:29:21,Australia/Melbourne
2019-03-09 07:29:24+11:00,26964,-38.206985481083386,145.07400959730145,44.80576,64.0,2820,30.9852,30985.2,137.0,78.0,,12,2019-03-08 20:29:24,Australia/Melbourne
2019-03-09 07:29:28+11:00,26968,-38.207199722528465,145.0737324077636,44.839729999999996,63.79999999999996,2819,30.4992,30499.2,140.0,58.0,,12,2019-03-08 20:29:28,Australia/Melbourne
2019-03-09 07:29:31+11:00,26971,-38.20736191235483,145.0735264644027,44.86522,63.79999999999996,2819,30.4416,30441.6,139.0,79.0,,12,2019-03-08 20:29:31,Australia/Melbourne
2019-03-09 07:29:33+11:00,26973,-38.207464087754495,145.07338841445744,44.88180000000001,62.79999999999996,2814,29.880000000000006,29880.0,139.0,54.0,,12,2019-03-08 20:29:33,Australia/Melbourne
2019-03-09 07:29:37+11:00,26977,-38.207668019458644,145.0731110572815,44.915009999999995,64.0,2820,29.6208,29620.8,138.0,76.0,,12,2019-03-08 20:29:37,Australia/Melbourne
2019-03-09 07:29:39+11:00,26979,-38.20777002722025,145.07297434844074,44.93148,63.399999999999984,2817,29.196,29196.0,138.0,76.0,,12,2019-03-08 20:29:39,Australia/Melbourne
2019-03-09 07:29:46+11:00,26986,-38.208123994991176,145.07251552306116,44.98769,63.79999999999996,2819,28.71,28710.0,137.0,76.0,,12,2019-03-08 20:29:46,Australia/Melbourne
2019-03-09 07:29:53+11:00,26993,-38.20846463553608,145.0720722042024,45.041909999999994,63.79999999999996,2819,27.5076,27507.6,137.0,71.0,,12,2019-03-08 20:29:53,Australia/Melbourne
2019-03-09 07:29:58+11:00,26998,-38.20870586670935,145.07176928222182,45.079609999999995,65.0,2825,26.874000000000002,26874.0,138.0,70.0,,12,2019-03-08 20:29:58,Australia/Melbourne
2019-03-09 07:29:59+11:00,26999,-38.20875112898648,145.07170541211963,45.08712000000001,65.39999999999998,2827,26.748,26748.0,139.0,71.0,,12,2019-03-08 20:29:59,Australia/Melbourne
2019-03-09 07:30:08+11:00,27008,-38.2091713976115,145.07116721011698,45.15348,65.60000000000002,2828,27.2484,27248.4,139.0,70.0,,12,2019-03-08 20:30:08,Australia/Melbourne
2019-03-09 07:30:14+11:00,27014,-38.20945889689028,145.0707902759314,45.19941,64.20000000000005,2821,27.81,27810.0,140.0,72.0,,12,2019-03-08 20:30:14,Australia/Melbourne
2019-03-09 07:30:21+11:00,27021,-38.2098152115941,145.07033589296043,45.255520000000004,64.0,2820,29.7864,29786.4,141.0,76.0,,12,2019-03-08 20:30:21,Australia/Melbourne
2019-03-09 07:30:23+11:00,27023,-38.20992149412632,145.0702001899481,45.272259999999996,63.79999999999996,2819,30.5784,30578.4,141.0,79.0,,12,2019-03-08 20:30:23,Australia/Melbourne
2019-03-09 07:30:28+11:00,27028,-38.21020429953933,145.06983851082626,45.31686,63.399999999999984,2817,33.080400000000004,33080.4,141.0,83.0,,12,2019-03-08 20:30:28,Australia/Melbourne
2019-03-09 07:30:31+11:00,27031,-38.210383672267206,145.06961178034544,45.34499,62.600000000000016,2813,34.9308,34930.8,141.0,88.0,,12,2019-03-08 20:30:31,Australia/Melbourne
2019-03-09 07:30:33+11:00,27033,-38.210506634786725,145.0694533623755,45.36444,61.600000000000016,2808,34.9056,34905.6,141.0,68.0,,12,2019-03-08 20:30:33,Australia/Melbourne
2019-03-09 07:30:36+11:00,27036,-38.210692293941975,145.06920928135514,45.39414,60.399999999999984,2802,36.04320000000001,36043.2,138.0,0.0,,12,2019-03-08 20:30:36,Australia/Melbourne
2019-03-09 07:30:38+11:00,27038,-38.210817268118255,145.06904281675816,45.41426,58.79999999999996,2794,36.421200000000006,36421.2,137.0,0.0,,12,2019-03-08 20:30:38,Australia/Melbourne
2019-03-09 07:30:40+11:00,27040,-38.21094282902777,145.06887819617987,45.43431,57.600000000000016,2788,36.9936,36993.6,134.0,0.0,,12,2019-03-08 20:30:40,Australia/Melbourne
2019-03-09 07:30:41+11:00,27041,-38.21100778877735,145.068793958053,45.44462,57.399999999999984,2787,37.4832,37483.2,131.0,0.0,,12,2019-03-08 20:30:41,Australia/Melbourne
2019-03-09 07:30:43+11:00,27043,-38.211140977218754,145.06862581707537,45.46549,56.0,2780,38.2536,38253.6,128.0,0.0,,12,2019-03-08 20:30:43,Australia/Melbourne
2019-03-09 07:30:44+11:00,27044,-38.21120761334896,145.0685393158346,45.47607,55.200000000000045,2776,38.4804,38480.4,126.0,0.0,,12,2019-03-08 20:30:44,Australia/Melbourne
2019-03-09 07:30:45+11:00,27045,-38.21127575822175,145.06845314987004,45.48676,54.600000000000016,2773,38.6064,38606.4,126.0,0.0,,12,2019-03-08 20:30:45,Australia/Melbourne
2019-03-09 07:30:47+11:00,27047,-38.21141271851957,145.06827738136053,45.508390000000006,53.399999999999984,2767,39.0852,39085.2,125.0,0.0,,12,2019-03-08 20:30:47,Australia/Melbourne
2019-03-09 07:30:49+11:00,27049,-38.211549846455455,145.06810362450778,45.529920000000004,52.399999999999984,2762,38.83320000000001,38833.2,122.0,0.0,,12,2019-03-08 20:30:49,Australia/Melbourne
2019-03-09 07:30:53+11:00,27053,-38.21181739680468,145.0677482318133,45.57294,50.79999999999996,2754,38.8008,38800.8,121.0,0.0,,12,2019-03-08 20:30:53,Australia/Melbourne
2019-03-09 07:30:56+11:00,27056,-38.212021496146924,145.06748453713953,45.60529,49.600000000000016,2748,38.88,38880.0,122.0,0.0,,12,2019-03-08 20:30:56,Australia/Melbourne
2019-03-09 07:30:59+11:00,27059,-38.21222886443138,145.0672190822661,45.638009999999994,48.600000000000016,2743,39.2472,39247.2,122.0,0.0,,12,2019-03-08 20:30:59,Australia/Melbourne
2019-03-09 07:31:01+11:00,27061,-38.2123642321676,145.0670393742621,45.65976,47.79999999999996,2739,39.4128,39412.8,122.0,0.0,,12,2019-03-08 20:31:01,Australia/Melbourne
2019-03-09 07:31:02+11:00,27062,-38.2124337181449,145.06694960407913,45.67078,47.0,2735,40.1076,40107.6,122.0,0.0,,12,2019-03-08 20:31:02,Australia/Melbourne
2019-03-09 07:31:05+11:00,27065,-38.21264586411417,145.06667216308418,45.70462000000001,45.79999999999996,2729,40.7484,40748.4,124.0,73.0,,12,2019-03-08 20:31:05,Australia/Melbourne
2019-03-09 07:31:07+11:00,27067,-38.212786931544535,145.0664852466434,45.727270000000004,44.79999999999996,2724,40.986000000000004,40986.0,122.0,73.0,,12,2019-03-08 20:31:07,Australia/Melbourne
2019-03-09 07:31:08+11:00,27068,-38.21286102756858,145.06639472208914,45.73869000000001,44.399999999999984,2722,41.2164,41216.4,119.0,0.0,,12,2019-03-08 20:31:08,Australia/Melbourne
2019-03-09 07:31:09+11:00,27069,-38.21293529123068,145.06630386225882,45.75015000000001,43.79999999999996,2719,41.1084,41108.4,118.0,0.0,,12,2019-03-08 20:31:09,Australia/Melbourne
2019-03-09 07:31:11+11:00,27071,-38.213080130517476,145.06611602380872,45.77315,42.79999999999996,2714,40.89960000000001,40899.6,115.0,0.0,,12,2019-03-08 20:31:11,Australia/Melbourne
2019-03-09 07:31:12+11:00,27072,-38.21315280161797,145.0660247448832,45.78451,41.60000000000002,2708,40.8168,40816.8,115.0,0.0,,12,2019-03-08 20:31:12,Australia/Melbourne
2019-03-09 07:31:14+11:00,27074,-38.213297137990594,145.06584285758439,45.8071,40.60000000000002,2703,40.4568,40456.8,115.0,0.0,,12,2019-03-08 20:31:14,Australia/Melbourne
2019-03-09 07:31:16+11:00,27076,-38.21343820542097,145.06566055119038,45.82946,40.60000000000002,2703,39.996,39996.0,115.0,0.0,,12,2019-03-08 20:31:16,Australia/Melbourne
2019-03-09 07:31:21+11:00,27081,-38.21378806605935,145.06523231975734,45.88346,39.200000000000045,2696,37.9224,37922.4,117.0,0.0,,12,2019-03-08 20:31:21,Australia/Melbourne
2019-03-09 07:31:23+11:00,27083,-38.213922176510096,145.0650660227984,45.90428,38.79999999999996,2694,36.6552,36655.2,121.0,86.0,,12,2019-03-08 20:31:23,Australia/Melbourne
2019-03-09 07:31:24+11:00,27084,-38.21398755535483,145.06498312577602,45.91455000000001,38.60000000000002,2693,36.4104,36410.4,122.0,84.0,,12,2019-03-08 20:31:24,Australia/Melbourne
2019-03-09 07:31:28+11:00,27088,-38.21423825807869,145.06467475555837,45.95332,38.79999999999996,2694,33.7644,33764.4,119.0,79.0,,12,2019-03-08 20:31:28,Australia/Melbourne
2019-03-09 07:31:31+11:00,27091,-38.21441570296884,145.06446017883718,45.98055,39.200000000000045,2696,31.8528,31852.8,118.0,76.0,,12,2019-03-08 20:31:31,Australia/Melbourne
2019-03-09 07:31:34+11:00,27094,-38.21458459831774,145.06425482220948,46.00652,39.79999999999996,2699,30.6504,30650.4,121.0,72.0,,12,2019-03-08 20:31:34,Australia/Melbourne
2019-03-09 07:31:37+11:00,27097,-38.21474670432508,145.0640555843711,46.03159,40.39999999999998,2702,29.581200000000006,29581.2,122.0,70.0,,12,2019-03-08 20:31:37,Australia/Melbourne
2019-03-09 07:31:39+11:00,27099,-38.21485273540021,145.06392591632905,46.04794,40.60000000000002,2703,29.0124,29012.4,125.0,68.0,,12,2019-03-08 20:31:39,Australia/Melbourne
2019-03-09 07:31:43+11:00,27103,-38.215063959360116,145.06367429159582,46.08013,41.0,2705,28.6596,28659.6,128.0,67.0,,12,2019-03-08 20:31:43,Australia/Melbourne
2019-03-09 07:31:45+11:00,27105,-38.21516982279718,145.06355283781886,46.09598,41.0,2705,28.296000000000006,28296.0,129.0,65.0,,12,2019-03-08 20:31:45,Australia/Melbourne
2019-03-09 07:31:48+11:00,27108,-38.21532698348165,145.06336776539683,46.11979,41.0,2705,28.6056,28605.6,132.0,66.0,,12,2019-03-08 20:31:48,Australia/Melbourne
2019-03-09 07:31:51+11:00,27111,-38.21547693572938,145.06317053921518,46.14377,41.200000000000045,2706,28.7784,28778.4,135.0,66.0,,12,2019-03-08 20:31:51,Australia/Melbourne
2019-03-09 07:31:55+11:00,27115,-38.215681118890636,145.06290818564594,46.17605,41.39999999999998,2707,29.1708,29170.8,137.0,68.0,,12,2019-03-08 20:31:55,Australia/Melbourne
2019-03-09 07:32:01+11:00,27121,-38.2159957755357,145.06249831058085,46.22613,41.200000000000045,2706,31.183200000000006,31183.2,138.0,70.0,,12,2019-03-08 20:32:01,Australia/Melbourne
2019-03-09 07:32:06+11:00,27126,-38.21627573110163,145.0621416606009,46.270179999999996,41.60000000000002,2708,32.6592,32659.2,141.0,74.0,,12,2019-03-08 20:32:06,Australia/Melbourne
2019-03-09 07:32:10+11:00,27130,-38.21650908328593,145.06184628233314,46.30679,40.60000000000002,2703,32.796,32796.0,141.0,76.0,,12,2019-03-08 20:32:10,Australia/Melbourne
2019-03-09 07:32:14+11:00,27134,-38.21674117818475,145.06154453381896,46.343709999999994,40.39999999999998,2702,33.3108,33310.8,140.0,76.0,,12,2019-03-08 20:32:14,Australia/Melbourne
2019-03-09 07:32:18+11:00,27138,-38.21698081679642,145.0612435396761,46.38115,40.0,2700,33.7176,33717.6,137.0,77.0,,12,2019-03-08 20:32:18,Australia/Melbourne
2019-03-09 07:32:20+11:00,27140,-38.21710034273565,145.0610918272287,46.39993,39.39999999999998,2697,34.113600000000005,34113.6,137.0,78.0,,12,2019-03-08 20:32:20,Australia/Melbourne
2019-03-09 07:32:27+11:00,27147,-38.217531507834785,145.0605593249202,46.46675,38.39999999999998,2692,34.992000000000004,34992.0,137.0,81.0,,12,2019-03-08 20:32:27,Australia/Melbourne
2019-03-09 07:32:28+11:00,27148,-38.2175917737186,145.06047927774492,46.47644,38.200000000000045,2691,34.714800000000004,34714.8,137.0,81.0,,12,2019-03-08 20:32:28,Australia/Melbourne
2019-03-09 07:32:35+11:00,27155,-38.218005755916245,145.0599124096334,46.5441,37.60000000000002,2688,35.2368,35236.8,134.0,81.0,,12,2019-03-08 20:32:35,Australia/Melbourne
2019-03-09 07:32:36+11:00,27156,-38.218067865818746,145.05983429029584,46.55381,37.60000000000002,2688,35.226,35226.0,133.0,83.0,,12,2019-03-08 20:32:36,Australia/Melbourne
2019-03-09 07:32:38+11:00,27158,-38.21819627657533,145.05968207493424,46.57332,37.200000000000045,2686,35.26920000000001,35269.200000000004,132.0,82.0,,12,2019-03-08 20:32:38,Australia/Melbourne
2019-03-09 07:32:42+11:00,27162,-38.21844957768917,145.05936129949987,46.61307,36.200000000000045,2681,36.2196,36219.6,131.0,83.0,,12,2019-03-08 20:32:42,Australia/Melbourne
2019-03-09 07:32:46+11:00,27166,-38.21870598010719,145.05902811884883,46.65382,35.0,2675,37.3248,37324.8,130.0,86.0,,12,2019-03-08 20:32:46,Australia/Melbourne
2019-03-09 07:32:52+11:00,27172,-38.219101941213005,145.05851984024045,46.71638,33.600000000000016,2668,38.3292,38329.2,129.0,87.0,,12,2019-03-08 20:32:52,Australia/Melbourne
2019-03-09 07:32:56+11:00,27176,-38.21937452070415,145.05816201679409,46.75995,32.0,2660,39.2616,39261.6,128.0,90.0,,12,2019-03-08 20:32:56,Australia/Melbourne
2019-03-09 07:32:58+11:00,27178,-38.21951240301132,145.05798373371363,46.78181,31.0,2655,39.4056,39405.6,128.0,91.0,,12,2019-03-08 20:32:58,Australia/Melbourne
2019-03-09 07:33:01+11:00,27181,-38.2197222020477,145.05771735683084,46.81477,29.79999999999995,2649,39.9276,39927.6,127.0,94.0,,12,2019-03-08 20:33:01,Australia/Melbourne
2019-03-09 07:33:04+11:00,27184,-38.219937533140175,145.0574495550245,46.848259999999996,28.600000000000023,2643,39.852,39852.0,127.0,94.0,,12,2019-03-08 20:33:04,Australia/Melbourne
2019-03-09 07:33:07+11:00,27187,-38.220147583633654,145.0571863632649,46.88105,27.600000000000023,2638,38.6064,38606.4,125.0,54.0,,12,2019-03-08 20:33:07,Australia/Melbourne
2019-03-09 07:33:12+11:00,27192,-38.22048260830343,145.05676475353542,46.93346,27.20000000000005,2636,35.98560000000001,35985.6,127.0,76.0,,12,2019-03-08 20:33:12,Australia/Melbourne
2019-03-09 07:33:17+11:00,27197,-38.22079282253981,145.0563702173531,46.98223,26.79999999999995,2634,33.9732,33973.200000000004,124.0,0.0,,12,2019-03-08 20:33:17,Australia/Melbourne
2019-03-09 07:33:18+11:00,27198,-38.22085300460458,145.05629117600617,46.99185,26.20000000000005,2631,33.912,33912.0,123.0,81.0,,12,2019-03-08 20:33:18,Australia/Melbourne
2019-03-09 07:33:19+11:00,27199,-38.22091209702194,145.05621414631602,47.001259999999995,26.20000000000005,2631,33.962399999999995,33962.4,123.0,77.0,,12,2019-03-08 20:33:19,Australia/Melbourne
2019-03-09 07:33:23+11:00,27203,-38.221146371215575,145.05591256543994,47.03832,26.600000000000023,2633,33.282,33282.0,126.0,77.0,,12,2019-03-08 20:33:23,Australia/Melbourne
2019-03-09 07:33:27+11:00,27207,-38.22138207033277,145.05561140365901,47.07546,26.79999999999995,2634,33.238800000000005,33238.8,125.0,77.0,,12,2019-03-08 20:33:27,Australia/Melbourne
2019-03-09 07:33:32+11:00,27212,-38.221672587096684,145.0552400853485,47.12126,26.600000000000023,2633,33.0552,33055.200000000004,128.0,75.0,,12,2019-03-08 20:33:32,Australia/Melbourne
2019-03-09 07:33:35+11:00,27215,-38.22184793651104,145.05502433516085,47.14838,26.0,2630,32.025600000000004,32025.6,130.0,75.0,,12,2019-03-08 20:33:35,Australia/Melbourne
2019-03-09 07:33:39+11:00,27219,-38.222073744982474,145.05473356693986,47.18411,26.600000000000023,2633,31.820400000000006,31820.4,133.0,74.0,,12,2019-03-08 20:33:39,Australia/Melbourne
2019-03-09 07:33:43+11:00,27223,-38.22229117155075,145.05445235408845,47.218579999999996,26.600000000000023,2633,30.132,30132.0,135.0,70.0,,12,2019-03-08 20:33:43,Australia/Melbourne
2019-03-09 07:33:48+11:00,27228,-38.22255562059581,145.05411380901933,47.26031,27.399999999999977,2637,30.286800000000003,30286.8,135.0,70.0,,12,2019-03-08 20:33:48,Australia/Melbourne
2019-03-09 07:33:52+11:00,27232,-38.22276810184121,145.0538402236998,47.293929999999996,28.399999999999977,2642,30.078000000000007,30078.0,136.0,68.0,,12,2019-03-08 20:33:52,Australia/Melbourne
2019-03-09 07:33:54+11:00,27234,-38.22286843322217,145.0537015032023,47.3104,28.399999999999977,2642,29.5416,29541.6,137.0,67.0,,12,2019-03-08 20:33:54,Australia/Melbourne
2019-03-09 07:34:02+11:00,27242,-38.22328015230596,145.05317537114024,47.3753,28.600000000000023,2643,28.7388,28738.8,139.0,66.0,,12,2019-03-08 20:34:02,Australia/Melbourne
2019-03-09 07:34:03+11:00,27243,-38.223331365734346,145.05311015993357,47.383359999999996,28.399999999999977,2642,28.555200000000006,28555.2,139.0,67.0,,12,2019-03-08 20:34:03,Australia/Melbourne
2019-03-09 07:34:11+11:00,27251,-38.22372548282147,145.05260515026745,47.44558,28.79999999999995,2644,27.864,27864.0,139.0,63.0,,12,2019-03-08 20:34:11,Australia/Melbourne
2019-03-09 07:34:12+11:00,27252,-38.223772421479225,145.05253993906084,47.45331,28.79999999999995,2644,28.2924,28292.4,139.0,62.0,,12,2019-03-08 20:34:12,Australia/Melbourne
2019-03-09 07:34:19+11:00,27259,-38.224127730354674,145.05208446644247,47.509409999999995,28.399999999999977,2642,30.311999999999998,30312.0,140.0,67.0,,12,2019-03-08 20:34:19,Australia/Melbourne
2019-03-09 07:34:22+11:00,27262,-38.224291428923614,145.05187508650127,47.53523000000001,28.0,2640,31.8744,31874.4,137.0,72.0,,12,2019-03-08 20:34:22,Australia/Melbourne
2019-03-09 07:34:26+11:00,27266,-38.224519249051816,145.0515789538622,47.57144,27.399999999999977,2637,33.8508,33850.8,136.0,78.0,,12,2019-03-08 20:34:26,Australia/Melbourne
2019-03-09 07:34:27+11:00,27267,-38.224578257650144,145.05150083452463,47.58092,27.0,2635,34.6212,34621.200000000004,136.0,78.0,,12,2019-03-08 20:34:27,Australia/Melbourne
2019-03-09 07:34:29+11:00,27269,-38.22470323182642,145.0513404048979,47.60066000000001,26.0,2630,36.09,36090.0,135.0,82.0,,12,2019-03-08 20:34:29,Australia/Melbourne
2019-03-09 07:34:32+11:00,27272,-38.22490381076932,145.05109171383086,47.63180000000001,24.399999999999977,2622,38.1816,38181.6,133.0,75.0,,12,2019-03-08 20:34:32,Australia/Melbourne
2019-03-09 07:34:34+11:00,27274,-38.225044794380665,145.050917705521,47.65365,23.399999999999977,2617,39.8916,39891.6,132.0,79.0,,12,2019-03-08 20:34:34,Australia/Melbourne
2019-03-09 07:34:36+11:00,27276,-38.22518552653492,145.05073506385088,47.67601000000001,22.20000000000005,2611,41.1516,41151.6,131.0,66.0,,12,2019-03-08 20:34:36,Australia/Melbourne
2019-03-09 07:34:39+11:00,27279,-38.225406724959605,145.05044647492468,47.711240000000004,20.0,2600,43.038,43038.0,129.0,85.0,,12,2019-03-08 20:34:39,Australia/Melbourne
2019-03-09 07:34:41+11:00,27281,-38.22556036524474,145.05024966783822,47.735490000000006,18.79999999999995,2594,44.0748,44074.8,129.0,91.0,,12,2019-03-08 20:34:41,Australia/Melbourne
2019-03-09 07:34:43+11:00,27283,-38.22571752592921,145.05004699341953,47.76037,17.600000000000023,2588,44.8812,44881.2,129.0,74.0,,12,2019-03-08 20:34:43,Australia/Melbourne
2019-03-09 07:34:45+11:00,27285,-38.22587627917528,145.04983535036445,47.78594,15.799999999999955,2579,45.324,45324.0,128.0,74.0,,12,2019-03-08 20:34:45,Australia/Melbourne
2019-03-09 07:34:46+11:00,27286,-38.225952638313174,145.04972923547032,47.79852,14.799999999999955,2574,44.8776,44877.6,128.0,0.0,,12,2019-03-08 20:34:46,Australia/Melbourne
2019-03-09 07:34:48+11:00,27288,-38.226107871159904,145.0495215319097,47.82356,13.399999999999974,2567,44.9136,44913.6,127.0,0.0,,12,2019-03-08 20:34:48,Australia/Melbourne
2019-03-09 07:34:49+11:00,27289,-38.22618699632585,145.04942262545228,47.8359,13.0,2565,44.4528,44452.8,127.0,0.0,,12,2019-03-08 20:34:49,Australia/Melbourne
2019-03-09 07:34:51+11:00,27291,-38.22633778676391,145.04921651445332,47.86052,12.200000000000045,2561,44.0856,44085.6,129.0,88.0,,12,2019-03-08 20:34:51,Australia/Melbourne
2019-03-09 07:34:54+11:00,27294,-38.22655487805604,145.04891392774883,47.89634,11.0,2555,41.25600000000001,41256.0,131.0,84.0,,12,2019-03-08 20:34:54,Australia/Melbourne
2019-03-09 07:34:55+11:00,27295,-38.2266250345856,145.04881736822426,47.90783,11.0,2555,40.4928,40492.8,131.0,82.0,,12,2019-03-08 20:34:55,Australia/Melbourne
2019-03-09 07:34:59+11:00,27299,-38.22687523439527,145.04845845513046,47.94977,12.399999999999974,2562,34.47,34470.0,128.0,75.0,,12,2019-03-08 20:34:59,Australia/Melbourne
2019-03-09 07:35:00+11:00,27300,-38.22693156078458,145.0483784917742,47.95916,12.799999999999955,2564,33.4692,33469.200000000004,128.0,70.0,,12,2019-03-08 20:35:00,Australia/Melbourne
2019-03-09 07:35:01+11:00,27301,-38.22698587551714,145.0483002047986,47.96828,13.399999999999974,2567,32.3208,32320.8,128.0,78.0,,12,2019-03-08 20:35:01,Australia/Melbourne
2019-03-09 07:35:03+11:00,27303,-38.22709115222096,145.0481541920453,47.98561,14.600000000000026,2573,30.2508,30250.8,130.0,83.0,,12,2019-03-08 20:35:03,Australia/Melbourne
2019-03-09 07:35:06+11:00,27306,-38.227237835526466,145.04795126616958,48.00971,16.0,2580,27.6516,27651.6,132.0,75.0,,12,2019-03-08 20:35:06,Australia/Melbourne
2019-03-09 07:35:09+11:00,27309,-38.22737320326269,145.04776510410008,48.03187000000001,17.0,2585,25.210800000000006,25210.8,134.0,69.0,,12,2019-03-08 20:35:09,Australia/Melbourne
2019-03-09 07:35:13+11:00,27313,-38.227544445544474,145.04754491150382,48.05894,18.20000000000005,2591,23.184,23184.0,136.0,63.0,,12,2019-03-08 20:35:13,Australia/Melbourne
2019-03-09 07:35:18+11:00,27318,-38.22773748077452,145.04729060456157,48.08985,19.399999999999977,2597,21.3912,21391.2,136.0,58.0,,12,2019-03-08 20:35:18,Australia/Melbourne
2019-03-09 07:35:22+11:00,27322,-38.22789271362126,145.04708776250482,48.11459,19.399999999999977,2597,22.9536,22953.6,136.0,58.0,,12,2019-03-08 20:35:22,Australia/Melbourne
2019-03-09 07:35:29+11:00,27329,-38.228199994191534,145.04669012501836,48.163340000000005,19.399999999999977,2597,26.0604,26060.4,137.0,66.0,,12,2019-03-08 20:35:29,Australia/Melbourne
2019-03-09 07:35:35+11:00,27335,-38.2285004016012,145.04635300487283,48.2079,19.20000000000005,2596,26.874000000000002,26874.0,139.0,70.0,,12,2019-03-08 20:35:35,Australia/Melbourne
2019-03-09 07:35:44+11:00,27344,-38.2289599813521,145.04585109651092,48.275290000000005,19.399999999999977,2597,26.2836,26283.6,138.0,70.0,,12,2019-03-08 20:35:44,Australia/Melbourne
2019-03-09 07:35:51+11:00,27351,-38.22926198132336,145.04543124698102,48.32506,20.79999999999995,2604,24.8688,24868.8,140.0,66.0,,12,2019-03-08 20:35:51,Australia/Melbourne
2019-03-09 07:35:52+11:00,27352,-38.229303052648895,145.0453719869256,48.33197,20.79999999999995,2604,24.8832,24883.2,140.0,66.0,,12,2019-03-08 20:35:52,Australia/Melbourne
2019-03-09 07:35:58+11:00,27358,-38.22959340177477,145.045010978356,48.377109999999995,21.0,2605,29.581200000000006,29581.2,142.0,76.0,,12,2019-03-08 20:35:58,Australia/Melbourne
2019-03-09 07:36:04+11:00,27364,-38.229902610182755,145.04460462369025,48.42655000000001,19.79999999999995,2599,30.0816,30081.6,144.0,78.0,,12,2019-03-08 20:36:04,Australia/Melbourne
2019-03-09 07:36:07+11:00,27367,-38.23005951941013,145.04439004696908,48.45217,19.79999999999995,2599,31.093200000000003,31093.2,145.0,81.0,,12,2019-03-08 20:36:07,Australia/Melbourne
2019-03-09 07:36:15+11:00,27375,-38.230455731973045,145.04381706006825,48.5189,19.399999999999977,2597,28.735200000000006,28735.2,143.0,76.0,,12,2019-03-08 20:36:15,Australia/Melbourne
2019-03-09 07:36:22+11:00,27382,-38.23076318018138,145.0433917623013,48.56942,20.79999999999995,2604,23.1228,23122.8,143.0,63.0,,12,2019-03-08 20:36:22,Australia/Melbourne
2019-03-09 07:36:23+11:00,27383,-38.230801485478885,145.0433391239494,48.57569,21.0,2605,22.445999999999998,22446.0,142.0,60.0,,12,2019-03-08 20:36:23,Australia/Melbourne
2019-03-09 07:36:28+11:00,27388,-38.230987396091216,145.04309127107263,48.60564,22.20000000000005,2611,21.0852,21085.2,141.0,55.0,,12,2019-03-08 20:36:28,Australia/Melbourne
2019-03-09 07:36:29+11:00,27389,-38.23102561756969,145.04304299131036,48.61163,22.399999999999977,2612,21.6864,21686.4,140.0,56.0,,12,2019-03-08 20:36:29,Australia/Melbourne
2019-03-09 07:36:35+11:00,27395,-38.23127816431224,145.0427351240069,48.65053,23.0,2615,23.7384,23738.4,143.0,64.0,,12,2019-03-08 20:36:35,Australia/Melbourne
2019-03-09 07:36:36+11:00,27396,-38.231319403275855,145.04268055781722,48.657140000000005,23.0,2615,23.6304,23630.4,144.0,45.0,,12,2019-03-08 20:36:36,Australia/Melbourne
2019-03-09 07:36:38+11:00,27398,-38.231396432966,145.0425671506673,48.67024,23.20000000000005,2616,23.4144,23414.4,146.0,63.0,,12,2019-03-08 20:36:38,Australia/Melbourne
2019-03-09 07:36:42+11:00,27402,-38.23155937716365,145.04234704189003,48.696670000000005,23.79999999999995,2619,24.03,24030.0,148.0,62.0,,12,2019-03-08 20:36:42,Australia/Melbourne
2019-03-09 07:36:51+11:00,27411,-38.23195693083108,145.04181856289506,48.76061,24.0,2620,26.5392,26539.2,148.0,69.0,,12,2019-03-08 20:36:51,Australia/Melbourne
2019-03-09 07:36:54+11:00,27414,-38.23209179565311,145.0416194088757,48.78362,24.0,2620,27.432,27432.0,147.0,71.0,,12,2019-03-08 20:36:54,Australia/Melbourne
2019-03-09 07:36:56+11:00,27416,-38.23216907680034,145.04147213883698,48.79911,23.600000000000023,2618,27.8604,27860.4,148.0,72.0,,12,2019-03-08 20:36:56,Australia/Melbourne
2019-03-09 07:37:03+11:00,27423,-38.23247560299933,145.04100509919226,48.85239,22.600000000000023,2613,28.0944,28094.4,146.0,73.0,,12,2019-03-08 20:37:03,Australia/Melbourne
2019-03-09 07:37:05+11:00,27425,-38.23257626965642,145.04087559878823,48.86831,22.0,2610,28.6776,28677.6,146.0,74.0,,12,2019-03-08 20:37:05,Australia/Melbourne
2019-03-09 07:37:10+11:00,27430,-38.2328259665519,145.0405559130013,48.90772,21.600000000000023,2608,26.5716,26571.6,142.0,0.0,,12,2019-03-08 20:37:10,Australia/Melbourne
2019-03-09 07:37:11+11:00,27431,-38.23286360129714,145.04049455747008,48.91452,21.79999999999995,2609,23.6484,23648.4,139.0,0.0,,12,2019-03-08 20:37:11,Australia/Melbourne
2019-03-09 07:37:12+11:00,27432,-38.23289142921567,145.0404269155115,48.92119,21.600000000000023,2608,24.191999999999997,24192.0,137.0,0.0,,12,2019-03-08 20:37:12,Australia/Melbourne
2019-03-09 07:37:13+11:00,27433,-38.232899894937866,145.04035265184942,48.92774,21.79999999999995,2609,23.4468,23446.8,134.0,0.0,,12,2019-03-08 20:37:13,Australia/Melbourne
2019-03-09 07:37:16+11:00,27436,-38.23282311670482,145.04014545120302,48.948170000000005,21.399999999999977,2607,26.838,26838.0,132.0,0.0,,12,2019-03-08 20:37:16,Australia/Melbourne
2019-03-09 07:37:17+11:00,27437,-38.23276922106743,145.04008895717558,48.95593,21.0,2605,28.3104,28310.4,132.0,0.0,,12,2019-03-08 20:37:17,Australia/Melbourne
2019-03-09 07:37:19+11:00,27439,-38.23264424689114,145.03998518921438,48.97252,20.0,2600,30.067200000000003,30067.2,132.0,74.0,,12,2019-03-08 20:37:19,Australia/Melbourne
2019-03-09 07:37:20+11:00,27440,-38.23257744312287,145.03993498161438,48.98113,19.600000000000023,2598,31.05,31050.0,132.0,79.0,,12,2019-03-08 20:37:20,Australia/Melbourne
2019-03-09 07:37:24+11:00,27444,-38.2323095574975,145.0397148728371,49.01657,18.600000000000023,2593,32.4,32400.0,129.0,64.0,,12,2019-03-08 20:37:24,Australia/Melbourne
2019-03-09 07:37:25+11:00,27445,-38.23224208317697,145.03965670242906,49.02563,18.20000000000005,2591,32.3532,32353.2,129.0,0.0,,12,2019-03-08 20:37:25,Australia/Melbourne
2019-03-09 07:37:27+11:00,27447,-38.23210671544075,145.03954404965043,49.0436,16.799999999999955,2584,31.957200000000004,31957.2,128.0,0.0,,12,2019-03-08 20:37:27,Australia/Melbourne
2019-03-09 07:37:28+11:00,27448,-38.23203764855862,145.03948763944211,49.05272,16.200000000000045,2581,33.0084,33008.4,128.0,0.0,,12,2019-03-08 20:37:28,Australia/Melbourne
2019-03-09 07:37:29+11:00,27449,-38.231967994943254,145.03943131305275,49.0619,15.600000000000026,2578,33.1524,33152.4,128.0,0.0,,12,2019-03-08 20:37:29,Australia/Melbourne
2019-03-09 07:37:33+11:00,27453,-38.23168158531189,145.0391898304224,49.10007,14.200000000000045,2571,36.324,36324.0,129.0,92.0,,12,2019-03-08 20:37:33,Australia/Melbourne
2019-03-09 07:37:35+11:00,27455,-38.231526939198375,145.03905739635232,49.12078,13.200000000000045,2566,38.5848,38584.8,130.0,71.0,,12,2019-03-08 20:37:35,Australia/Melbourne
2019-03-09 07:37:38+11:00,27458,-38.23128805495799,145.038842568174,49.1533,12.0,2560,39.88440000000001,39884.4,126.0,0.0,,12,2019-03-08 20:37:38,Australia/Melbourne
2019-03-09 07:37:39+11:00,27459,-38.23120549321175,145.03876947797838,49.16448000000001,11.600000000000026,2558,40.3056,40305.6,122.0,0.0,,12,2019-03-08 20:37:39,Australia/Melbourne
2019-03-09 07:37:40+11:00,27460,-38.23112150654197,145.03869404084983,49.1759,10.600000000000025,2553,41.3424,41342.4,120.0,0.0,,12,2019-03-08 20:37:40,Australia/Melbourne
2019-03-09 07:37:42+11:00,27462,-38.230947749689214,145.03854358568788,49.19925,9.199999999999989,2546,42.21720000000001,42217.2,117.0,0.0,,12,2019-03-08 20:37:42,Australia/Melbourne
2019-03-09 07:37:43+11:00,27463,-38.23086015880108,145.0384685676545,49.21099,8.800000000000011,2544,42.588,42588.0,116.0,0.0,,12,2019-03-08 20:37:43,Australia/Melbourne
2019-03-09 07:37:44+11:00,27464,-38.23077181354165,145.0383934658021,49.2228,7.800000000000012,2539,42.5808,42580.8,114.0,0.0,,12,2019-03-08 20:37:44,Australia/Melbourne
2019-03-09 07:37:46+11:00,27466,-38.23059470392764,145.03824284300208,49.24647,6.399999999999977,2532,42.39,42390.0,112.0,0.0,,12,2019-03-08 20:37:46,Australia/Melbourne
2019-03-09 07:37:51+11:00,27471,-38.23016370646656,145.03787990659475,49.3039,4.600000000000024,2523,40.284,40284.0,114.0,89.0,,12,2019-03-08 20:37:51,Australia/Melbourne
2019-03-09 07:37:52+11:00,27472,-38.23008022271097,145.03780958242712,49.31503,5.0,2525,40.1328,40132.8,117.0,86.0,,12,2019-03-08 20:37:52,Australia/Melbourne
2019-03-09 07:37:54+11:00,27474,-38.22991593740881,145.0376701913774,49.33697,4.800000000000012,2524,38.9772,38977.2,120.0,85.0,,12,2019-03-08 20:37:54,Australia/Melbourne
2019-03-09 07:37:57+11:00,27477,-38.22967973537743,145.0374671816826,49.36865,5.800000000000012,2529,36.611999999999995,36612.0,117.0,79.0,,12,2019-03-08 20:37:57,Australia/Melbourne
2019-03-09 07:37:59+11:00,27479,-38.22953187860549,145.0373401120305,49.38848,6.600000000000023,2533,34.6248,34624.8,116.0,77.0,,12,2019-03-08 20:37:59,Australia/Melbourne
2019-03-09 07:38:01+11:00,27481,-38.229396594688296,145.037222513929,49.40668,6.800000000000012,2534,32.6664,32666.4,119.0,71.0,,12,2019-03-08 20:38:01,Australia/Melbourne
2019-03-09 07:38:02+11:00,27482,-38.229332640767105,145.03716744482514,49.415259999999996,6.800000000000012,2534,31.4784,31478.4,122.0,70.0,,12,2019-03-08 20:38:02,Australia/Melbourne
2019-03-09 07:38:03+11:00,27483,-38.22927011176944,145.0371136330068,49.42365,6.800000000000012,2534,30.2004,30200.4,123.0,70.0,,12,2019-03-08 20:38:03,Australia/Melbourne
2019-03-09 07:38:05+11:00,27485,-38.22914916090667,145.0370145589113,49.43963,7.800000000000012,2539,28.511999999999997,28512.0,123.0,77.0,,12,2019-03-08 20:38:05,Australia/Melbourne
2019-03-09 07:38:06+11:00,27486,-38.22909140959382,145.03696686588228,49.44728,8.199999999999989,2541,27.4104,27410.4,124.0,74.0,,12,2019-03-08 20:38:06,Australia/Melbourne
2019-03-09 07:38:09+11:00,27489,-38.22892100550234,145.03682781010866,49.46978,8.600000000000023,2543,26.0712,26071.2,127.0,72.0,,12,2019-03-08 20:38:09,Australia/Melbourne
2019-03-09 07:38:11+11:00,27491,-38.228814890608184,145.0367392133921,49.48389,9.199999999999989,2546,24.9192,24919.2,129.0,76.0,,12,2019-03-08 20:38:11,Australia/Melbourne
2019-03-09 07:38:12+11:00,27492,-38.22876334190369,145.036696465686,49.49072,9.199999999999989,2546,24.6708,24670.8,129.0,75.0,,12,2019-03-08 20:38:12,Australia/Melbourne
2019-03-09 07:38:17+11:00,27497,-38.228515740484,145.03647962585092,49.52412,10.199999999999989,2551,23.9724,23972.4,132.0,70.0,,12,2019-03-08 20:38:17,Australia/Melbourne
2019-03-09 07:38:18+11:00,27498,-38.22846645489335,145.03643746487796,49.53073000000001,10.399999999999975,2552,23.994,23994.0,133.0,70.0,,12,2019-03-08 20:38:18,Australia/Melbourne
2019-03-09 07:38:22+11:00,27502,-38.228269228711724,145.03627083264288,49.55703,11.0,2555,24.0012,24001.2,135.0,66.0,,12,2019-03-08 20:38:22,Australia/Melbourne
2019-03-09 07:38:29+11:00,27509,-38.2279271632433,145.03596682101488,49.6034,11.800000000000011,2559,23.994,23994.0,136.0,69.0,,12,2019-03-08 20:38:29,Australia/Melbourne
2019-03-09 07:38:33+11:00,27513,-38.227734044194214,145.03579264506698,49.62972,11.800000000000011,2559,23.3316,23331.6,136.0,68.0,,12,2019-03-08 20:38:33,Australia/Melbourne
2019-03-09 07:38:39+11:00,27519,-38.227454340085394,145.03556080162525,49.66682,12.799999999999955,2564,21.8232,21823.2,138.0,65.0,,12,2019-03-08 20:38:39,Australia/Melbourne
2019-03-09 07:38:41+11:00,27521,-38.227364737540476,145.03548226319253,49.67892,13.0,2565,21.7296,21729.6,138.0,62.0,,12,2019-03-08 20:38:41,Australia/Melbourne
2019-03-09 07:38:50+11:00,27530,-38.22696022689343,145.03514296375215,49.73278,13.799999999999955,2569,22.284,22284.0,138.0,65.0,,12,2019-03-08 20:38:50,Australia/Melbourne
2019-03-09 07:38:57+11:00,27537,-38.22661824524402,145.0348397064954,49.77913,14.0,2570,24.9516,24951.6,141.0,72.0,,12,2019-03-08 20:38:57,Australia/Melbourne
2019-03-09 07:39:06+11:00,27546,-38.226120611652725,145.03440401516858,49.84628,12.799999999999955,2564,29.0772,29077.2,139.0,82.0,,12,2019-03-08 20:39:06,Australia/Melbourne
2019-03-09 07:39:07+11:00,27547,-38.2260616030544,145.0343499518931,49.85436,12.799999999999955,2564,29.350800000000003,29350.8,138.0,83.0,,12,2019-03-08 20:39:07,Australia/Melbourne
2019-03-09 07:39:10+11:00,27550,-38.225878961384296,145.03419765271246,49.87863,11.399999999999974,2557,29.1852,29185.2,136.0,69.0,,12,2019-03-08 20:39:10,Australia/Melbourne
2019-03-09 07:39:15+11:00,27555,-38.22557092644274,145.0339435972273,49.91942,10.399999999999975,2552,29.6316,29631.6,135.0,90.0,,12,2019-03-08 20:39:15,Australia/Melbourne
2019-03-09 07:39:23+11:00,27563,-38.22507706470788,145.03353087231517,49.985079999999996,10.399999999999975,2552,28.6416,28641.6,134.0,86.0,,12,2019-03-08 20:39:23,Australia/Melbourne
2019-03-09 07:39:24+11:00,27564,-38.22501721791922,145.03347856923938,49.99315,10.399999999999975,2552,29.1708,29170.8,133.0,85.0,,12,2019-03-08 20:39:24,Australia/Melbourne
2019-03-09 07:39:32+11:00,27572,-38.22453735396265,145.03306215628982,50.0577,9.399999999999975,2547,28.2816,28281.6,130.0,67.0,,12,2019-03-08 20:39:32,Australia/Melbourne
2019-03-09 07:39:34+11:00,27574,-38.22442444972694,145.03295620903373,50.07329,9.399999999999975,2547,28.3536,28353.6,130.0,0.0,,12,2019-03-08 20:39:34,Australia/Melbourne
2019-03-09 07:39:35+11:00,27575,-38.22436544112861,145.0329023133963,50.08137,9.600000000000025,2548,28.7424,28742.4,128.0,0.0,,12,2019-03-08 20:39:35,Australia/Melbourne
2019-03-09 07:39:38+11:00,27578,-38.22418782860041,145.03275127150118,50.105109999999996,8.800000000000011,2544,28.206,28206.0,125.0,0.0,,12,2019-03-08 20:39:38,Australia/Melbourne
2019-03-09 07:39:40+11:00,27580,-38.224081546068184,145.0326538737863,50.119679999999995,8.600000000000023,2543,25.1136,25113.6,126.0,0.0,,12,2019-03-08 20:39:40,Australia/Melbourne
2019-03-09 07:39:42+11:00,27582,-38.22400870732963,145.03253174945712,50.13315,8.600000000000023,2543,25.236,25236.0,126.0,0.0,,12,2019-03-08 20:39:42,Australia/Melbourne
2019-03-09 07:39:43+11:00,27583,-38.22399135679007,145.03245287574828,50.1403,8.199999999999989,2541,26.074800000000003,26074.8,125.0,0.0,,12,2019-03-08 20:39:43,Australia/Melbourne
2019-03-09 07:39:45+11:00,27585,-38.22402454912663,145.0322775263339,50.156240000000004,7.399999999999977,2537,28.335600000000003,28335.6,123.0,0.0,,12,2019-03-08 20:39:45,Australia/Melbourne
2019-03-09 07:39:46+11:00,27586,-38.22406897321344,145.03220384940505,50.16435,7.0,2535,28.998,28998.0,123.0,0.0,,12,2019-03-08 20:39:46,Australia/Melbourne
2019-03-09 07:39:48+11:00,27588,-38.224177183583386,145.03206462599337,50.181459999999994,6.199999999999988,2531,31.356000000000005,31356.0,123.0,0.0,,12,2019-03-08 20:39:48,Australia/Melbourne
2019-03-09 07:39:49+11:00,27589,-38.22423158213496,145.03198809921741,50.19048,5.600000000000024,2528,32.5908,32590.8,123.0,0.0,,12,2019-03-08 20:39:49,Australia/Melbourne
2019-03-09 07:39:51+11:00,27591,-38.224345659837134,145.03182942979038,50.20928,4.0,2520,34.7616,34761.6,125.0,0.0,,12,2019-03-08 20:39:51,Australia/Melbourne
2019-03-09 07:39:53+11:00,27593,-38.22447465732694,145.0316700898111,50.22926,3.0,2515,35.9676,35967.6,124.0,0.0,,12,2019-03-08 20:39:53,Australia/Melbourne
2019-03-09 07:39:55+11:00,27595,-38.224606085568674,145.0315168686211,50.24909,1.6000000000000227,2508,35.7948,35794.8,120.0,0.0,,12,2019-03-08 20:39:55,Australia/Melbourne
2019-03-09 07:39:57+11:00,27597,-38.224740028381355,145.03137211315334,50.26863,1.1999999999999886,2506,35.0964,35096.4,116.0,0.0,,12,2019-03-08 20:39:57,Australia/Melbourne
2019-03-09 07:40:00+11:00,27600,-38.224931890144944,145.03116792999208,50.29644,0.8000000000000114,2504,32.472,32472.0,113.0,0.0,,12,2019-03-08 20:40:00,Australia/Melbourne
2019-03-09 07:40:02+11:00,27602,-38.225056109949946,145.03104345872998,50.314009999999996,1.3999999999999773,2507,30.9492,30949.2,110.0,0.0,,12,2019-03-08 20:40:02,Australia/Melbourne
2019-03-09 07:40:04+11:00,27604,-38.22517295368016,145.03092250786722,50.33076000000001,1.6000000000000227,2508,29.6064,29606.4,113.0,89.0,,12,2019-03-08 20:40:04,Australia/Melbourne
2019-03-09 07:40:06+11:00,27606,-38.225286025553935,145.03080675378442,50.34688,2.1999999999999886,2511,28.6668,28666.8,117.0,85.0,,12,2019-03-08 20:40:06,Australia/Melbourne
2019-03-09 07:40:07+11:00,27607,-38.22534092701972,145.03074942156672,50.35479,2.1999999999999886,2511,28.7136,28713.6,118.0,83.0,,12,2019-03-08 20:40:07,Australia/Melbourne
2019-03-09 07:40:14+11:00,27614,-38.225767146795995,145.03030551597476,50.41602,0.3999999999999773,2502,35.658,35658.0,118.0,91.0,,12,2019-03-08 20:40:14,Australia/Melbourne
2019-03-09 07:40:16+11:00,27616,-38.225909639149904,145.03015237860382,50.43675,-0.8000000000000114,2496,37.65600000000001,37656.0,119.0,73.0,,12,2019-03-08 20:40:16,Australia/Melbourne
2019-03-09 07:40:18+11:00,27618,-38.22605892084539,145.0299924518913,50.45845,-2.1999999999999886,2489,39.5388,39538.8,120.0,73.0,,12,2019-03-08 20:40:18,Australia/Melbourne
2019-03-09 07:40:20+11:00,27620,-38.226215662434704,145.0298281665891,50.48102,-3.8000000000000114,2481,40.8708,40870.8,120.0,0.0,,12,2019-03-08 20:40:20,Australia/Melbourne
2019-03-09 07:40:22+11:00,27622,-38.22637131437659,145.02965784631667,50.50385,-4.800000000000012,2476,41.2776,41277.6,114.0,0.0,,12,2019-03-08 20:40:22,Australia/Melbourne
2019-03-09 07:40:25+11:00,27625,-38.22657717391849,145.02937026321888,50.53792,-6.0,2470,40.2912,40291.2,114.0,0.0,,12,2019-03-08 20:40:25,Australia/Melbourne
2019-03-09 07:40:29+11:00,27629,-38.22676392272115,145.0289413612336,50.580859999999994,-6.600000000000023,2467,36.69840000000001,36698.4,109.0,0.0,,12,2019-03-08 20:40:29,Australia/Melbourne
2019-03-09 07:40:31+11:00,27631,-38.22684220969678,145.02874614670873,50.60004,-5.399999999999976,2473,34.0668,34066.8,113.0,93.0,,12,2019-03-08 20:40:31,Australia/Melbourne
2019-03-09 07:40:33+11:00,27633,-38.22690700180829,145.02856140956283,50.61773,-5.199999999999988,2474,31.3956,31395.6,117.0,87.0,,12,2019-03-08 20:40:33,Australia/Melbourne
2019-03-09 07:40:34+11:00,27634,-38.226941032335155,145.02847281284633,50.62635,-5.399999999999976,2473,30.963600000000003,30963.6,119.0,83.0,,12,2019-03-08 20:40:34,Australia/Melbourne
2019-03-09 07:40:37+11:00,27637,-38.22704035788775,145.02822160720825,50.65096,-5.0,2475,27.6876,27687.6,118.0,84.0,,12,2019-03-08 20:40:37,Australia/Melbourne
2019-03-09 07:40:40+11:00,27640,-38.227130630984895,145.02799211069942,50.67341,-3.8000000000000114,2481,24.9876,24987.6,117.0,78.0,,12,2019-03-08 20:40:40,Australia/Melbourne
2019-03-09 07:40:42+11:00,27642,-38.227188214659684,145.027856240049,50.68691000000001,-3.1999999999999886,2484,23.8032,23803.2,120.0,79.0,,12,2019-03-08 20:40:42,Australia/Melbourne
2019-03-09 07:40:44+11:00,27644,-38.22725233621895,145.02773436717692,50.699740000000006,-2.800000000000012,2486,22.5828,22582.8,122.0,74.0,,12,2019-03-08 20:40:44,Australia/Melbourne
2019-03-09 07:40:46+11:00,27646,-38.227320732548826,145.02762833610174,50.71174,-2.3999999999999773,2488,20.8548,20854.8,122.0,71.0,,12,2019-03-08 20:40:46,Australia/Melbourne
2019-03-09 07:40:48+11:00,27648,-38.22739239782096,145.02753177657723,50.72336,-2.0,2490,20.844,20844.0,123.0,65.0,,12,2019-03-08 20:40:48,Australia/Melbourne
2019-03-09 07:40:49+11:00,27649,-38.227428942918785,145.02748559229073,50.729079999999996,-1.6000000000000227,2492,20.3436,20343.6,123.0,68.0,,12,2019-03-08 20:40:49,Australia/Melbourne
2019-03-09 07:40:50+11:00,27650,-38.227467080578215,145.02744401805103,50.73467,-1.3999999999999773,2493,19.727999999999998,19728.0,124.0,64.0,,12,2019-03-08 20:40:50,Australia/Melbourne
2019-03-09 07:40:52+11:00,27652,-38.22754804976285,145.02736874856058,50.74581,-1.0,2495,19.5192,19519.2,126.0,63.0,,12,2019-03-08 20:40:52,Australia/Melbourne
2019-03-09 07:40:55+11:00,27655,-38.227676041424274,145.02727093175054,50.7624,-0.8000000000000114,2496,19.8144,19814.4,129.0,65.0,,12,2019-03-08 20:40:55,Australia/Melbourne
2019-03-09 07:40:56+11:00,27656,-38.22772214189172,145.02724436111748,50.76802,-0.6000000000000227,2497,20.1456,20145.6,130.0,65.0,,12,2019-03-08 20:40:56,Australia/Melbourne
2019-03-09 07:40:59+11:00,27659,-38.227858180180185,145.02716682851317,50.78457,0.0,2500,19.2456,19245.6,134.0,63.0,,12,2019-03-08 20:40:59,Australia/Melbourne
2019-03-09 07:41:03+11:00,27663,-38.22803017683327,145.0270703528076,50.80546,1.0,2505,18.756,18756.0,137.0,61.0,,12,2019-03-08 20:41:03,Australia/Melbourne
2019-03-09 07:41:10+11:00,27670,-38.22832404635847,145.02690673805773,50.84109,2.1999999999999886,2511,18.0,18000.0,138.0,58.0,,12,2019-03-08 20:41:10,Australia/Melbourne
2019-03-09 07:41:11+11:00,27671,-38.228364950045936,145.02688511274755,50.84601,2.6000000000000227,2513,17.46,17460.0,138.0,58.0,,12,2019-03-08 20:41:11,Australia/Melbourne
2019-03-09 07:41:18+11:00,27678,-38.22866493836045,145.0267375912517,50.88174,3.1999999999999886,2516,18.666,18666.0,139.0,61.0,,12,2019-03-08 20:41:18,Australia/Melbourne
2019-03-09 07:41:20+11:00,27680,-38.22875219397247,145.02669182606041,50.89222,3.3999999999999773,2517,18.9324,18932.4,140.0,62.0,,12,2019-03-08 20:41:20,Australia/Melbourne
2019-03-09 07:41:24+11:00,27684,-38.22892628610135,145.02658470533785,50.9137,4.600000000000024,2523,19.5588,19558.8,142.0,63.0,,12,2019-03-08 20:41:24,Australia/Melbourne
2019-03-09 07:41:28+11:00,27688,-38.2291075028479,145.02648127265275,50.935759999999995,4.800000000000012,2524,19.3824,19382.4,143.0,63.0,,12,2019-03-08 20:41:28,Australia/Melbourne
2019-03-09 07:41:34+11:00,27694,-38.22939014062285,145.02635613083842,50.96904,5.600000000000024,2528,19.7028,19702.8,146.0,64.0,,12,2019-03-08 20:41:34,Australia/Melbourne
2019-03-09 07:41:35+11:00,27695,-38.229438420385115,145.02634271979332,50.97453,5.800000000000012,2529,19.5984,19598.4,146.0,64.0,,12,2019-03-08 20:41:35,Australia/Melbourne
2019-03-09 07:41:42+11:00,27702,-38.22977595962585,145.02630768343806,51.012229999999995,6.800000000000012,2534,19.3104,19310.4,146.0,63.0,,12,2019-03-08 20:41:42,Australia/Melbourne
2019-03-09 07:41:43+11:00,27703,-38.22982365265489,145.02631472423673,51.01755,7.0,2535,19.1772,19177.2,145.0,63.0,,12,2019-03-08 20:41:43,Australia/Melbourne
2019-03-09 07:41:49+11:00,27709,-38.230123054236174,145.0263746548444,51.0512,7.399999999999977,2537,20.3832,20383.2,146.0,64.0,,12,2019-03-08 20:41:49,Australia/Melbourne
2019-03-09 07:41:50+11:00,27710,-38.230174016207464,145.02638722769916,51.05696,7.399999999999977,2537,20.4552,20455.2,146.0,67.0,,12,2019-03-08 20:41:50,Australia/Melbourne
2019-03-09 07:41:56+11:00,27716,-38.23048749938607,145.02649594098332,51.09304,7.800000000000012,2539,22.2984,22298.4,146.0,72.0,,12,2019-03-08 20:41:56,Australia/Melbourne
2019-03-09 07:41:57+11:00,27717,-38.230542317032814,145.02651588991284,51.09938,8.0,2540,22.68,22680.0,146.0,74.0,,12,2019-03-08 20:41:57,Australia/Melbourne
2019-03-09 07:42:04+11:00,27724,-38.23095001280308,145.0266494974494,51.14613,7.800000000000012,2539,24.101999999999997,24102.0,146.0,81.0,,12,2019-03-08 20:42:04,Australia/Melbourne
2019-03-09 07:42:12+11:00,27732,-38.2314363308251,145.0268310494721,51.2024,8.0,2540,26.136,26136.0,143.0,76.0,,12,2019-03-08 20:42:12,Australia/Melbourne
2019-03-09 07:42:20+11:00,27740,-38.23195475153625,145.02702509053054,51.262409999999996,8.399999999999977,2542,28.5228,28522.8,143.0,81.0,,12,2019-03-08 20:42:20,Australia/Melbourne
2019-03-09 07:42:21+11:00,27741,-38.232023231685154,145.02705032005906,51.27032,8.800000000000011,2544,28.368000000000002,28368.0,143.0,79.0,,12,2019-03-08 20:42:21,Australia/Melbourne
2019-03-09 07:42:29+11:00,27749,-38.232573503628366,145.0272364821285,51.33354,8.399999999999977,2542,28.3968,28396.8,142.0,83.0,,12,2019-03-08 20:42:29,Australia/Melbourne
2019-03-09 07:42:30+11:00,27750,-38.232642402872436,145.02726028673348,51.34146,8.800000000000011,2544,28.8216,28821.6,141.0,85.0,,12,2019-03-08 20:42:30,Australia/Melbourne
2019-03-09 07:42:38+11:00,27758,-38.23321840725839,145.02746346406641,51.40783,7.600000000000023,2538,30.5892,30589.2,138.0,89.0,,12,2019-03-08 20:42:38,Australia/Melbourne
2019-03-09 07:42:39+11:00,27759,-38.233294263482094,145.0274869333953,51.4165,6.800000000000012,2534,31.381200000000003,31381.2,138.0,70.0,,12,2019-03-08 20:42:39,Australia/Melbourne
2019-03-09 07:42:44+11:00,27764,-38.233654433861375,145.02760922536254,51.45789,6.399999999999977,2532,29.6064,29606.4,135.0,86.0,,12,2019-03-08 20:42:44,Australia/Melbourne
2019-03-09 07:42:46+11:00,27766,-38.233802877366536,145.0276582594961,51.474909999999994,6.199999999999988,2531,29.937600000000003,29937.6,134.0,87.0,,12,2019-03-08 20:42:46,Australia/Melbourne
2019-03-09 07:42:49+11:00,27769,-38.234024243429296,145.0277355406433,51.5004,5.800000000000012,2529,29.7216,29721.6,134.0,86.0,,12,2019-03-08 20:42:49,Australia/Melbourne
2019-03-09 07:42:56+11:00,27776,-38.23450854979456,145.02790267579255,51.55613,6.199999999999988,2531,27.6444,27644.4,132.0,80.0,,12,2019-03-08 20:42:56,Australia/Melbourne
2019-03-09 07:43:05+11:00,27785,-38.235096037387855,145.02809135243297,51.62339,6.600000000000023,2533,26.6832,26683.2,132.0,78.0,,12,2019-03-08 20:43:05,Australia/Melbourne
2019-03-09 07:43:06+11:00,27786,-38.23516124859452,145.0281117204577,51.63085,6.800000000000012,2534,26.7156,26715.6,132.0,78.0,,12,2019-03-08 20:43:06,Australia/Melbourne
2019-03-09 07:43:14+11:00,27794,-38.235688470304005,145.02826754003763,51.69094000000001,7.600000000000023,2538,26.362800000000004,26362.8,134.0,79.0,,12,2019-03-08 20:43:14,Australia/Melbourne
2019-03-09 07:43:18+11:00,27798,-38.23594395071268,145.0283487606794,51.72017,8.0,2540,26.1216,26121.6,133.0,76.0,,12,2019-03-08 20:43:18,Australia/Melbourne
2019-03-09 07:43:23+11:00,27803,-38.23626983910799,145.02844800241292,51.75737,8.0,2540,26.4996,26499.6,135.0,79.0,,12,2019-03-08 20:43:23,Australia/Melbourne
2019-03-09 07:43:31+11:00,27811,-38.236767807975404,145.02863785251975,51.81511,8.800000000000011,2544,26.46,26460.0,138.0,76.0,,12,2019-03-08 20:43:31,Australia/Melbourne
2019-03-09 07:43:35+11:00,27815,-38.2370117213577,145.02875511534512,51.84406,9.199999999999989,2546,26.28,26280.0,139.0,77.0,,12,2019-03-08 20:43:35,Australia/Melbourne
2019-03-09 07:43:39+11:00,27819,-38.23725203052163,145.02889492549005,51.87342,8.800000000000011,2544,25.9596,25959.6,138.0,72.0,,12,2019-03-08 20:43:39,Australia/Melbourne
2019-03-09 07:43:48+11:00,27828,-38.23779501020909,145.0292017031461,51.93942,9.199999999999989,2546,26.2728,26272.8,139.0,77.0,,12,2019-03-08 20:43:48,Australia/Melbourne
2019-03-09 07:43:55+11:00,27835,-38.23821385391057,145.02938861958685,51.98877,9.399999999999975,2547,24.4872,24487.2,140.0,74.0,,12,2019-03-08 20:43:55,Australia/Melbourne
2019-03-09 07:44:03+11:00,27843,-38.23869539424778,145.02952113747597,52.04351000000001,10.199999999999989,2551,23.5836,23583.6,139.0,70.0,,12,2019-03-08 20:44:03,Australia/Melbourne
2019-03-09 07:44:04+11:00,27844,-38.23875247500837,145.02953144721687,52.04991,10.199999999999989,2551,22.9572,22957.2,139.0,70.0,,12,2019-03-08 20:44:04,Australia/Melbourne
2019-03-09 07:44:13+11:00,27853,-38.23927005752921,145.02960185520348,52.1077,11.0,2555,22.1868,22186.8,139.0,66.0,,12,2019-03-08 20:44:13,Australia/Melbourne
2019-03-09 07:44:15+11:00,27855,-38.23938145302236,145.02961275167763,52.12011,11.199999999999989,2556,21.7584,21758.4,139.0,66.0,,12,2019-03-08 20:44:15,Australia/Melbourne
2019-03-09 07:44:20+11:00,27860,-38.239665096625686,145.02963747829202,52.15167,11.600000000000026,2558,23.3136,23313.6,138.0,68.0,,12,2019-03-08 20:44:20,Australia/Melbourne
2019-03-09 07:44:26+11:00,27866,-38.240022333338864,145.0296750292182,52.19146,12.200000000000045,2561,23.651999999999997,23652.0,141.0,69.0,,12,2019-03-08 20:44:26,Australia/Melbourne
2019-03-09 07:44:27+11:00,27867,-38.2400805875659,145.0296845845878,52.19797,12.200000000000045,2561,23.4396,23439.6,142.0,69.0,,12,2019-03-08 20:44:27,Australia/Melbourne
2019-03-09 07:44:29+11:00,27869,-38.24019692838192,145.02969497814775,52.21092,13.0,2565,23.3208,23320.8,142.0,70.0,,12,2019-03-08 20:44:29,Australia/Melbourne
2019-03-09 07:44:30+11:00,27870,-38.24025560170411,145.02969975583255,52.21744,13.399999999999974,2567,23.1192,23119.2,143.0,68.0,,12,2019-03-08 20:44:30,Australia/Melbourne
2019-03-09 07:44:37+11:00,27877,-38.24065189808607,145.02973998896778,52.26156,14.200000000000045,2571,21.9024,21902.4,143.0,72.0,,12,2019-03-08 20:44:37,Australia/Melbourne
2019-03-09 07:44:38+11:00,27878,-38.24070529080928,145.02974702976644,52.26753,14.399999999999974,2572,21.51,21510.0,143.0,71.0,,12,2019-03-08 20:44:38,Australia/Melbourne
2019-03-09 07:44:43+11:00,27883,-38.240965297445655,145.0297786295414,52.29653,15.399999999999974,2577,20.570400000000006,20570.4,143.0,75.0,,12,2019-03-08 20:44:43,Australia/Melbourne
2019-03-09 07:44:44+11:00,27884,-38.24101584032178,145.02978147938848,52.30215000000001,15.600000000000026,2578,20.0844,20084.4,143.0,77.0,,12,2019-03-08 20:44:44,Australia/Melbourne
2019-03-09 07:44:50+11:00,27890,-38.241316163912416,145.02980461344126,52.33556,16.600000000000026,2583,18.7452,18745.2,144.0,72.0,,12,2019-03-08 20:44:50,Australia/Melbourne
2019-03-09 07:44:54+11:00,27894,-38.24149964377285,145.02983001060787,52.35607,17.600000000000023,2588,18.792,18792.0,144.0,68.0,,12,2019-03-08 20:44:54,Australia/Melbourne
2019-03-09 07:44:57+11:00,27897,-38.241630736738436,145.02984685823319,52.3707,17.600000000000023,2588,17.0712,17071.2,144.0,65.0,,12,2019-03-08 20:44:57,Australia/Melbourne
2019-03-09 07:45:00+11:00,27900,-38.24175629764795,145.02985800616443,52.38467,18.600000000000023,2593,16.3944,16394.4,145.0,61.0,,12,2019-03-08 20:45:00,Australia/Melbourne
2019-03-09 07:45:05+11:00,27905,-38.24196039699018,145.02988139167428,52.40743,19.79999999999995,2599,16.6644,16664.4,145.0,61.0,,12,2019-03-08 20:45:05,Australia/Melbourne
2019-03-09 07:45:13+11:00,27913,-38.24231889098883,145.02992070280015,52.44736999999999,20.600000000000023,2603,17.766,17766.0,146.0,68.0,,12,2019-03-08 20:45:13,Australia/Melbourne
2019-03-09 07:45:15+11:00,27915,-38.242408577352755,145.0299314316362,52.45737,21.0,2605,17.748,17748.0,146.0,69.0,,12,2019-03-08 20:45:15,Australia/Melbourne
2019-03-09 07:45:23+11:00,27923,-38.242778973653905,145.02996403723958,52.49858,21.600000000000023,2608,19.1592,19159.2,147.0,72.0,,12,2019-03-08 20:45:23,Australia/Melbourne
2019-03-09 07:45:29+11:00,27929,-38.24307133443653,145.03000183962288,52.531209999999994,22.399999999999977,2612,19.2852,19285.2,147.0,73.0,,12,2019-03-08 20:45:29,Australia/Melbourne
2019-03-09 07:45:31+11:00,27931,-38.2431695703417,145.0300125684589,52.542159999999996,23.20000000000005,2616,19.3788,19378.8,147.0,73.0,,12,2019-03-08 20:45:31,Australia/Melbourne
2019-03-09 07:45:32+11:00,27932,-38.243219945579774,145.03000795841214,52.54776,23.20000000000005,2616,19.656,19656.0,147.0,70.0,,12,2019-03-08 20:45:32,Australia/Melbourne
2019-03-09 07:45:36+11:00,27936,-38.24341407045722,145.02998046576974,52.56948000000001,23.20000000000005,2616,19.9332,19933.2,145.0,74.0,,12,2019-03-08 20:45:36,Australia/Melbourne
2019-03-09 07:45:37+11:00,27937,-38.24346746318042,145.02997593954206,52.57541000000001,23.0,2615,21.1788,21178.8,145.0,75.0,,12,2019-03-08 20:45:37,Australia/Melbourne
2019-03-09 07:45:43+11:00,27943,-38.2437858916819,145.02995247021317,52.61081,23.399999999999977,2617,21.1536,21153.6,144.0,80.0,,12,2019-03-08 20:45:43,Australia/Melbourne
2019-03-09 07:45:46+11:00,27946,-38.24395009316504,145.02993788570166,52.629090000000005,23.600000000000023,2618,21.4812,21481.2,145.0,80.0,,12,2019-03-08 20:45:46,Australia/Melbourne
2019-03-09 07:45:51+11:00,27951,-38.24422636069357,145.029930844903,52.65977,23.600000000000023,2618,21.9564,21956.4,142.0,81.0,,12,2019-03-08 20:45:51,Australia/Melbourne
2019-03-09 07:45:55+11:00,27955,-38.24444345198572,145.0299046933651,52.68398000000001,23.600000000000023,2618,21.8736,21873.6,142.0,81.0,,12,2019-03-08 20:45:55,Australia/Melbourne
2019-03-09 07:46:02+11:00,27962,-38.244835892692215,145.0298418290913,52.7279,24.0,2620,21.906,21906.0,141.0,81.0,,12,2019-03-08 20:46:02,Australia/Melbourne
2019-03-09 07:46:09+11:00,27969,-38.245226824656136,145.02978642471138,52.77156,24.399999999999977,2622,21.6792,21679.2,141.0,82.0,,12,2019-03-08 20:46:09,Australia/Melbourne
2019-03-09 07:46:15+11:00,27975,-38.245542319491506,145.02973043359816,52.80694,25.20000000000005,2626,20.8656,20865.6,137.0,78.0,,12,2019-03-08 20:46:15,Australia/Melbourne
2019-03-09 07:46:17+11:00,27977,-38.24565027840436,145.02971936948597,52.81896,25.399999999999977,2627,21.996,21996.0,137.0,80.0,,12,2019-03-08 20:46:17,Australia/Melbourne
2019-03-09 07:46:25+11:00,27985,-38.2461123727262,145.0296443514526,52.87067,25.399999999999977,2627,23.886,23886.0,136.0,76.0,,12,2019-03-08 20:46:25,Australia/Melbourne
2019-03-09 07:46:32+11:00,27992,-38.246542029082775,145.02954787574708,52.919109999999996,25.600000000000023,2628,25.3152,25315.2,136.0,81.0,,12,2019-03-08 20:46:32,Australia/Melbourne
2019-03-09 07:46:33+11:00,27993,-38.24660380370915,145.02953169867396,52.926109999999994,25.79999999999995,2629,25.1748,25174.8,136.0,81.0,,12,2019-03-08 20:46:33,Australia/Melbourne
2019-03-09 07:46:42+11:00,28002,-38.24715843424201,145.02939658239484,52.98882,25.79999999999995,2629,25.4124,25412.4,136.0,82.0,,12,2019-03-08 20:46:42,Australia/Melbourne
2019-03-09 07:46:43+11:00,28003,-38.247221885249026,145.0293775554746,52.99606,25.600000000000023,2628,25.6932,25693.2,135.0,82.0,,12,2019-03-08 20:46:43,Australia/Melbourne
2019-03-09 07:46:50+11:00,28010,-38.24766201898456,145.02927445806563,53.04575,25.20000000000005,2626,25.4016,25401.6,137.0,82.0,,12,2019-03-08 20:46:50,Australia/Melbourne
2019-03-09 07:46:58+11:00,28018,-38.24815202504397,145.02913808450103,53.10144,25.399999999999977,2627,24.7968,24796.8,139.0,80.0,,12,2019-03-08 20:46:58,Australia/Melbourne
2019-03-09 07:47:04+11:00,28024,-38.248503729701035,145.029027024284,53.14168000000001,25.20000000000005,2626,23.2128,23212.8,136.0,0.0,,12,2019-03-08 20:47:04,Australia/Melbourne
2019-03-09 07:47:06+11:00,28026,-38.248614622279995,145.02899073064327,53.15439,25.79999999999995,2629,22.6872,22687.2,135.0,0.0,,12,2019-03-08 20:47:06,Australia/Melbourne
2019-03-09 07:47:09+11:00,28029,-38.248784188181155,145.02893708646297,53.1738,25.79999999999995,2629,23.5188,23518.8,132.0,0.0,,12,2019-03-08 20:47:09,Australia/Melbourne
2019-03-09 07:47:12+11:00,28032,-38.24896305799484,145.02887363545597,53.194419999999994,25.399999999999977,2627,25.1028,25102.8,130.0,79.0,,12,2019-03-08 20:47:12,Australia/Melbourne
2019-03-09 07:47:15+11:00,28035,-38.24915315955877,145.02881496213374,53.21614,24.399999999999977,2622,26.4528,26452.8,128.0,84.0,,12,2019-03-08 20:47:15,Australia/Melbourne
2019-03-09 07:47:20+11:00,28040,-38.249484663829215,145.02870205789802,53.25424,24.600000000000023,2623,27.8604,27860.4,125.0,68.0,,12,2019-03-08 20:47:20,Australia/Melbourne
2019-03-09 07:47:24+11:00,28044,-38.249745089560754,145.02860164269805,53.28447,23.600000000000023,2618,26.8164,26816.4,122.0,0.0,,12,2019-03-08 20:47:24,Australia/Melbourne
2019-03-09 07:47:26+11:00,28046,-38.249869896098964,145.0285489205271,53.29908,23.600000000000023,2618,26.5752,26575.2,119.0,0.0,,12,2019-03-08 20:47:26,Australia/Melbourne
2019-03-09 07:47:27+11:00,28047,-38.24993309564889,145.02852394245562,53.30642,23.399999999999977,2617,26.82,26820.0,120.0,0.0,,12,2019-03-08 20:47:27,Australia/Melbourne
2019-03-09 07:47:28+11:00,28048,-38.24999704957008,145.02849628217518,53.31392,23.399999999999977,2617,27.1764,27176.4,122.0,87.0,,12,2019-03-08 20:47:28,Australia/Melbourne
2019-03-09 07:47:30+11:00,28050,-38.25012680143118,145.02844146452844,53.3291,23.600000000000023,2618,27.288,27288.0,125.0,88.0,,12,2019-03-08 20:47:30,Australia/Melbourne
2019-03-09 07:47:37+11:00,28057,-38.250582525506616,145.0282378681004,53.382740000000005,23.0,2615,27.3852,27385.2,124.0,89.0,,12,2019-03-08 20:47:37,Australia/Melbourne
2019-03-09 07:47:45+11:00,28065,-38.251096922904246,145.02799990586936,53.44353,22.600000000000023,2613,27.7308,27730.8,123.0,90.0,,12,2019-03-08 20:47:45,Australia/Melbourne
2019-03-09 07:47:47+11:00,28067,-38.25122860260308,145.0279334373772,53.45926,22.600000000000023,2613,28.2456,28245.6,124.0,90.0,,12,2019-03-08 20:47:47,Australia/Melbourne
2019-03-09 07:47:51+11:00,28071,-38.251494141295545,145.02780335024,53.49085,22.20000000000005,2611,28.691999999999997,28692.0,125.0,84.0,,12,2019-03-08 20:47:51,Australia/Melbourne
2019-03-09 07:47:55+11:00,28075,-38.251754064112895,145.02765138633552,53.52264,22.20000000000005,2611,28.7856,28785.6,126.0,83.0,,12,2019-03-08 20:47:55,Australia/Melbourne
2019-03-09 07:48:03+11:00,28083,-38.252255553379655,145.02731870859859,53.58548,22.0,2610,27.460800000000006,27460.8,126.0,81.0,,12,2019-03-08 20:48:03,Australia/Melbourne
2019-03-09 07:48:10+11:00,28090,-38.252659728750594,145.0270539242774,53.63599,22.79999999999995,2614,24.552000000000003,24552.0,128.0,74.0,,12,2019-03-08 20:48:10,Australia/Melbourne
2019-03-09 07:48:15+11:00,28095,-38.25291973538697,145.02687203697857,53.66896,23.20000000000005,2616,23.6556,23655.6,129.0,76.0,,12,2019-03-08 20:48:15,Australia/Melbourne
2019-03-09 07:48:17+11:00,28097,-38.25302693992853,145.02680900506675,53.682080000000006,23.399999999999977,2617,24.0696,24069.6,130.0,75.0,,12,2019-03-08 20:48:17,Australia/Melbourne
2019-03-09 07:48:24+11:00,28104,-38.2534362282604,145.0265490822494,53.7329,23.0,2615,27.4644,27464.4,132.0,79.0,,12,2019-03-08 20:48:24,Australia/Melbourne
2019-03-09 07:48:30+11:00,28110,-38.25381224043667,145.02631187438962,53.77953,22.399999999999977,2612,28.224,28224.0,129.0,84.0,,12,2019-03-08 20:48:30,Australia/Melbourne
2019-03-09 07:48:32+11:00,28112,-38.25394257903099,145.0262300670147,53.795669999999994,22.0,2610,28.9152,28915.2,129.0,85.0,,12,2019-03-08 20:48:32,Australia/Melbourne
2019-03-09 07:48:34+11:00,28114,-38.25407551601529,145.0261534564197,53.81188,21.79999999999995,2609,29.16,29160.0,128.0,86.0,,12,2019-03-08 20:48:34,Australia/Melbourne
2019-03-09 07:48:38+11:00,28118,-38.25436234474182,145.02596863545475,53.8476,20.399999999999977,2602,32.9904,32990.4,128.0,70.0,,12,2019-03-08 20:48:38,Australia/Melbourne
2019-03-09 07:48:40+11:00,28120,-38.254514895379536,145.02587844617662,53.86628,18.600000000000023,2593,33.656400000000005,33656.4,128.0,0.0,,12,2019-03-08 20:48:40,Australia/Melbourne
2019-03-09 07:48:43+11:00,28123,-38.254745230078704,145.02573318779469,53.894830000000006,17.600000000000023,2588,33.966,33966.0,128.0,0.0,,12,2019-03-08 20:48:43,Australia/Melbourne
2019-03-09 07:48:45+11:00,28125,-38.25490121729672,145.02564073540267,53.91395,17.0,2585,33.998400000000004,33998.4,125.0,0.0,,12,2019-03-08 20:48:45,Australia/Melbourne
2019-03-09 07:48:48+11:00,28128,-38.255130797624595,145.0255046132952,53.942069999999994,16.399999999999974,2582,34.0524,34052.4,123.0,0.0,,12,2019-03-08 20:48:48,Australia/Melbourne
2019-03-09 07:48:55+11:00,28135,-38.255668412894,145.0251783058047,54.00824,16.0,2580,33.4476,33447.6,124.0,66.0,,12,2019-03-08 20:48:55,Australia/Melbourne
2019-03-09 07:48:56+11:00,28136,-38.25574435293674,145.02513329498467,54.01755,16.200000000000045,2581,33.4476,33447.6,123.0,21.0,,12,2019-03-08 20:48:56,Australia/Melbourne
2019-03-09 07:48:59+11:00,28139,-38.25589782558381,145.0250410940498,54.0364,16.0,2580,33.8436,33843.6,120.0,78.0,,12,2019-03-08 20:48:59,Australia/Melbourne
2019-03-09 07:49:05+11:00,28145,-38.25636075809597,145.02476868219676,54.09305000000001,14.799999999999955,2574,34.394400000000005,34394.4,122.0,78.0,,12,2019-03-08 20:49:05,Australia/Melbourne
2019-03-09 07:49:06+11:00,28146,-38.256440218538046,145.02471989952028,54.10285,14.200000000000045,2571,34.7004,34700.4,122.0,79.0,,12,2019-03-08 20:49:06,Australia/Melbourne
2019-03-09 07:49:13+11:00,28153,-38.25697347521782,145.02438009716568,54.16911999999999,13.799999999999955,2569,33.6492,33649.200000000004,122.0,76.0,,12,2019-03-08 20:49:13,Australia/Melbourne
2019-03-09 07:49:19+11:00,28159,-38.25735233724117,145.02402973361313,54.22126,14.600000000000026,2573,29.340000000000003,29340.0,124.0,79.0,,12,2019-03-08 20:49:19,Australia/Melbourne
2019-03-09 07:49:22+11:00,28162,-38.257506228983395,145.02384474501014,54.24480000000001,16.200000000000045,2581,26.802000000000003,26802.0,125.0,73.0,,12,2019-03-08 20:49:22,Australia/Melbourne
2019-03-09 07:49:26+11:00,28166,-38.257690714672215,145.02362279221416,54.273030000000006,16.399999999999974,2582,24.5772,24577.2,126.0,74.0,,12,2019-03-08 20:49:26,Australia/Melbourne
2019-03-09 07:49:28+11:00,28168,-38.257774701341994,145.02351198345426,54.28649,17.200000000000045,2586,23.7924,23792.4,126.0,70.0,,12,2019-03-08 20:49:28,Australia/Melbourne
2019-03-09 07:49:31+11:00,28171,-38.257901268079884,145.02335884608328,54.30591,17.600000000000023,2588,23.3028,23302.8,129.0,68.0,,12,2019-03-08 20:49:31,Australia/Melbourne
2019-03-09 07:49:34+11:00,28174,-38.25802758336067,145.0232092291117,54.3251,17.79999999999995,2589,23.1516,23151.6,129.0,67.0,,12,2019-03-08 20:49:34,Australia/Melbourne
2019-03-09 07:49:37+11:00,28177,-38.25815591029823,145.0230483803898,54.345130000000005,18.20000000000005,2591,24.1272,24127.2,129.0,71.0,,12,2019-03-08 20:49:37,Australia/Melbourne
2019-03-09 07:49:39+11:00,28179,-38.25824593193829,145.02293891273442,54.35896999999999,18.0,2590,24.9588,24958.8,132.0,71.0,,12,2019-03-08 20:49:39,Australia/Melbourne
2019-03-09 07:49:42+11:00,28182,-38.258387837558985,145.02277001738545,54.38058,18.0,2590,26.2692,26269.2,133.0,76.0,,12,2019-03-08 20:49:42,Australia/Melbourne
2019-03-09 07:49:46+11:00,28186,-38.25858657248318,145.02252677455544,54.41124,17.0,2585,28.3968,28396.8,134.0,81.0,,12,2019-03-08 20:49:46,Australia/Melbourne
2019-03-09 07:49:50+11:00,28190,-38.258800394833095,145.02226668410003,54.44413,17.200000000000045,2586,30.1788,30178.8,134.0,80.0,,12,2019-03-08 20:49:50,Australia/Melbourne
2019-03-09 07:49:54+11:00,28194,-38.25903399847448,145.0219862256199,54.47984,16.0,2580,31.7628,31762.8,132.0,79.0,,12,2019-03-08 20:49:54,Australia/Melbourne
2019-03-09 07:49:56+11:00,28196,-38.259160984307535,145.02183442935348,54.49921,15.200000000000045,2576,35.7732,35773.200000000004,131.0,81.0,,12,2019-03-08 20:49:56,Australia/Melbourne
2019-03-09 07:49:57+11:00,28197,-38.25922745279968,145.02175136469302,54.50956,14.399999999999974,2572,36.7344,36734.4,130.0,86.0,,12,2019-03-08 20:49:57,Australia/Melbourne
2019-03-09 07:49:59+11:00,28199,-38.25936592184007,145.02157542854548,54.531319999999994,13.399999999999974,2567,38.9376,38937.6,128.0,53.0,,12,2019-03-08 20:49:59,Australia/Melbourne
2019-03-09 07:50:01+11:00,28201,-38.259509922936566,145.02140385098758,54.55325,12.399999999999974,2562,39.1968,39196.8,126.0,0.0,,12,2019-03-08 20:50:01,Australia/Melbourne
2019-03-09 07:50:02+11:00,28202,-38.25958200730384,145.02131894230845,54.56417,12.0,2560,38.7468,38746.8,125.0,0.0,,12,2019-03-08 20:50:02,Australia/Melbourne
2019-03-09 07:50:06+11:00,28206,-38.25985768809915,145.0209749490023,54.6071,11.199999999999989,2556,37.3248,37324.8,123.0,0.0,,12,2019-03-08 20:50:06,Australia/Melbourne
2019-03-09 07:50:08+11:00,28208,-38.25999540276826,145.0208128429949,54.62794,9.600000000000025,2548,35.8848,35884.8,122.0,0.0,,12,2019-03-08 20:50:08,Australia/Melbourne
2019-03-09 07:50:10+11:00,28210,-38.26012725010514,145.02065543085337,54.64805000000001,8.800000000000011,2544,34.912800000000004,34912.8,122.0,81.0,,12,2019-03-08 20:50:10,Australia/Melbourne
2019-03-09 07:50:17+11:00,28217,-38.260558163747184,145.0201113615185,54.71554,8.800000000000011,2544,33.012,33012.0,121.0,77.0,,12,2019-03-08 20:50:17,Australia/Melbourne
2019-03-09 07:50:19+11:00,28219,-38.26066637411713,145.0199591461569,54.73348000000001,8.800000000000011,2544,31.9932,31993.2,120.0,74.0,,12,2019-03-08 20:50:19,Australia/Melbourne
2019-03-09 07:50:22+11:00,28222,-38.260826719924815,145.0197476707399,54.759159999999994,8.800000000000011,2544,30.4812,30481.2,123.0,72.0,,12,2019-03-08 20:50:22,Australia/Melbourne
2019-03-09 07:50:27+11:00,28227,-38.26109200716019,145.0194020010531,54.80137000000001,9.0,2545,30.1536,30153.6,121.0,68.0,,12,2019-03-08 20:50:27,Australia/Melbourne
2019-03-09 07:50:32+11:00,28232,-38.26137581840158,145.01907259225842,54.84408000000001,8.600000000000023,2543,31.233600000000006,31233.6,125.0,72.0,,12,2019-03-08 20:50:32,Australia/Melbourne
2019-03-09 07:50:35+11:00,28235,-38.26156072318554,145.0188819877803,54.87053,8.0,2540,31.7016,31701.6,127.0,74.0,,12,2019-03-08 20:50:35,Australia/Melbourne
2019-03-09 07:50:37+11:00,28237,-38.26168477535248,145.01875206828115,54.888380000000005,7.399999999999977,2537,32.31,32310.0,127.0,74.0,,12,2019-03-08 20:50:37,Australia/Melbourne
2019-03-09 07:50:40+11:00,28240,-38.26187621802092,145.01854101195931,54.91653,7.0,2535,34.1424,34142.4,124.0,78.0,,12,2019-03-08 20:50:40,Australia/Melbourne
2019-03-09 07:50:41+11:00,28241,-38.261945117264986,145.01846984960142,54.926390000000005,5.800000000000012,2529,35.1036,35103.6,124.0,79.0,,12,2019-03-08 20:50:41,Australia/Melbourne
2019-03-09 07:50:43+11:00,28243,-38.26209381222725,145.01832333393398,54.94729,4.0,2520,36.8892,36889.2,124.0,67.0,,12,2019-03-08 20:50:43,Australia/Melbourne
2019-03-09 07:50:45+11:00,28245,-38.26224200427532,145.01816349104047,54.968880000000006,2.800000000000012,2514,38.53440000000001,38534.4,123.0,0.0,,12,2019-03-08 20:50:45,Australia/Melbourne
2019-03-09 07:50:47+11:00,28247,-38.262395141646266,145.01799761317668,54.99123,1.1999999999999886,2506,39.9564,39956.4,121.0,0.0,,12,2019-03-08 20:50:47,Australia/Melbourne
2019-03-09 07:50:49+11:00,28249,-38.2625492848456,145.0178282149136,55.01387,-0.19999999999998866,2499,41.148,41148.0,121.0,0.0,,12,2019-03-08 20:50:49,Australia/Melbourne
2019-03-09 07:50:51+11:00,28251,-38.26270007528365,145.01764565706253,55.037009999999995,-1.3999999999999773,2493,42.2424,42242.4,123.0,0.0,,12,2019-03-08 20:50:51,Australia/Melbourne
2019-03-09 07:50:53+11:00,28253,-38.26286737807096,145.0174727384001,55.061009999999996,-3.1999999999999886,2484,43.2756,43275.6,122.0,0.0,,12,2019-03-08 20:50:53,Australia/Melbourne
2019-03-09 07:50:54+11:00,28254,-38.262954382225864,145.01738799735904,55.07318000000001,-4.600000000000024,2477,43.398,43398.0,121.0,0.0,,12,2019-03-08 20:50:54,Australia/Melbourne
2019-03-09 07:50:55+11:00,28255,-38.263040632009506,145.01729965209958,55.08549,-5.600000000000024,2472,43.632,43632.0,120.0,0.0,,12,2019-03-08 20:50:55,Australia/Melbourne
2019-03-09 07:50:56+11:00,28256,-38.26312604360282,145.01721147447824,55.09771,-6.199999999999988,2469,43.6572,43657.2,116.0,0.0,,12,2019-03-08 20:50:56,Australia/Melbourne
2019-03-09 07:50:57+11:00,28257,-38.263210281729705,145.01711969263854,55.110040000000005,-6.600000000000023,2467,43.6608,43660.8,113.0,0.0,,12,2019-03-08 20:50:57,Australia/Melbourne
2019-03-09 07:50:59+11:00,28259,-38.26338537968695,145.0169528927654,55.13435,-7.399999999999977,2463,43.0992,43099.2,108.0,0.0,,12,2019-03-08 20:50:59,Australia/Melbourne
2019-03-09 07:51:00+11:00,28260,-38.26346668414772,145.01686530187726,55.14619,-7.600000000000023,2462,42.174,42174.0,110.0,0.0,,12,2019-03-08 20:51:00,Australia/Melbourne
2019-03-09 07:51:01+11:00,28261,-38.26354622840881,145.01678282395002,55.15759,-7.800000000000012,2461,41.0904,41090.4,111.0,0.0,,12,2019-03-08 20:51:01,Australia/Melbourne
2019-03-09 07:51:03+11:00,28263,-38.26370213180781,145.01662557944655,55.17971,-8.600000000000023,2457,38.9952,38995.2,115.0,0.0,,12,2019-03-08 20:51:03,Australia/Melbourne
2019-03-09 07:51:05+11:00,28265,-38.26385283842683,145.01647470518947,55.20101,-8.0,2460,37.5084,37508.4,118.0,0.0,,12,2019-03-08 20:51:05,Australia/Melbourne
2019-03-09 07:51:06+11:00,28266,-38.26392869465053,145.01639935187998,55.21171,-8.199999999999989,2459,37.3248,37324.8,120.0,0.0,,12,2019-03-08 20:51:06,Australia/Melbourne
2019-03-09 07:51:13+11:00,28273,-38.26441903598607,145.0159340724349,55.27969,-7.600000000000023,2462,33.3936,33393.6,121.0,78.0,,12,2019-03-08 20:51:13,Australia/Melbourne
2019-03-09 07:51:14+11:00,28274,-38.264486761763685,145.0158738065511,55.288869999999996,-7.600000000000023,2462,33.0552,33055.200000000004,120.0,77.0,,12,2019-03-08 20:51:14,Australia/Melbourne
2019-03-09 07:51:21+11:00,28281,-38.26495287939906,145.01547038555142,55.351530000000004,-7.600000000000023,2462,31.2084,31208.4,118.0,72.0,,12,2019-03-08 20:51:21,Australia/Melbourne
2019-03-09 07:51:28+11:00,28288,-38.26539971865713,145.0150696467608,55.41228,-8.0,2460,31.4244,31424.4,121.0,73.0,,12,2019-03-08 20:51:28,Australia/Melbourne
2019-03-09 07:51:29+11:00,28289,-38.26546216383576,145.01500544138253,55.421209999999995,-8.0,2460,31.734,31734.0,121.0,73.0,,12,2019-03-08 20:51:29,Australia/Melbourne
2019-03-09 07:51:35+11:00,28295,-38.26581353321672,145.01457419246438,55.47555000000001,-8.800000000000011,2456,32.6736,32673.6,124.0,74.0,,12,2019-03-08 20:51:35,Australia/Melbourne
2019-03-09 07:51:36+11:00,28296,-38.26586826704442,145.0144978333265,55.48458,-9.0,2455,32.5404,32540.4,124.0,76.0,,12,2019-03-08 20:51:36,Australia/Melbourne
2019-03-09 07:51:43+11:00,28303,-38.26623497530818,145.01398687250912,55.54506,-8.800000000000011,2456,29.628000000000004,29628.0,125.0,69.0,,12,2019-03-08 20:51:43,Australia/Melbourne
2019-03-09 07:51:49+11:00,28309,-38.266550973057754,145.01362142153084,55.59263000000001,-8.0,2460,27.7668,27766.8,128.0,82.0,,12,2019-03-08 20:51:49,Australia/Melbourne
2019-03-09 07:51:52+11:00,28312,-38.266706708818674,145.0134687870741,55.61448000000001,-7.199999999999988,2464,25.538400000000006,25538.4,131.0,76.0,,12,2019-03-08 20:51:52,Australia/Melbourne
2019-03-09 07:51:55+11:00,28315,-38.26685003936291,145.01332646235824,55.63468,-6.800000000000012,2466,23.76,23760.0,132.0,69.0,,12,2019-03-08 20:51:55,Australia/Melbourne
2019-03-09 07:51:56+11:00,28316,-38.266895888373256,145.01328254118562,55.64106,-6.399999999999977,2468,23.0508,23050.8,131.0,68.0,,12,2019-03-08 20:51:56,Australia/Melbourne
2019-03-09 07:51:59+11:00,28319,-38.26702463440597,145.01316511072218,55.658669999999994,-5.600000000000024,2472,20.9736,20973.6,132.0,63.0,,12,2019-03-08 20:51:59,Australia/Melbourne
2019-03-09 07:52:03+11:00,28323,-38.267185231670744,145.01301364973187,55.6809,-4.800000000000012,2476,20.7,20700.0,131.0,59.0,,12,2019-03-08 20:52:03,Australia/Melbourne
2019-03-09 07:52:04+11:00,28324,-38.267226051539176,145.01297215931118,55.6867,-4.399999999999976,2478,20.646,20646.0,131.0,60.0,,12,2019-03-08 20:52:04,Australia/Melbourne
2019-03-09 07:52:06+11:00,28326,-38.26731096021831,145.01289454288784,55.698330000000006,-4.0,2480,20.5272,20527.2,134.0,62.0,,12,2019-03-08 20:52:06,Australia/Melbourne
2019-03-09 07:52:10+11:00,28330,-38.26748538762332,145.01273746602237,55.722080000000005,-3.8000000000000114,2481,21.2364,21236.4,136.0,64.0,,12,2019-03-08 20:52:10,Australia/Melbourne
2019-03-09 07:52:12+11:00,28332,-38.26756996102631,145.0126637890935,55.73346,-3.3999999999999773,2483,20.61,20610.0,139.0,63.0,,12,2019-03-08 20:52:12,Australia/Melbourne
2019-03-09 07:52:13+11:00,28333,-38.267611283808954,145.01262514851987,55.73915,-3.1999999999999886,2484,20.2968,20296.8,140.0,60.0,,12,2019-03-08 20:52:13,Australia/Melbourne
2019-03-09 07:52:18+11:00,28338,-38.2678035646677,145.01244250684974,55.76583,-1.8000000000000114,2491,17.982,17982.0,142.0,54.0,,12,2019-03-08 20:52:18,Australia/Melbourne
2019-03-09 07:52:19+11:00,28339,-38.2678384333849,145.01240705139938,55.770790000000005,-1.6000000000000227,2492,17.982,17982.0,142.0,59.0,,12,2019-03-08 20:52:19,Australia/Melbourne
2019-03-09 07:52:22+11:00,28342,-38.26794748194516,145.01231585629284,55.7853,-0.8000000000000114,2496,17.226000000000006,17226.0,141.0,65.0,,12,2019-03-08 20:52:22,Australia/Melbourne
2019-03-09 07:52:26+11:00,28346,-38.26807052828372,145.0121938157827,55.802640000000004,-0.19999999999998866,2499,14.832,14832.0,141.0,58.0,,12,2019-03-08 20:52:26,Australia/Melbourne
2019-03-09 07:52:28+11:00,28348,-38.26812551356853,145.01212935894728,55.81095,0.3999999999999773,2502,14.8212,14821.2,142.0,56.0,,12,2019-03-08 20:52:28,Australia/Melbourne
2019-03-09 07:52:32+11:00,28352,-38.268233556300395,145.01200639642775,55.827090000000005,1.6000000000000227,2508,14.1156,14115.6,142.0,53.0,,12,2019-03-08 20:52:32,Australia/Melbourne
2019-03-09 07:52:33+11:00,28353,-38.268260210752494,145.0119766406715,55.831030000000005,1.8000000000000114,2509,14.6592,14659.2,143.0,55.0,,12,2019-03-08 20:52:33,Australia/Melbourne
2019-03-09 07:52:36+11:00,28356,-38.26833455823362,145.01188158988953,55.84277,2.800000000000012,2514,13.942800000000002,13942.8,144.0,53.0,,12,2019-03-08 20:52:36,Australia/Melbourne
2019-03-09 07:52:39+11:00,28359,-38.26840991154313,145.01178343780342,55.85477,3.6000000000000227,2518,14.6808,14680.8,147.0,54.0,,12,2019-03-08 20:52:39,Australia/Melbourne
2019-03-09 07:52:40+11:00,28360,-38.268435141071684,145.01175183802843,55.8587,3.8000000000000114,2519,13.878,13878.0,147.0,53.0,,12,2019-03-08 20:52:40,Australia/Melbourne
2019-03-09 07:52:43+11:00,28363,-38.2685083989054,145.01166659407318,55.86976,4.800000000000012,2524,12.6468,12646.8,150.0,44.0,,12,2019-03-08 20:52:43,Australia/Melbourne
2019-03-09 07:52:44+11:00,28364,-38.26853094622493,145.0116377603263,55.87331,5.0,2525,12.5172,12517.2,151.0,47.0,,12,2019-03-08 20:52:44,Australia/Melbourne
2019-03-09 07:52:45+11:00,28365,-38.26855064369738,145.0116121955216,55.87644,5.199999999999988,2526,12.0096,12009.6,152.0,47.0,,12,2019-03-08 20:52:45,Australia/Melbourne
2019-03-09 07:52:48+11:00,28368,-38.26860420405865,145.01153206452727,55.88569,6.199999999999988,2531,10.897200000000002,10897.2,153.0,41.0,,12,2019-03-08 20:52:48,Australia/Melbourne
2019-03-09 07:52:50+11:00,28370,-38.26863991096616,145.01148261129856,55.89159,6.399999999999977,2532,10.4652,10465.2,152.0,41.0,,12,2019-03-08 20:52:50,Australia/Melbourne
2019-03-09 07:52:53+11:00,28373,-38.2687018532306,145.01141446642578,55.90071,7.199999999999988,2536,10.9476,10947.6,152.0,40.0,,12,2019-03-08 20:52:53,Australia/Melbourne
2019-03-09 07:52:56+11:00,28376,-38.26877661980689,145.01134456135333,55.91104,7.600000000000023,2538,12.5604,12560.4,152.0,44.0,,12,2019-03-08 20:52:56,Australia/Melbourne
2019-03-09 07:53:00+11:00,28380,-38.26885649934411,145.01118455082178,55.92777,8.0,2540,16.9956,16995.600000000002,151.0,58.0,,12,2019-03-08 20:53:00,Australia/Melbourne
2019-03-09 07:53:01+11:00,28381,-38.268876615911715,145.01112948171792,55.93309,7.800000000000012,2539,18.9468,18946.8,151.0,66.0,,12,2019-03-08 20:53:01,Australia/Melbourne
2019-03-09 07:53:05+11:00,28385,-38.2690142467618,145.0108968000859,55.95863000000001,5.600000000000024,2528,24.8328,24832.8,150.0,63.0,,12,2019-03-08 20:53:05,Australia/Melbourne
2019-03-09 07:53:08+11:00,28388,-38.2691474352032,145.01069982536137,55.98135,4.199999999999989,2521,28.0728,28072.8,149.0,0.0,,12,2019-03-08 20:53:08,Australia/Melbourne
2019-03-09 07:53:11+11:00,28391,-38.26929126866162,145.0104797165841,56.00636,2.800000000000012,2514,30.761999999999997,30762.0,148.0,0.0,,12,2019-03-08 20:53:11,Australia/Melbourne
2019-03-09 07:53:13+11:00,28393,-38.26939486898482,145.01032741740346,56.02397,1.8000000000000114,2509,32.0004,32000.4,147.0,0.0,,12,2019-03-08 20:53:13,Australia/Melbourne
2019-03-09 07:53:15+11:00,28395,-38.2694994751364,145.01017075963318,56.04193000000001,0.8000000000000114,2504,32.598,32598.0,144.0,0.0,,12,2019-03-08 20:53:15,Australia/Melbourne
2019-03-09 07:53:16+11:00,28396,-38.269551526755095,145.01008953899142,56.05109,0.6000000000000227,2503,32.8896,32889.6,143.0,0.0,,12,2019-03-08 20:53:16,Australia/Melbourne
2019-03-09 07:53:18+11:00,28398,-38.269661664962776,145.00992986373603,56.069660000000006,0.19999999999998866,2501,32.9796,32979.6,142.0,96.0,,12,2019-03-08 20:53:18,Australia/Melbourne
2019-03-09 07:53:21+11:00,28401,-38.26982167549431,145.00969240441918,56.096990000000005,-0.3999999999999773,2498,31.449600000000004,31449.6,141.0,96.0,,12,2019-03-08 20:53:21,Australia/Melbourne
2019-03-09 07:53:24+11:00,28404,-38.269963916391134,145.0094786658883,56.12148000000001,0.0,2500,28.7604,28760.4,138.0,85.0,,12,2019-03-08 20:53:24,Australia/Melbourne
2019-03-09 07:53:25+11:00,28405,-38.270009765401475,145.00940951518712,56.12939,0.3999999999999773,2502,28.0404,28040.4,137.0,85.0,,12,2019-03-08 20:53:25,Australia/Melbourne
2019-03-09 07:53:26+11:00,28406,-38.27005410566926,145.00934346579015,56.13698,0.8000000000000114,2504,26.9316,26931.6,136.0,81.0,,12,2019-03-08 20:53:26,Australia/Melbourne
2019-03-09 07:53:29+11:00,28409,-38.270171452313654,145.00916040502491,56.157630000000005,1.6000000000000227,2508,23.536800000000003,23536.8,133.0,72.0,,12,2019-03-08 20:53:29,Australia/Melbourne
2019-03-09 07:53:30+11:00,28410,-38.27020841650665,145.00910944305357,56.16369,2.3999999999999773,2512,21.6756,21675.6,132.0,68.0,,12,2019-03-08 20:53:30,Australia/Melbourne
2019-03-09 07:53:31+11:00,28411,-38.270242614671595,145.00905890017745,56.169509999999995,2.800000000000012,2514,20.5848,20584.8,132.0,63.0,,12,2019-03-08 20:53:31,Australia/Melbourne
2019-03-09 07:53:33+11:00,28413,-38.270303048193455,145.00896762125194,56.179959999999994,3.6000000000000227,2518,18.4932,18493.2,132.0,57.0,,12,2019-03-08 20:53:33,Australia/Melbourne
2019-03-09 07:53:36+11:00,28416,-38.27038292773068,145.00883476808667,56.19458,4.800000000000012,2524,18.032400000000006,18032.4,133.0,52.0,,12,2019-03-08 20:53:36,Australia/Melbourne
2019-03-09 07:53:37+11:00,28417,-38.27041402459145,145.00879495404658,56.19948,5.0,2525,17.6724,17672.4,134.0,51.0,,12,2019-03-08 20:53:37,Australia/Melbourne
2019-03-09 07:53:39+11:00,28419,-38.27047269791365,145.00871893018484,56.20879,5.800000000000012,2529,17.0244,17024.4,135.0,49.0,,12,2019-03-08 20:53:39,Australia/Melbourne
2019-03-09 07:53:41+11:00,28421,-38.27052374370396,145.0086439959705,56.217459999999996,6.600000000000023,2533,15.3144,15314.4,138.0,46.0,,12,2019-03-08 20:53:41,Australia/Melbourne
2019-03-09 07:53:42+11:00,28422,-38.270549643784754,145.00860904343426,56.22165,7.0,2535,14.9616,14961.6,139.0,46.0,,12,2019-03-08 20:53:42,Australia/Melbourne
2019-03-09 07:53:43+11:00,28423,-38.27057428658009,145.00857501290741,56.2257,7.399999999999977,2537,14.6664,14666.4,139.0,46.0,,12,2019-03-08 20:53:43,Australia/Melbourne
2019-03-09 07:53:47+11:00,28427,-38.27065324410796,145.00842371955514,56.241580000000006,8.199999999999989,2541,14.929200000000002,14929.2,142.0,42.0,,12,2019-03-08 20:53:47,Australia/Melbourne
2019-03-09 07:53:48+11:00,28428,-38.270674701780074,145.00838331878185,56.24585,8.399999999999977,2542,15.4224,15422.4,143.0,44.0,,12,2019-03-08 20:53:48,Australia/Melbourne
2019-03-09 07:53:53+11:00,28433,-38.270814092829816,145.00815264880657,56.27127,9.0,2545,19.306800000000006,19306.8,146.0,54.0,,12,2019-03-08 20:53:53,Australia/Melbourne
2019-03-09 07:53:54+11:00,28434,-38.2708444353193,145.008098250255,56.27711,8.800000000000011,2544,20.5884,20588.4,147.0,58.0,,12,2019-03-08 20:53:54,Australia/Melbourne
2019-03-09 07:54:01+11:00,28441,-38.271072087809436,145.00768225640059,56.32142,8.600000000000023,2543,23.7816,23781.6,150.0,70.0,,12,2019-03-08 20:54:01,Australia/Melbourne
2019-03-09 07:54:02+11:00,28442,-38.27110310085118,145.00761964358392,56.327890000000004,8.600000000000023,2543,23.576400000000003,23576.4,150.0,69.0,,12,2019-03-08 20:54:02,Australia/Melbourne
2019-03-09 07:54:07+11:00,28447,-38.271252885460854,145.00733541324738,56.35781,9.600000000000025,2548,19.3788,19378.8,150.0,73.0,,12,2019-03-08 20:54:07,Australia/Melbourne
2019-03-09 07:54:09+11:00,28449,-38.27129689045249,145.0072388537228,56.36756999999999,10.600000000000025,2553,17.2728,17272.8,150.0,66.0,,12,2019-03-08 20:54:09,Australia/Melbourne
2019-03-09 07:54:10+11:00,28450,-38.2713191024959,145.0071961060166,56.37205,10.800000000000011,2554,16.1208,16120.8,150.0,61.0,,12,2019-03-08 20:54:10,Australia/Melbourne
2019-03-09 07:54:13+11:00,28453,-38.27138104476034,145.00708839856085,56.38372,12.200000000000045,2561,13.4388,13438.8,150.0,54.0,,12,2019-03-08 20:54:13,Australia/Melbourne
2019-03-09 07:54:15+11:00,28455,-38.27140912413597,145.0070255342871,56.39004,13.0,2565,10.6452,10645.2,149.0,47.0,,12,2019-03-08 20:54:15,Australia/Melbourne
2019-03-09 07:54:16+11:00,28456,-38.27142806723714,145.00699351541695,56.39354,13.200000000000045,2566,11.7792,11779.2,149.0,44.0,,12,2019-03-08 20:54:16,Australia/Melbourne
2019-03-09 07:54:19+11:00,28459,-38.2714834716171,145.0068952795118,56.404140000000005,14.399999999999974,2572,12.4884,12488.4,149.0,49.0,,12,2019-03-08 20:54:19,Australia/Melbourne
2019-03-09 07:54:21+11:00,28461,-38.27152110636234,145.00683023594317,56.4112,15.0,2575,12.834000000000001,12834.0,149.0,49.0,,12,2019-03-08 20:54:21,Australia/Melbourne
2019-03-09 07:54:23+11:00,28463,-38.27155756764114,145.0067612528801,56.41846999999999,15.399999999999974,2577,12.8592,12859.2,150.0,49.0,,12,2019-03-08 20:54:23,Australia/Melbourne
2019-03-09 07:54:27+11:00,28467,-38.271617833524935,145.00660886988044,56.43346,16.600000000000026,2583,13.9356,13935.6,152.0,52.0,,12,2019-03-08 20:54:27,Australia/Melbourne
2019-03-09 07:54:29+11:00,28469,-38.27163795009256,145.00651633366942,56.441869999999994,17.200000000000045,2586,14.709600000000002,14709.6,153.0,52.0,,12,2019-03-08 20:54:29,Australia/Melbourne
2019-03-09 07:54:34+11:00,28474,-38.271655384451144,145.00626294873655,56.46425,17.79999999999995,2589,16.1388,16138.8,155.0,57.0,,12,2019-03-08 20:54:34,Australia/Melbourne
2019-03-09 07:54:35+11:00,28475,-38.27165119349957,145.00620754435658,56.46912,17.79999999999995,2589,17.2044,17204.4,155.0,60.0,,12,2019-03-08 20:54:35,Australia/Melbourne
2019-03-09 07:54:39+11:00,28479,-38.27160308137536,145.0059518124908,56.49219,17.79999999999995,2589,23.0796,23079.6,155.0,81.0,,12,2019-03-08 20:54:39,Australia/Melbourne
2019-03-09 07:54:40+11:00,28480,-38.27157835476101,145.00587897375226,56.499140000000004,17.399999999999974,2587,24.5052,24505.2,155.0,84.0,,12,2019-03-08 20:54:40,Australia/Melbourne
2019-03-09 07:54:42+11:00,28482,-38.27151549048722,145.0057260878384,56.51423000000001,16.200000000000045,2581,27.7632,27763.2,155.0,75.0,,13,2019-03-08 20:54:42,Australia/Melbourne
2019-03-09 07:54:45+11:00,28485,-38.27142203226685,145.00546356663108,56.53944,15.0,2575,31.4064,31406.4,155.0,93.0,,13,2019-03-08 20:54:45,Australia/Melbourne
2019-03-09 07:54:49+11:00,28489,-38.2713021710515,145.00507431104782,56.57605,13.799999999999955,2569,33.955200000000005,33955.200000000004,152.0,0.0,,13,2019-03-08 20:54:49,Australia/Melbourne
2019-03-09 07:54:51+11:00,28491,-38.2712712418288,145.0048695411533,56.5943,13.200000000000045,2566,32.5656,32565.6,150.0,0.0,,13,2019-03-08 20:54:51,Australia/Melbourne
2019-03-09 07:54:54+11:00,28494,-38.271238300949335,145.00457047484815,56.62072,13.200000000000045,2566,30.931200000000004,30931.2,147.0,94.0,,13,2019-03-08 20:54:54,Australia/Melbourne
2019-03-09 07:54:57+11:00,28497,-38.27121617272496,145.00428733415905,56.645630000000004,15.0,2575,28.9512,28951.2,146.0,84.0,,13,2019-03-08 20:54:57,Australia/Melbourne
2019-03-09 07:54:58+11:00,28498,-38.27120971865953,145.00419748015705,56.65351999999999,15.0,2575,28.2708,28270.8,145.0,85.0,,13,2019-03-08 20:54:58,Australia/Melbourne
2019-03-09 07:55:03+11:00,28503,-38.27117744833232,145.00378291122615,56.689969999999995,15.200000000000045,2576,25.2864,25286.4,141.0,85.0,,13,2019-03-08 20:55:03,Australia/Melbourne
2019-03-09 07:55:06+11:00,28506,-38.271161857992404,145.00355014577508,56.710409999999996,16.0,2580,23.904,23904.0,139.0,79.0,,13,2019-03-08 20:55:06,Australia/Melbourne
2019-03-09 07:55:07+11:00,28507,-38.27115624211729,145.00347496010363,56.71702,16.0,2580,23.6556,23655.6,138.0,78.0,,13,2019-03-08 20:55:07,Australia/Melbourne
2019-03-09 07:55:14+11:00,28514,-38.27111575752497,145.0029861275107,56.76005,17.0,2585,21.106800000000003,21106.8,137.0,72.0,,13,2019-03-08 20:55:14,Australia/Melbourne
2019-03-09 07:55:16+11:00,28516,-38.27110745944083,145.00285620801148,56.77146,17.0,2585,20.6208,20620.8,137.0,68.0,,13,2019-03-08 20:55:16,Australia/Melbourne
2019-03-09 07:55:21+11:00,28521,-38.271103436127305,145.00251581892368,56.80130000000001,17.79999999999995,2589,21.985200000000006,21985.2,137.0,82.0,,13,2019-03-08 20:55:21,Australia/Melbourne
2019-03-09 07:55:23+11:00,28523,-38.27112346887589,145.00237173400816,56.814119999999996,17.79999999999995,2589,22.5576,22557.6,137.0,80.0,,13,2019-03-08 20:55:23,Australia/Melbourne
2019-03-09 07:55:25+11:00,28525,-38.27116831205785,145.00223192386332,56.82734,18.20000000000005,2591,23.3748,23374.8,138.0,75.0,,13,2019-03-08 20:55:25,Australia/Melbourne
2019-03-09 07:55:26+11:00,28526,-38.271200414747,145.00216939486563,56.83387000000001,18.399999999999977,2592,23.4216,23421.6,138.0,77.0,,13,2019-03-08 20:55:26,Australia/Melbourne
2019-03-09 07:55:30+11:00,28530,-38.27137392014265,145.00196211040017,56.86045,18.600000000000023,2593,23.4972,23497.2,140.0,76.0,,13,2019-03-08 20:55:30,Australia/Melbourne
2019-03-09 07:55:32+11:00,28532,-38.27147760428488,145.0018944684416,56.8734,19.20000000000005,2596,23.040000000000006,23040.0,141.0,75.0,,13,2019-03-08 20:55:32,Australia/Melbourne
2019-03-09 07:55:34+11:00,28534,-38.27158967033029,145.00185482203958,56.88632,19.399999999999977,2597,23.1732,23173.2,142.0,74.0,,13,2019-03-08 20:55:34,Australia/Melbourne
2019-03-09 07:55:36+11:00,28536,-38.27170374803246,145.001837387681,56.89908000000001,19.79999999999995,2599,22.788,22788.0,142.0,73.0,,13,2019-03-08 20:55:36,Australia/Melbourne
2019-03-09 07:55:40+11:00,28540,-38.271927628666155,145.00179899856448,56.92416,20.20000000000005,2601,21.8592,21859.2,142.0,73.0,,13,2019-03-08 20:55:40,Australia/Melbourne
2019-03-09 07:55:41+11:00,28541,-38.27198303304613,145.00178952701393,56.930369999999996,20.600000000000023,2603,22.031999999999996,22032.0,142.0,71.0,,13,2019-03-08 20:55:41,Australia/Melbourne
2019-03-09 07:55:48+11:00,28548,-38.272376144304864,145.00172657892108,56.974340000000005,21.79999999999995,2609,23.094,23094.0,142.0,74.0,,13,2019-03-08 20:55:48,Australia/Melbourne
2019-03-09 07:55:50+11:00,28550,-38.272495921701186,145.00171191059053,56.9877,21.79999999999995,2609,23.6376,23637.6,142.0,75.0,,13,2019-03-08 20:55:50,Australia/Melbourne
2019-03-09 07:55:58+11:00,28558,-38.27295265160501,145.0016428437084,57.03876999999999,22.399999999999977,2612,22.9392,22939.2,139.0,73.0,,13,2019-03-08 20:55:58,Australia/Melbourne
2019-03-09 07:56:05+11:00,28565,-38.273412482813,145.0015960726887,57.08999,21.20000000000005,2606,29.736,29736.0,137.0,86.0,,13,2019-03-08 20:56:05,Australia/Melbourne
2019-03-09 07:56:07+11:00,28567,-38.27357148751617,145.00158425420526,57.10767,20.399999999999977,2602,31.9356,31935.6,136.0,71.0,,13,2019-03-08 20:56:07,Australia/Melbourne
2019-03-09 07:56:09+11:00,28569,-38.27373962849378,145.00156950205562,57.126369999999994,18.399999999999977,2592,33.768,33768.0,136.0,71.0,,13,2019-03-08 20:56:09,Australia/Melbourne
2019-03-09 07:56:10+11:00,28570,-38.27382629737258,145.00155860558152,57.13605,17.399999999999974,2587,34.4628,34462.8,135.0,0.0,,13,2019-03-08 20:56:10,Australia/Melbourne
2019-03-09 07:56:11+11:00,28571,-38.27391522936522,145.00154653564095,57.14597,16.399999999999974,2582,35.1396,35139.6,134.0,0.0,,13,2019-03-08 20:56:11,Australia/Melbourne
2019-03-09 07:56:13+11:00,28573,-38.27409820631146,145.00152767635882,57.16635,15.200000000000045,2576,36.4104,36410.4,132.0,0.0,,13,2019-03-08 20:56:13,Australia/Melbourne
2019-03-09 07:56:14+11:00,28574,-38.274190910160534,145.00152449123559,57.17664,14.200000000000045,2571,36.72,36720.0,131.0,0.0,,13,2019-03-08 20:56:14,Australia/Melbourne
2019-03-09 07:56:16+11:00,28576,-38.27438335865736,145.00151300802827,57.19803,13.0,2565,38.3544,38354.4,127.0,0.0,,13,2019-03-08 20:56:16,Australia/Melbourne
2019-03-09 07:56:17+11:00,28577,-38.27448159456253,145.00150571577248,57.20895,13.200000000000045,2566,39.0096,39009.6,126.0,0.0,,13,2019-03-08 20:56:17,Australia/Melbourne
2019-03-09 07:56:18+11:00,28578,-38.27457882463932,145.0015114154667,57.21975,11.800000000000011,2559,39.1356,39135.6,125.0,0.0,,13,2019-03-08 20:56:18,Australia/Melbourne
2019-03-09 07:56:19+11:00,28579,-38.27467563562095,145.00152893364432,57.2306,10.800000000000011,2554,38.9988,38998.8,125.0,0.0,,13,2019-03-08 20:56:19,Australia/Melbourne
2019-03-09 07:56:20+11:00,28580,-38.2747716922313,145.00155332498252,57.24148,10.600000000000025,2553,38.9988,38998.8,125.0,0.0,,13,2019-03-08 20:56:20,Australia/Melbourne
2019-03-09 07:56:21+11:00,28581,-38.27486716210842,145.0015838351101,57.25241000000001,10.199999999999989,2551,39.2436,39243.6,124.0,0.0,,13,2019-03-08 20:56:21,Australia/Melbourne
2019-03-09 07:56:24+11:00,28584,-38.275152733549476,145.00168324448168,57.28528000000001,9.199999999999989,2546,38.9952,38995.2,125.0,0.0,,13,2019-03-08 20:56:24,Australia/Melbourne
2019-03-09 07:56:26+11:00,28586,-38.2753414940089,145.00174074433744,57.30684,8.399999999999977,2542,38.4768,38476.8,121.0,0.0,,13,2019-03-08 20:56:26,Australia/Melbourne
2019-03-09 07:56:27+11:00,28587,-38.27543654479087,145.0017544068396,57.31746,8.399999999999977,2542,38.0844,38084.4,121.0,0.0,,13,2019-03-08 20:56:27,Australia/Melbourne
2019-03-09 07:56:30+11:00,28590,-38.27569873072207,145.00168508850035,57.34746,8.399999999999977,2542,34.6608,34660.8,124.0,56.0,,13,2019-03-08 20:56:30,Australia/Melbourne
2019-03-09 07:56:33+11:00,28593,-38.27590618282557,145.00150957144797,57.375130000000006,9.199999999999989,2546,31.669200000000004,31669.2,126.0,82.0,,13,2019-03-08 20:56:33,Australia/Melbourne
2019-03-09 07:56:34+11:00,28594,-38.275961084291346,145.00144025310874,57.38374,9.600000000000025,2548,30.7836,30783.6,124.0,81.0,,13,2019-03-08 20:56:34,Australia/Melbourne
2019-03-09 07:56:36+11:00,28596,-38.2760547939688,145.00129834748802,57.39994,10.199999999999989,2551,28.601999999999997,28602.0,122.0,76.0,,13,2019-03-08 20:56:36,Australia/Melbourne
2019-03-09 07:56:37+11:00,28597,-38.276102906093,145.00123665668067,57.40752,10.600000000000025,2553,27.6552,27655.2,122.0,75.0,,13,2019-03-08 20:56:37,Australia/Melbourne
2019-03-09 07:56:39+11:00,28599,-38.276196951046586,145.0011181365699,57.42224,11.399999999999974,2557,26.4456,26445.6,123.0,71.0,,13,2019-03-08 20:56:39,Australia/Melbourne
2019-03-09 07:56:42+11:00,28602,-38.27632628381252,145.00095074996352,57.44277,12.399999999999974,2562,23.6952,23695.2,124.0,64.0,,13,2019-03-08 20:56:42,Australia/Melbourne
2019-03-09 07:56:43+11:00,28603,-38.27637498266996,145.00090800225738,57.44934,12.799999999999955,2564,23.4,23400.0,124.0,64.0,,13,2019-03-08 20:56:43,Australia/Melbourne
2019-03-09 07:56:45+11:00,28605,-38.27647808007896,145.0008349120617,57.46246,13.200000000000045,2566,22.932,22932.0,128.0,60.0,,13,2019-03-08 20:56:45,Australia/Melbourne
2019-03-09 07:56:47+11:00,28607,-38.27658696100116,145.00078160315755,57.47541999999999,13.600000000000026,2568,23.385600000000004,23385.6,130.0,62.0,,13,2019-03-08 20:56:47,Australia/Melbourne
2019-03-09 07:56:49+11:00,28609,-38.276696847751744,145.0007337424904,57.48831,13.799999999999955,2569,23.9616,23961.6,132.0,76.0,,13,2019-03-08 20:56:49,Australia/Melbourne
2019-03-09 07:56:52+11:00,28612,-38.27686758711935,145.0006774161011,57.50789,14.399999999999974,2572,23.4432,23443.2,135.0,76.0,,13,2019-03-08 20:56:52,Australia/Melbourne
2019-03-09 07:56:53+11:00,28613,-38.2769232429564,145.00066408887506,57.51416999999999,14.799999999999955,2574,23.2704,23270.4,135.0,76.0,,13,2019-03-08 20:56:53,Australia/Melbourne
2019-03-09 07:56:56+11:00,28616,-38.277088534086936,145.0006377696991,57.53266000000001,15.399999999999974,2577,22.3092,22309.2,138.0,72.0,,13,2019-03-08 20:56:56,Australia/Melbourne
2019-03-09 07:56:57+11:00,28617,-38.27714108861983,145.00062502920628,57.5386,15.799999999999955,2579,21.636,21636.0,139.0,70.0,,13,2019-03-08 20:56:57,Australia/Melbourne
2019-03-09 07:56:59+11:00,28619,-38.27724787406624,145.00060332007706,57.550619999999995,16.799999999999955,2584,21.816,21816.0,140.0,70.0,,13,2019-03-08 20:56:59,Australia/Melbourne
2019-03-09 07:57:01+11:00,28621,-38.27735474333167,145.0005831196904,57.562630000000006,17.0,2585,21.5676,21567.6,142.0,69.0,,13,2019-03-08 20:57:01,Australia/Melbourne
2019-03-09 07:57:02+11:00,28622,-38.27740696258843,145.00056685879827,57.5686,17.200000000000045,2586,21.5316,21531.6,142.0,69.0,,13,2019-03-08 20:57:02,Australia/Melbourne
2019-03-09 07:57:04+11:00,28624,-38.27751089818776,145.0005254521966,57.5807,17.79999999999995,2589,21.5712,21571.2,143.0,68.0,,13,2019-03-08 20:57:04,Australia/Melbourne
2019-03-09 07:57:06+11:00,28626,-38.27760930173099,145.0004752445966,57.59247,18.20000000000005,2591,21.366,21366.0,143.0,69.0,,13,2019-03-08 20:57:06,Australia/Melbourne
2019-03-09 07:57:07+11:00,28627,-38.2776566594839,145.0004421360791,57.59848,18.399999999999977,2592,21.5424,21542.4,144.0,68.0,,13,2019-03-08 20:57:07,Australia/Melbourne
2019-03-09 07:57:08+11:00,28628,-38.27770435251296,145.0004112068564,57.60442,18.399999999999977,2592,21.326400000000003,21326.4,145.0,69.0,,13,2019-03-08 20:57:08,Australia/Melbourne
2019-03-09 07:57:10+11:00,28630,-38.27779320068658,145.00034222379327,57.615990000000004,19.0,2595,20.61,20610.0,145.0,66.0,,13,2019-03-08 20:57:10,Australia/Melbourne
2019-03-09 07:57:12+11:00,28632,-38.27787903137504,145.00027843751013,57.627030000000005,19.20000000000005,2596,19.746,19746.0,146.0,67.0,,13,2019-03-08 20:57:12,Australia/Melbourne
2019-03-09 07:57:14+11:00,28634,-38.27796234749258,145.00020484440032,57.63831,19.600000000000023,2598,20.4228,20422.8,146.0,67.0,,13,2019-03-08 20:57:14,Australia/Melbourne
2019-03-09 07:57:17+11:00,28637,-38.278086986392736,145.00008716247973,57.65556,20.20000000000005,2601,20.4084,20408.4,147.0,67.0,,13,2019-03-08 20:57:17,Australia/Melbourne
2019-03-09 07:57:21+11:00,28641,-38.2782464940101,144.99992120079696,57.67848000000001,20.79999999999995,2604,21.456,21456.0,147.0,70.0,,13,2019-03-08 20:57:21,Australia/Melbourne
2019-03-09 07:57:27+11:00,28647,-38.27850189059973,144.99965717084706,57.71505000000001,21.399999999999977,2607,22.1256,22125.6,146.0,73.0,,13,2019-03-08 20:57:27,Australia/Melbourne
2019-03-09 07:57:30+11:00,28650,-38.278631223365664,144.9995188694447,57.73383000000001,21.399999999999977,2607,22.6224,22622.4,146.0,73.0,,13,2019-03-08 20:57:30,Australia/Melbourne
2019-03-09 07:57:37+11:00,28657,-38.27895132824778,144.99920018948617,57.778999999999996,21.600000000000023,2608,23.7456,23745.6,146.0,74.0,,13,2019-03-08 20:57:37,Australia/Melbourne
2019-03-09 07:57:43+11:00,28663,-38.279245533049114,144.9988956749439,57.821130000000004,21.0,2605,26.1612,26161.2,143.0,69.0,,13,2019-03-08 20:57:43,Australia/Melbourne
2019-03-09 07:57:45+11:00,28665,-38.27935248613358,144.99878184869885,57.836619999999996,20.399999999999977,2602,27.6012,27601.2,142.0,72.0,,13,2019-03-08 20:57:45,Australia/Melbourne
2019-03-09 07:57:46+11:00,28666,-38.27940939925611,144.9987225048244,57.84479,20.0,2600,28.7892,28789.2,141.0,77.0,,13,2019-03-08 20:57:46,Australia/Melbourne
2019-03-09 07:57:49+11:00,28669,-38.279595477506525,144.9985097721219,57.8726,18.600000000000023,2593,33.7464,33746.4,140.0,78.0,,13,2019-03-08 20:57:49,Australia/Melbourne
2019-03-09 07:57:50+11:00,28670,-38.279662784188986,144.99843215569854,57.88269,18.0,2590,35.5752,35575.200000000004,139.0,81.0,,13,2019-03-08 20:57:50,Australia/Melbourne
2019-03-09 07:57:51+11:00,28671,-38.27973210252821,144.99834976159036,57.893240000000006,17.399999999999974,2587,36.8208,36820.8,138.0,82.0,,13,2019-03-08 20:57:51,Australia/Melbourne
2019-03-09 07:57:53+11:00,28673,-38.279863195493824,144.99816435389218,57.91503,16.200000000000045,2581,39.1788,39178.8,138.0,90.0,,13,2019-03-08 20:57:53,Australia/Melbourne
2019-03-09 07:57:55+11:00,28675,-38.279995964840055,144.99795916490254,57.93826,14.799999999999955,2574,41.5296,41529.6,136.0,67.0,,13,2019-03-08 20:57:55,Australia/Melbourne
2019-03-09 07:57:56+11:00,28676,-38.280064947903156,144.99785430729392,57.95021,14.0,2570,42.246,42246.0,133.0,39.0,,13,2019-03-08 20:57:56,Australia/Melbourne
2019-03-09 07:57:57+11:00,28677,-38.280133176594966,144.99774760566652,57.96223000000001,13.399999999999974,2567,42.6816,42681.6,132.0,74.0,,13,2019-03-08 20:57:57,Australia/Melbourne
2019-03-09 07:57:59+11:00,28679,-38.28027256764472,144.99751877970994,57.98754,11.800000000000011,2559,44.9676,44967.6,130.0,74.0,,13,2019-03-08 20:57:59,Australia/Melbourne
2019-03-09 07:58:01+11:00,28681,-38.28041003085673,144.99727587215602,58.0137,10.199999999999989,2551,46.9152,46915.2,127.0,0.0,,13,2019-03-08 20:58:01,Australia/Melbourne
2019-03-09 07:58:03+11:00,28683,-38.280562162399285,144.99703715555367,58.04056,8.399999999999977,2542,48.0924,48092.4,126.0,0.0,,13,2019-03-08 20:58:03,Australia/Melbourne
2019-03-09 07:58:04+11:00,28684,-38.28064162284136,144.9969211500138,58.05401000000001,7.199999999999988,2536,48.5352,48535.2,126.0,0.0,,13,2019-03-08 20:58:04,Australia/Melbourne
2019-03-09 07:58:06+11:00,28686,-38.28081831336021,144.99670875258744,58.08104,5.800000000000012,2529,48.4848,48484.8,122.0,0.0,,13,2019-03-08 20:58:06,Australia/Melbourne
2019-03-09 07:58:08+11:00,28688,-38.281016545370214,144.99651538208127,58.10881,4.199999999999989,2521,49.4676,49467.6,120.0,0.0,,13,2019-03-08 20:58:08,Australia/Melbourne
2019-03-09 07:58:10+11:00,28690,-38.28121662139893,144.99634522944692,58.13555,2.6000000000000227,2513,47.3652,47365.2,118.0,0.0,,13,2019-03-08 20:58:10,Australia/Melbourne
2019-03-09 07:58:14+11:00,28694,-38.28157930634916,144.99605689197782,58.18305,3.6000000000000227,2518,39.90960000000001,39909.6,121.0,93.0,,13,2019-03-08 20:58:14,Australia/Melbourne
2019-03-09 07:58:15+11:00,28695,-38.281658515334136,144.99598933383822,58.19365,4.0,2520,38.4588,38458.8,123.0,88.0,,13,2019-03-08 20:58:15,Australia/Melbourne
2019-03-09 07:58:17+11:00,28697,-38.281802516430616,144.99585689976809,58.2134,5.0,2525,35.40600000000001,35406.0,125.0,84.0,,13,2019-03-08 20:58:17,Australia/Melbourne
2019-03-09 07:58:19+11:00,28699,-38.28192941844463,144.9957268126309,58.23152,6.399999999999977,2532,32.2416,32241.6,125.0,78.0,,13,2019-03-08 20:58:19,Australia/Melbourne
2019-03-09 07:58:20+11:00,28700,-38.28198976814747,144.99566478654742,58.240140000000004,6.800000000000012,2534,31.5252,31525.2,125.0,82.0,,13,2019-03-08 20:58:20,Australia/Melbourne
2019-03-09 07:58:23+11:00,28703,-38.28217266127467,144.9954969808459,58.26521,7.399999999999977,2537,29.4228,29422.8,125.0,79.0,,13,2019-03-08 20:58:23,Australia/Melbourne
2019-03-09 07:58:25+11:00,28705,-38.28229805454612,144.99540570192042,58.281259999999996,8.0,2540,28.5516,28551.6,127.0,77.0,,13,2019-03-08 20:58:25,Australia/Melbourne
2019-03-09 07:58:27+11:00,28707,-38.2824235316366,144.99533336609605,58.29656,8.199999999999989,2541,27.342,27342.0,130.0,74.0,,13,2019-03-08 20:58:27,Australia/Melbourne
2019-03-09 07:58:28+11:00,28708,-38.28248346224427,144.99530143104494,58.30378,8.600000000000023,2543,26.5572,26557.2,131.0,74.0,,13,2019-03-08 20:58:28,Australia/Melbourne
2019-03-09 07:58:31+11:00,28711,-38.282651770859964,144.99519129283726,58.32481,9.600000000000025,2548,24.966,24966.0,134.0,72.0,,13,2019-03-08 20:58:31,Australia/Melbourne
2019-03-09 07:58:37+11:00,28717,-38.282930720597506,144.99489507637918,58.3654,10.800000000000011,2554,23.561999999999998,23562.0,137.0,70.0,,13,2019-03-08 20:58:37,Australia/Melbourne
2019-03-09 07:58:44+11:00,28724,-38.28316843137146,144.99445779249072,58.41189,11.199999999999989,2556,24.055200000000006,24055.2,138.0,71.0,,13,2019-03-08 20:58:44,Australia/Melbourne
2019-03-09 07:58:51+11:00,28731,-38.28345903195441,144.99404339119792,58.46049,11.399999999999974,2557,25.5312,25531.2,139.0,74.0,,13,2019-03-08 20:58:51,Australia/Melbourne
2019-03-09 07:58:58+11:00,28738,-38.28383889980614,144.99369973316792,58.51243,11.600000000000026,2558,26.1288,26128.8,140.0,77.0,,13,2019-03-08 20:58:58,Australia/Melbourne
2019-03-09 07:59:00+11:00,28740,-38.28395482152701,144.99362823553386,58.52675,12.0,2560,25.3152,25315.2,140.0,74.0,,13,2019-03-08 20:59:00,Australia/Melbourne
2019-03-09 07:59:04+11:00,28744,-38.284180043265216,144.99352044425902,58.55348000000001,13.0,2565,23.5116,23511.6,142.0,70.0,,13,2019-03-08 20:59:04,Australia/Melbourne
2019-03-09 07:59:07+11:00,28747,-38.284336198121316,144.99344224110246,58.57212000000001,14.200000000000045,2571,21.761999999999997,21762.0,142.0,65.0,,13,2019-03-08 20:59:07,Australia/Melbourne
2019-03-09 07:59:11+11:00,28751,-38.284535938873894,144.99334752559662,58.5958,15.200000000000045,2576,20.4984,20498.4,143.0,67.0,,13,2019-03-08 20:59:11,Australia/Melbourne
2019-03-09 07:59:12+11:00,28752,-38.28458405099809,144.9933222960681,58.601569999999995,15.399999999999974,2577,20.6532,20653.2,143.0,67.0,,13,2019-03-08 20:59:12,Australia/Melbourne
2019-03-09 07:59:20+11:00,28760,-38.28498193994165,144.99312775209546,58.648959999999995,16.0,2580,22.3272,22327.2,144.0,70.0,,13,2019-03-08 20:59:20,Australia/Melbourne
2019-03-09 07:59:27+11:00,28767,-38.28536625020207,144.99287252314392,58.69721,15.600000000000026,2578,26.5032,26503.2,142.0,76.0,,13,2019-03-08 20:59:27,Australia/Melbourne
2019-03-09 07:59:30+11:00,28770,-38.28554218634964,144.99272307381034,58.72071999999999,13.799999999999955,2569,28.728,28728.0,141.0,74.0,,13,2019-03-08 20:59:30,Australia/Melbourne
2019-03-09 07:59:34+11:00,28774,-38.28578467480838,144.99250330030918,58.75381,13.799999999999955,2569,30.6252,30625.2,139.0,81.0,,13,2019-03-08 20:59:34,Australia/Melbourne
2019-03-09 07:59:39+11:00,28779,-38.286126907914884,144.9922350794077,58.798469999999995,12.600000000000026,2563,32.5404,32540.4,137.0,69.0,,13,2019-03-08 20:59:39,Australia/Melbourne
2019-03-09 07:59:41+11:00,28781,-38.28626898117364,144.9921264499426,58.81689,11.800000000000011,2559,32.85,32850.0,137.0,69.0,,13,2019-03-08 20:59:41,Australia/Melbourne
2019-03-09 07:59:42+11:00,28782,-38.28634047880769,144.99207498505712,58.82601,11.399999999999974,2557,32.6592,32659.2,137.0,0.0,,13,2019-03-08 20:59:42,Australia/Melbourne
2019-03-09 07:59:45+11:00,28785,-38.2865625154227,144.99192603863776,58.85389,10.199999999999989,2551,33.4764,33476.4,135.0,87.0,,13,2019-03-08 20:59:45,Australia/Melbourne
2019-03-09 07:59:48+11:00,28788,-38.286787318065755,144.99177700839937,58.88204,9.800000000000011,2549,32.922,32922.0,136.0,69.0,,13,2019-03-08 20:59:48,Australia/Melbourne
2019-03-09 07:59:52+11:00,28792,-38.28708370216191,144.99161029234529,58.91805,9.399999999999975,2547,32.2128,32212.8,132.0,0.0,,13,2019-03-08 20:59:52,Australia/Melbourne
2019-03-09 07:59:53+11:00,28793,-38.2871568761766,144.9915703944862,58.926880000000004,9.0,2545,32.065200000000004,32065.2,131.0,83.0,,13,2019-03-08 20:59:53,Australia/Melbourne
2019-03-09 07:59:56+11:00,28796,-38.28737346455455,144.99143150635064,58.95383,8.199999999999989,2541,32.6664,32666.4,130.0,86.0,,13,2019-03-08 20:59:56,Australia/Melbourne
2019-03-09 07:59:59+11:00,28799,-38.28757094219328,144.99123754911125,58.98158000000001,8.199999999999989,2541,32.1372,32137.2,129.0,83.0,,13,2019-03-08 20:59:59,Australia/Melbourne
2019-03-09 08:00:00+11:00,28800,-38.287623999640346,144.9911619443446,58.99041999999999,8.399999999999977,2542,31.392000000000003,31392.0,129.0,81.0,,13,2019-03-08 21:00:00,Australia/Melbourne
2019-03-09 08:00:05+11:00,28805,-38.28785156831145,144.99079364351928,59.031380000000006,9.199999999999989,2546,29.210400000000003,29210.4,128.0,76.0,,13,2019-03-08 21:00:05,Australia/Melbourne
2019-03-09 08:00:12+11:00,28812,-38.28818567097186,144.99025125056502,59.091609999999996,8.0,2540,33.2568,33256.8,127.0,86.0,,13,2019-03-08 21:00:12,Australia/Melbourne
2019-03-09 08:00:13+11:00,28813,-38.2882428355515,144.99016793444753,59.10128,7.600000000000023,2538,34.3728,34372.8,125.0,87.0,,13,2019-03-08 21:00:13,Australia/Melbourne
2019-03-09 08:00:15+11:00,28815,-38.28836009837686,144.98999308794737,59.12137000000001,6.800000000000012,2534,36.4752,36475.2,124.0,76.0,,13,2019-03-08 21:00:15,Australia/Melbourne
2019-03-09 08:00:18+11:00,28818,-38.28853997401893,144.98972302302718,59.1523,5.0,2525,37.53,37530.0,122.0,0.0,,13,2019-03-08 21:00:18,Australia/Melbourne
2019-03-09 08:00:19+11:00,28819,-38.288604766130454,144.9896371923387,59.1627,4.399999999999976,2522,37.49760000000001,37497.6,119.0,0.0,,13,2019-03-08 21:00:19,Australia/Melbourne
2019-03-09 08:00:20+11:00,28820,-38.28866913914681,144.98955178074542,59.17304,3.8000000000000114,2519,37.205999999999996,37206.0,115.0,0.0,,13,2019-03-08 21:00:20,Australia/Melbourne
2019-03-09 08:00:25+11:00,28825,-38.289034338667996,144.9891989864409,59.22411999999999,3.3999999999999773,2517,36.3852,36385.2,119.0,72.0,,13,2019-03-08 21:00:25,Australia/Melbourne
2019-03-09 08:00:26+11:00,28826,-38.28911765478552,144.9891488626599,59.23435,3.1999999999999886,2516,36.6012,36601.2,119.0,72.0,,13,2019-03-08 21:00:26,Australia/Melbourne
2019-03-09 08:00:28+11:00,28828,-38.28928705304861,144.98907074332237,59.254369999999994,2.800000000000012,2514,36.0108,36010.8,119.0,0.0,,13,2019-03-08 21:00:28,Australia/Melbourne
2019-03-09 08:00:29+11:00,28829,-38.289375649765134,144.98904366977513,59.26449,2.3999999999999773,2512,36.4104,36410.4,118.0,0.0,,13,2019-03-08 21:00:29,Australia/Melbourne
2019-03-09 08:00:31+11:00,28831,-38.289558459073305,144.98901383019987,59.28494,1.6000000000000227,2508,36.6552,36655.2,117.0,0.0,,13,2019-03-08 21:00:31,Australia/Melbourne
2019-03-09 08:00:34+11:00,28834,-38.289820393547416,144.98893043026328,59.31499,1.1999999999999886,2506,35.4924,35492.4,119.0,90.0,,13,2019-03-08 21:00:34,Australia/Melbourne
2019-03-09 08:00:36+11:00,28836,-38.289970345795155,144.9888276681304,59.3339,1.6000000000000227,2508,33.3396,33339.6,122.0,86.0,,13,2019-03-08 21:00:36,Australia/Melbourne
2019-03-09 08:00:37+11:00,28837,-38.29003337770701,144.98877067118886,59.342490000000005,1.8000000000000114,2509,31.5684,31568.4,124.0,82.0,,13,2019-03-08 21:00:37,Australia/Melbourne
2019-03-09 08:00:38+11:00,28838,-38.290090961381786,144.98871602118015,59.35048000000001,2.1999999999999886,2511,29.5416,29541.6,124.0,80.0,,13,2019-03-08 21:00:38,Australia/Melbourne
2019-03-09 08:00:40+11:00,28840,-38.290192550048225,144.9886101577431,59.365069999999996,2.800000000000012,2514,26.4276,26427.6,121.0,79.0,,13,2019-03-08 21:00:40,Australia/Melbourne
2019-03-09 08:00:42+11:00,28842,-38.290277877822525,144.9885283503681,59.37695,4.199999999999989,2521,21.636,21636.0,119.0,70.0,,13,2019-03-08 21:00:42,Australia/Melbourne
2019-03-09 08:00:43+11:00,28843,-38.2903169374913,144.9884923081845,59.3823,4.800000000000012,2524,20.016,20016.0,119.0,65.0,,13,2019-03-08 21:00:43,Australia/Melbourne
2019-03-09 08:00:44+11:00,28844,-38.290351219475276,144.9884524103254,59.38746999999999,5.399999999999976,2527,18.7308,18730.8,119.0,63.0,,13,2019-03-08 21:00:44,Australia/Melbourne
2019-03-09 08:00:46+11:00,28846,-38.29041592776776,144.98838594183326,59.39671,6.0,2530,16.614,16614.0,122.0,63.0,,13,2019-03-08 21:00:46,Australia/Melbourne
2019-03-09 08:00:47+11:00,28847,-38.29044761136174,144.9883539229631,59.40121,6.600000000000023,2533,16.3224,16322.4,122.0,65.0,,13,2019-03-08 21:00:47,Australia/Melbourne
2019-03-09 08:00:49+11:00,28849,-38.2905087992549,144.98829759657386,59.40961,7.199999999999988,2536,15.6672,15667.2,124.0,69.0,,13,2019-03-08 21:00:49,Australia/Melbourne
2019-03-09 08:00:52+11:00,28852,-38.29059421084821,144.9882091674954,59.42185,7.800000000000012,2539,15.0948,15094.8,125.0,66.0,,13,2019-03-08 21:00:52,Australia/Melbourne
2019-03-09 08:00:56+11:00,28856,-38.29070694744587,144.9880976881832,59.43775,8.800000000000011,2544,14.8032,14803.2,128.0,64.0,,13,2019-03-08 21:00:56,Australia/Melbourne
2019-03-09 08:00:59+11:00,28859,-38.29080451279879,144.988010013476,59.45101999999999,9.0,2545,17.0352,17035.2,131.0,64.0,,13,2019-03-08 21:00:59,Australia/Melbourne
2019-03-09 08:01:02+11:00,28862,-38.290919847786434,144.9878873862326,59.46773,9.0,2545,20.9844,20984.4,134.0,75.0,,13,2019-03-08 21:01:02,Australia/Melbourne
2019-03-09 08:01:04+11:00,28864,-38.29100509174168,144.98780239373448,59.47976,8.800000000000011,2544,21.6,21600.0,137.0,79.0,,13,2019-03-08 21:01:04,Australia/Melbourne
2019-03-09 08:01:08+11:00,28868,-38.291178345680244,144.9876225180924,59.50461,9.399999999999975,2547,21.7908,21790.8,140.0,80.0,,13,2019-03-08 21:01:08,Australia/Melbourne
2019-03-09 08:01:11+11:00,28871,-38.291314970701926,144.98749896883962,59.52323000000001,9.600000000000025,2548,21.7728,21772.8,142.0,80.0,,13,2019-03-08 21:01:11,Australia/Melbourne
2019-03-09 08:01:13+11:00,28873,-38.29140398651362,144.98742420226338,59.535090000000004,9.800000000000011,2549,21.2508,21250.8,143.0,79.0,,13,2019-03-08 21:01:13,Australia/Melbourne
2019-03-09 08:01:15+11:00,28875,-38.2914927508682,144.98736452311275,59.54629,10.399999999999975,2552,19.998,19998.0,144.0,74.0,,13,2019-03-08 21:01:15,Australia/Melbourne
2019-03-09 08:01:17+11:00,28877,-38.291586209088564,144.98731984756887,59.557390000000005,11.0,2555,20.1672,20167.2,143.0,73.0,,13,2019-03-08 21:01:17,Australia/Melbourne
2019-03-09 08:01:18+11:00,28878,-38.29163289628922,144.98729696497318,59.56294000000001,11.0,2555,19.8972,19897.2,144.0,74.0,,13,2019-03-08 21:01:18,Australia/Melbourne
2019-03-09 08:01:25+11:00,28885,-38.29196138307452,144.98720501549542,59.60035,12.0,2560,18.8028,18802.8,144.0,70.0,,13,2019-03-08 21:01:25,Australia/Melbourne
2019-03-09 08:01:30+11:00,28890,-38.29218576662242,144.98718531802297,59.62534,13.0,2565,17.9712,17971.2,144.0,66.0,,13,2019-03-08 21:01:30,Australia/Melbourne
2019-03-09 08:01:33+11:00,28893,-38.2923233974725,144.98719990253446,59.64066999999999,13.0,2565,18.054000000000002,18054.0,144.0,67.0,,13,2019-03-08 21:01:33,Australia/Melbourne
2019-03-09 08:01:40+11:00,28900,-38.29263704828918,144.98717173933986,59.67578,13.799999999999955,2569,19.5588,19558.8,145.0,71.0,,13,2019-03-08 21:01:40,Australia/Melbourne
2019-03-09 08:01:41+11:00,28901,-38.29268541187047,144.9871470965445,59.68155,13.799999999999955,2569,20.2644,20264.4,145.0,73.0,,13,2019-03-08 21:01:41,Australia/Melbourne
2019-03-09 08:01:44+11:00,28904,-38.29282832331955,144.98705841600898,59.69924,13.799999999999955,2569,21.6612,21661.2,145.0,77.0,,13,2019-03-08 21:01:44,Australia/Melbourne
2019-03-09 08:01:45+11:00,28905,-38.292868221178644,144.98702094890174,59.70475,14.0,2570,20.484,20484.0,144.0,74.0,,13,2019-03-08 21:01:45,Australia/Melbourne
2019-03-09 08:01:49+11:00,28909,-38.29299277625978,144.9868122395128,59.72772,14.600000000000026,2573,20.6964,20696.4,144.0,74.0,,13,2019-03-08 21:01:49,Australia/Melbourne
2019-03-09 08:01:50+11:00,28910,-38.29301733523607,144.98675842769444,59.73316000000001,14.600000000000026,2573,19.8936,19893.6,144.0,52.0,,13,2019-03-08 21:01:50,Australia/Melbourne
2019-03-09 08:01:55+11:00,28915,-38.29315672628581,144.98643312603238,59.76558000000001,13.799999999999955,2569,26.2872,26287.2,141.0,81.0,,13,2019-03-08 21:01:55,Australia/Melbourne
2019-03-09 08:01:57+11:00,28917,-38.29324834048747,144.98628308996558,59.78219,12.799999999999955,2564,29.898000000000003,29898.0,140.0,83.0,,13,2019-03-08 21:01:57,Australia/Melbourne
2019-03-09 08:01:59+11:00,28919,-38.29336183145642,144.98614378273487,59.79973,12.0,2560,31.438800000000004,31438.8,139.0,91.0,,13,2019-03-08 21:01:59,Australia/Melbourne
2019-03-09 08:02:03+11:00,28923,-38.293638098984964,144.98590372502804,59.836909999999996,11.600000000000026,2558,34.1316,34131.6,138.0,88.0,,13,2019-03-08 21:02:03,Australia/Melbourne
2019-03-09 08:02:04+11:00,28924,-38.293711189180605,144.9858459737152,59.84647,11.199999999999989,2556,34.5852,34585.200000000004,138.0,90.0,,13,2019-03-08 21:02:04,Australia/Melbourne
2019-03-09 08:02:07+11:00,28927,-38.29393733292818,144.98567112721503,59.875859999999996,10.600000000000025,2553,35.40600000000001,35406.0,136.0,92.0,,13,2019-03-08 21:02:07,Australia/Melbourne
2019-03-09 08:02:11+11:00,28931,-38.29424670897424,144.98544431291518,59.91555,9.600000000000025,2548,35.748000000000005,35748.0,133.0,0.0,,13,2019-03-08 21:02:11,Australia/Melbourne
2019-03-09 08:02:12+11:00,28932,-38.29432516358793,144.98539871536198,59.92511999999999,9.399999999999975,2547,35.2944,35294.4,132.0,0.0,,13,2019-03-08 21:02:12,Australia/Melbourne
2019-03-09 08:02:13+11:00,28933,-38.29440697096288,144.98536191880703,59.93475,9.0,2545,35.19719999999999,35197.200000000004,129.0,0.0,,13,2019-03-08 21:02:13,Australia/Melbourne
2019-03-09 08:02:15+11:00,28935,-38.29458835534752,144.9853269662708,59.955119999999994,8.199999999999989,2541,36.7524,36752.4,125.0,0.0,,13,2019-03-08 21:02:15,Australia/Melbourne
2019-03-09 08:02:16+11:00,28936,-38.29468541778624,144.98532470315698,59.96589,7.399999999999977,2537,38.09520000000001,38095.2,124.0,0.0,,13,2019-03-08 21:02:16,Australia/Melbourne
2019-03-09 08:02:17+11:00,28937,-38.29478424042463,144.98533023521304,59.976859999999995,6.600000000000023,2533,39.024,39024.0,124.0,0.0,,13,2019-03-08 21:02:17,Australia/Melbourne
2019-03-09 08:02:20+11:00,28940,-38.29506981186569,144.98525446280837,60.00954,5.399999999999976,2527,39.0276,39027.6,124.0,0.0,,13,2019-03-08 21:02:20,Australia/Melbourne
2019-03-09 08:02:22+11:00,28942,-38.295225379988544,144.98514767736197,60.02919,5.399999999999976,2527,35.053200000000004,35053.200000000004,120.0,89.0,,13,2019-03-08 21:02:22,Australia/Melbourne
2019-03-09 08:02:23+11:00,28943,-38.29529662616551,144.98509353026748,60.038410000000006,5.600000000000024,2528,33.4116,33411.6,120.0,86.0,,13,2019-03-08 21:02:23,Australia/Melbourne
2019-03-09 08:02:25+11:00,28945,-38.2954144757241,144.98498448170722,60.05461,5.399999999999976,2527,29.178,29178.0,124.0,75.0,,13,2019-03-08 21:02:25,Australia/Melbourne
2019-03-09 08:02:27+11:00,28947,-38.2955196686089,144.98487409204245,60.06975,5.600000000000024,2528,26.9856,26985.6,125.0,77.0,,13,2019-03-08 21:02:27,Australia/Melbourne
2019-03-09 08:02:33+11:00,28953,-38.29580406658352,144.98456907458603,60.11111999999999,6.600000000000023,2533,23.835600000000003,23835.6,127.0,87.0,,13,2019-03-08 21:02:33,Australia/Melbourne
2019-03-09 08:02:34+11:00,28954,-38.29584689810872,144.98451836407185,60.117619999999995,6.800000000000012,2534,23.4864,23486.4,127.0,90.0,,13,2019-03-08 21:02:34,Australia/Melbourne
2019-03-09 08:02:40+11:00,28960,-38.2960892189294,144.9841769691557,60.15783999999999,7.0,2535,24.2784,24278.4,130.0,80.0,,13,2019-03-08 21:02:40,Australia/Melbourne
2019-03-09 08:02:41+11:00,28961,-38.296132553368814,144.98412298969924,60.16458000000001,7.199999999999988,2536,24.2604,24260.4,131.0,80.0,,13,2019-03-08 21:02:41,Australia/Melbourne
2019-03-09 08:02:43+11:00,28963,-38.29621377401054,144.9840100016445,60.17796,7.600000000000023,2538,23.9688,23968.8,132.0,77.0,,13,2019-03-08 21:02:43,Australia/Melbourne
2019-03-09 08:02:48+11:00,28968,-38.29642809927464,144.9837631545961,60.21015,8.0,2540,23.3208,23320.8,135.0,77.0,,13,2019-03-08 21:02:48,Australia/Melbourne
2019-03-09 08:02:52+11:00,28972,-38.29662322998047,144.9836217518896,60.23519,8.800000000000011,2544,21.3768,21376.8,136.0,69.0,,13,2019-03-08 21:02:52,Australia/Melbourne
2019-03-09 08:02:54+11:00,28974,-38.29671769402921,144.98358042910695,60.24630000000001,9.399999999999975,2547,19.727999999999998,19728.0,136.0,67.0,,13,2019-03-08 21:02:54,Australia/Melbourne
2019-03-09 08:02:56+11:00,28976,-38.29681660048664,144.98355955816803,60.25747,9.600000000000025,2548,19.692,19692.0,137.0,71.0,,13,2019-03-08 21:02:56,Australia/Melbourne
2019-03-09 08:02:57+11:00,28977,-38.296865969896324,144.98355905525386,60.26295,10.0,2550,18.8712,18871.2,137.0,70.0,,13,2019-03-08 21:02:57,Australia/Melbourne
2019-03-09 08:02:59+11:00,28979,-38.296960350126035,144.9835662636906,60.27344,10.600000000000025,2553,19.2168,19216.8,138.0,71.0,,13,2019-03-08 21:02:59,Australia/Melbourne
2019-03-09 08:03:01+11:00,28981,-38.297055568546064,144.9835796747357,60.28406999999999,11.0,2555,19.306800000000006,19306.8,139.0,70.0,,13,2019-03-08 21:03:01,Australia/Melbourne
2019-03-09 08:03:06+11:00,28986,-38.29728045500815,144.98362024314704,60.30931999999999,12.600000000000026,2563,16.9272,16927.2,141.0,66.0,,13,2019-03-08 21:03:06,Australia/Melbourne
2019-03-09 08:03:07+11:00,28987,-38.29732026904821,144.98363491147757,60.31391000000001,12.799999999999955,2564,16.5276,16527.600000000002,141.0,63.0,,13,2019-03-08 21:03:07,Australia/Melbourne
2019-03-09 08:03:10+11:00,28990,-38.29742822796106,144.98369358479974,60.32696,13.799999999999955,2569,14.853600000000002,14853.6,142.0,58.0,,13,2019-03-08 21:03:10,Australia/Melbourne
2019-03-09 08:03:13+11:00,28993,-38.29752814024687,144.98376231640574,60.33959,14.600000000000026,2573,15.3,15300.0,142.0,56.0,,13,2019-03-08 21:03:13,Australia/Melbourne
2019-03-09 08:03:14+11:00,28994,-38.2975591532886,144.98379475437102,60.34405,14.799999999999955,2574,16.074,16074.0,142.0,56.0,,13,2019-03-08 21:03:14,Australia/Melbourne
2019-03-09 08:03:18+11:00,28998,-38.2976886536926,144.98390690423548,60.36146,15.799999999999955,2579,16.253999999999998,16254.0,145.0,60.0,,13,2019-03-08 21:03:18,Australia/Melbourne
2019-03-09 08:03:20+11:00,29000,-38.29774715937674,144.98396859504282,60.3699,16.399999999999974,2582,15.9984,15998.4,147.0,59.0,,13,2019-03-08 21:03:20,Australia/Melbourne
2019-03-09 08:03:23+11:00,29003,-38.297831062227495,144.9840732011944,60.38298,17.0,2585,15.1452,15145.2,149.0,42.0,,13,2019-03-08 21:03:23,Australia/Melbourne
2019-03-09 08:03:26+11:00,29006,-38.29790255986154,144.98418266884985,60.395430000000005,17.79999999999995,2589,14.7816,14781.6,152.0,56.0,,13,2019-03-08 21:03:26,Australia/Melbourne
2019-03-09 08:03:27+11:00,29007,-38.29792435280979,144.98421795666218,60.39935,18.0,2590,14.2632,14263.2,152.0,54.0,,13,2019-03-08 21:03:27,Australia/Melbourne
2019-03-09 08:03:31+11:00,29011,-38.29799635335803,144.9843632150441,60.41437000000001,19.0,2595,13.8636,13863.6,153.0,52.0,,13,2019-03-08 21:03:31,Australia/Melbourne
2019-03-09 08:03:33+11:00,29013,-38.298031138256185,144.9844461958855,60.4226,19.399999999999977,2597,14.5584,14558.4,153.0,54.0,,13,2019-03-08 21:03:33,Australia/Melbourne
2019-03-09 08:03:36+11:00,29016,-38.29808637499809,144.98457393608987,60.43535,20.20000000000005,2601,14.3892,14389.2,153.0,55.0,,13,2019-03-08 21:03:36,Australia/Melbourne
2019-03-09 08:03:41+11:00,29021,-38.298153597861536,144.98476521112025,60.45369,21.399999999999977,2607,13.427999999999999,13428.0,155.0,50.0,,13,2019-03-08 21:03:41,Australia/Melbourne
2019-03-09 08:03:45+11:00,29025,-38.298210008069866,144.98492295853794,60.46883999999999,22.399999999999977,2612,13.5684,13568.4,155.0,50.0,,13,2019-03-08 21:03:45,Australia/Melbourne
2019-03-09 08:03:49+11:00,29029,-38.29826666973531,144.98508120886981,60.4841,23.0,2615,13.5072,13507.2,154.0,50.0,,13,2019-03-08 21:03:49,Australia/Melbourne
2019-03-09 08:03:51+11:00,29031,-38.298292821273215,144.98516092076898,60.49165,23.399999999999977,2617,13.7556,13755.6,154.0,51.0,,13,2019-03-08 21:03:51,Australia/Melbourne
2019-03-09 08:03:57+11:00,29037,-38.29836624674499,144.98541019856933,60.51495,24.600000000000023,2623,14.1336,14133.6,154.0,52.0,,13,2019-03-08 21:03:57,Australia/Melbourne
2019-03-09 08:04:02+11:00,29042,-38.298432882875204,144.9856171477586,60.53451999999999,25.600000000000023,2628,13.8708,13870.8,155.0,54.0,,13,2019-03-08 21:04:02,Australia/Melbourne
2019-03-09 08:04:05+11:00,29045,-38.2984778098762,144.98573734425008,60.5462,26.20000000000005,2631,13.654800000000002,13654.8,156.0,52.0,,13,2019-03-08 21:04:05,Australia/Melbourne
2019-03-09 08:04:07+11:00,29047,-38.29850446432829,144.98581982217732,60.55399,26.600000000000023,2633,13.842,13842.0,156.0,53.0,,13,2019-03-08 21:04:07,Australia/Melbourne
2019-03-09 08:04:12+11:00,29052,-38.298558862879865,144.98603121377528,60.57346,27.79999999999995,2639,13.788,13788.0,156.0,53.0,,13,2019-03-08 21:04:12,Australia/Melbourne
2019-03-09 08:04:13+11:00,29053,-38.29857369884849,144.98607236891985,60.57742,28.20000000000005,2641,14.04,14040.0,155.0,53.0,,13,2019-03-08 21:04:13,Australia/Melbourne
2019-03-09 08:04:17+11:00,29057,-38.298630528151996,144.9862572737038,60.59478000000001,29.0,2645,15.7464,15746.4,155.0,59.0,,13,2019-03-08 21:04:17,Australia/Melbourne
2019-03-09 08:04:21+11:00,29061,-38.298687860369675,144.9864617921412,60.61377,29.79999999999995,2649,16.8984,16898.4,155.0,63.0,,13,2019-03-08 21:04:21,Australia/Melbourne
2019-03-09 08:04:22+11:00,29062,-38.298702277243144,144.98651107773185,60.61837000000001,30.0,2650,16.5132,16513.2,155.0,62.0,,13,2019-03-08 21:04:22,Australia/Melbourne
2019-03-09 08:04:26+11:00,29066,-38.298765560612075,144.98670713044703,60.63693000000001,30.600000000000023,2653,16.848,16848.0,155.0,61.0,,13,2019-03-08 21:04:26,Australia/Melbourne
2019-03-09 08:04:29+11:00,29069,-38.298816438764334,144.98686412349343,60.65178,30.79999999999995,2654,18.1044,18104.4,155.0,69.0,,13,2019-03-08 21:04:29,Australia/Melbourne
2019-03-09 08:04:31+11:00,29071,-38.29885189421475,144.98697694391012,60.66244,31.0,2655,17.9784,17978.4,155.0,74.0,,13,2019-03-08 21:04:31,Australia/Melbourne
2019-03-09 08:04:32+11:00,29072,-38.29886807128786,144.987034862861,60.66781,31.0,2655,18.9504,18950.4,155.0,74.0,,13,2019-03-08 21:04:32,Australia/Melbourne
2019-03-09 08:04:34+11:00,29074,-38.2989096455276,144.98715220950544,60.679080000000006,31.20000000000005,2656,20.2536,20253.6,155.0,67.0,,13,2019-03-08 21:04:34,Australia/Melbourne
2019-03-09 08:04:41+11:00,29081,-38.299091951921575,144.98761824332178,60.724619999999994,31.0,2655,23.8824,23882.4,152.0,80.0,,13,2019-03-08 21:04:41,Australia/Melbourne
2019-03-09 08:04:47+11:00,29087,-38.299258751794696,144.98805670067668,60.76721,30.0,2650,26.5068,26506.8,149.0,85.0,,13,2019-03-08 21:04:47,Australia/Melbourne
2019-03-09 08:04:49+11:00,29089,-38.29931650310755,144.98821553774178,60.782509999999995,30.20000000000005,2651,27.1908,27190.8,149.0,80.0,,13,2019-03-08 21:04:49,Australia/Melbourne
2019-03-09 08:04:52+11:00,29092,-38.299393197521574,144.9884732812643,60.80664,30.399999999999977,2652,28.3572,28357.2,146.0,83.0,,13,2019-03-08 21:04:52,Australia/Melbourne
2019-03-09 08:04:55+11:00,29095,-38.299449775367975,144.988734126091,60.8303,30.20000000000005,2651,27.0828,27082.8,144.0,79.0,,13,2019-03-08 21:04:55,Australia/Melbourne
2019-03-09 08:05:00+11:00,29100,-38.29946980811656,144.98912564478815,60.86467,31.0,2655,22.960800000000006,22960.8,144.0,71.0,,13,2019-03-08 21:05:00,Australia/Melbourne
2019-03-09 08:05:05+11:00,29105,-38.29948221333325,144.98948958702385,60.89656,32.0,2660,22.4532,22453.2,141.0,66.0,,13,2019-03-08 21:05:05,Australia/Melbourne
2019-03-09 08:05:06+11:00,29106,-38.29949637874961,144.9895597435534,60.90288,32.200000000000045,2661,22.3236,22323.6,141.0,64.0,,13,2019-03-08 21:05:06,Australia/Melbourne
2019-03-09 08:05:08+11:00,29108,-38.2995367795229,144.98969930224118,60.915890000000005,32.0,2660,23.1048,23104.8,139.0,67.0,,13,2019-03-08 21:05:08,Australia/Melbourne
2019-03-09 08:05:11+11:00,29111,-38.29961934126913,144.98992695473137,60.93781,30.79999999999995,2654,26.5968,26596.8,138.0,77.0,,13,2019-03-08 21:05:11,Australia/Melbourne
2019-03-09 08:05:13+11:00,29113,-38.29969025216997,144.99008889310062,60.95401999999999,30.600000000000023,2653,29.1636,29163.6,138.0,85.0,,13,2019-03-08 21:05:13,Australia/Melbourne
2019-03-09 08:05:16+11:00,29116,-38.29980734735727,144.9903406854719,60.9796,29.79999999999995,2649,31.3992,31399.2,137.0,93.0,,13,2019-03-08 21:05:16,Australia/Melbourne
2019-03-09 08:05:18+11:00,29118,-38.29988555051385,144.99053263105455,60.998490000000004,28.399999999999977,2642,33.8328,33832.8,135.0,96.0,,13,2019-03-08 21:05:18,Australia/Melbourne
2019-03-09 08:05:20+11:00,29120,-38.29996232874692,144.99073614366355,61.018240000000006,27.79999999999995,2639,34.6392,34639.200000000004,133.0,91.0,,13,2019-03-08 21:05:20,Australia/Melbourne
2019-03-09 08:05:22+11:00,29122,-38.30003198236228,144.990946194157,61.038169999999994,27.20000000000005,2636,35.84520000000001,35845.200000000004,132.0,70.0,,13,2019-03-08 21:05:22,Australia/Melbourne
2019-03-09 08:05:25+11:00,29125,-38.300172965973616,144.99125749804082,61.06972,25.79999999999995,2629,37.7028,37702.8,129.0,0.0,,13,2019-03-08 21:05:25,Australia/Melbourne
2019-03-09 08:05:26+11:00,29126,-38.30024840310215,144.99133595265448,61.08051,24.79999999999995,2624,38.2176,38217.6,125.0,0.0,,13,2019-03-08 21:05:26,Australia/Melbourne
2019-03-09 08:05:27+11:00,29127,-38.300339095294476,144.9913806281984,61.09124,23.79999999999995,2619,38.0628,38062.8,123.0,0.0,,13,2019-03-08 21:05:27,Australia/Melbourne
2019-03-09 08:05:28+11:00,29128,-38.30044344998896,144.9913952127099,61.102819999999994,23.20000000000005,2616,39.366,39366.0,121.0,0.0,,13,2019-03-08 21:05:28,Australia/Melbourne
2019-03-09 08:05:29+11:00,29129,-38.30055761151016,144.9913745932281,61.11554,22.600000000000023,2613,42.5124,42512.4,121.0,0.0,,13,2019-03-08 21:05:29,Australia/Melbourne
2019-03-09 08:05:30+11:00,29130,-38.30066942609847,144.99135757796464,61.12801999999999,21.20000000000005,2606,42.7392,42739.2,122.0,0.0,,13,2019-03-08 21:05:30,Australia/Melbourne
2019-03-09 08:05:31+11:00,29131,-38.30077738501132,144.99136017635462,61.14001,20.600000000000023,2603,42.8652,42865.2,123.0,0.0,,13,2019-03-08 21:05:31,Australia/Melbourne
2019-03-09 08:05:32+11:00,29132,-38.30088777467609,144.991366378963,61.15227,20.0,2600,43.5816,43581.6,124.0,0.0,,13,2019-03-08 21:05:32,Australia/Melbourne
2019-03-09 08:05:34+11:00,29134,-38.30111475661397,144.99140116386116,61.17765,18.600000000000023,2593,44.856,44856.0,127.0,0.0,,13,2019-03-08 21:05:34,Australia/Melbourne
2019-03-09 08:05:35+11:00,29135,-38.301231935620315,144.9914459232241,61.191219999999994,17.600000000000023,2588,47.0304,47030.4,126.0,0.0,,13,2019-03-08 21:05:35,Australia/Melbourne
2019-03-09 08:05:36+11:00,29136,-38.30134240910411,144.99150342307985,61.20446,16.200000000000045,2581,46.8576,46857.6,125.0,0.0,,13,2019-03-08 21:05:36,Australia/Melbourne
2019-03-09 08:05:37+11:00,29137,-38.30146042630077,144.99156955629587,61.21878,15.0,2575,49.8888,49888.8,123.0,0.0,,13,2019-03-08 21:05:37,Australia/Melbourne
2019-03-09 08:05:38+11:00,29138,-38.301572911441326,144.99164097011092,61.23274,14.0,2570,49.6692,49669.2,121.0,0.0,,13,2019-03-08 21:05:38,Australia/Melbourne
2019-03-09 08:05:40+11:00,29140,-38.301799222826965,144.9917995557189,61.26144,12.399999999999974,2562,50.94000000000001,50940.0,117.0,0.0,,13,2019-03-08 21:05:40,Australia/Melbourne
2019-03-09 08:05:43+11:00,29143,-38.302137851715095,144.99205344356596,61.3051,11.199999999999989,2556,51.73560000000001,51735.6,119.0,0.0,,13,2019-03-08 21:05:43,Australia/Melbourne
2019-03-09 08:05:45+11:00,29145,-38.302353266626604,144.99224027618766,61.33407,11.600000000000026,2558,50.8644,50864.4,115.0,0.0,,13,2019-03-08 21:05:45,Australia/Melbourne
2019-03-09 08:05:47+11:00,29147,-38.302557617425926,144.99242166057232,61.36175,10.0,2550,49.1616,49161.6,113.0,89.0,,13,2019-03-08 21:05:47,Australia/Melbourne
2019-03-09 08:05:50+11:00,29150,-38.30285333096981,144.99267345294356,61.40129,11.199999999999989,2556,46.926,46926.0,115.0,93.0,,13,2019-03-08 21:05:50,Australia/Melbourne
2019-03-09 08:05:52+11:00,29152,-38.30304468981922,144.99283405020833,61.42675,11.199999999999989,2556,45.738,45738.0,118.0,88.0,,13,2019-03-08 21:05:52,Australia/Melbourne
2019-03-09 08:05:53+11:00,29153,-38.30313756130636,144.99291451647878,61.439240000000005,11.0,2555,44.7048,44704.8,118.0,89.0,,13,2019-03-08 21:05:53,Australia/Melbourne
2019-03-09 08:05:55+11:00,29155,-38.30332238227129,144.99306497164068,61.46362000000001,8.800000000000011,2544,43.74,43740.0,116.0,69.0,,13,2019-03-08 21:05:55,Australia/Melbourne
2019-03-09 08:05:56+11:00,29156,-38.30341089516878,144.99314158223567,61.47551,7.399999999999977,2537,42.8112,42811.2,115.0,69.0,,13,2019-03-08 21:05:56,Australia/Melbourne
2019-03-09 08:05:58+11:00,29158,-38.30358691513538,144.99330301769078,61.49964,6.0,2530,43.1568,43156.8,112.0,0.0,,13,2019-03-08 21:05:58,Australia/Melbourne
2019-03-09 08:05:59+11:00,29159,-38.3036654535681,144.99340334907174,61.512,5.199999999999988,2526,43.8156,43815.6,112.0,0.0,,13,2019-03-08 21:05:59,Australia/Melbourne
2019-03-09 08:06:00+11:00,29160,-38.30373720265925,144.9935154989362,61.52462000000001,4.0,2520,44.6184,44618.4,115.0,0.0,,13,2019-03-08 21:06:00,Australia/Melbourne
2019-03-09 08:06:01+11:00,29161,-38.303798139095306,144.99363779090342,61.537259999999996,2.800000000000012,2514,45.6372,45637.2,116.0,0.0,,13,2019-03-08 21:06:01,Australia/Melbourne
2019-03-09 08:06:02+11:00,29162,-38.30385304056108,144.99376921914518,61.550259999999994,1.6000000000000227,2508,46.1052,46105.2,119.0,0.0,,13,2019-03-08 21:06:02,Australia/Melbourne
2019-03-09 08:06:03+11:00,29163,-38.30391154624522,144.99389695934948,61.56318,0.8000000000000114,2504,46.79640000000001,46796.4,121.0,0.0,,13,2019-03-08 21:06:03,Australia/Melbourne
2019-03-09 08:06:04+11:00,29164,-38.30396762117744,144.9940221011639,61.57577,0.19999999999998866,2501,46.1124,46112.4,123.0,0.0,,13,2019-03-08 21:06:04,Australia/Melbourne
2019-03-09 08:06:07+11:00,29167,-38.30416392534971,144.99434522353113,61.6115,-0.3999999999999773,2498,42.1488,42148.8,126.0,0.0,,13,2019-03-08 21:06:07,Australia/Melbourne
2019-03-09 08:06:08+11:00,29168,-38.304240368306644,144.99444069340825,61.6234,-0.8000000000000114,2496,42.3792,42379.2,126.0,0.0,,13,2019-03-08 21:06:08,Australia/Melbourne
2019-03-09 08:06:09+11:00,29169,-38.30432108603418,144.9945281166583,61.63519,-1.1999999999999886,2494,42.1632,42163.2,119.0,0.0,,13,2019-03-08 21:06:09,Australia/Melbourne
2019-03-09 08:06:10+11:00,29170,-38.30440909601747,144.99460900202394,61.647240000000004,-1.3999999999999773,2493,42.7752,42775.2,114.0,0.0,,13,2019-03-08 21:06:10,Australia/Melbourne
2019-03-09 08:06:11+11:00,29171,-38.30450431443751,144.9946798291057,61.659490000000005,-2.0,2490,43.3872,43387.2,112.0,0.0,,13,2019-03-08 21:06:11,Australia/Melbourne
2019-03-09 08:06:13+11:00,29173,-38.30470983870328,144.9947928171605,61.68435,-3.6000000000000227,2482,44.496,44496.0,114.0,68.0,,13,2019-03-08 21:06:13,Australia/Melbourne
2019-03-09 08:06:15+11:00,29175,-38.30494914203882,144.99485995620492,61.71158000000001,-6.0,2470,47.6028,47602.8,118.0,68.0,,13,2019-03-08 21:06:15,Australia/Melbourne
2019-03-09 08:06:16+11:00,29176,-38.30507218837739,144.99487336724997,61.72527,-8.0,2460,48.22560000000001,48225.6,117.0,0.0,,13,2019-03-08 21:06:16,Australia/Melbourne
2019-03-09 08:06:17+11:00,29177,-38.305201269686215,144.99487118795514,61.73958,-9.800000000000011,2451,49.6476,49647.6,117.0,0.0,,13,2019-03-08 21:06:17,Australia/Melbourne
2019-03-09 08:06:18+11:00,29178,-38.305333619937294,144.9948644824326,61.754290000000005,-12.800000000000011,2436,51.6744,51674.4,116.0,0.0,,13,2019-03-08 21:06:18,Australia/Melbourne
2019-03-09 08:06:19+11:00,29179,-38.305460521951325,144.9948435276747,61.76849,-14.399999999999974,2428,50.7132,50713.2,114.0,0.0,,13,2019-03-08 21:06:19,Australia/Melbourne
2019-03-09 08:06:20+11:00,29180,-38.305597649887204,144.9948245845735,61.7838,-16.399999999999974,2418,53.6184,53618.4,114.0,0.0,,13,2019-03-08 21:06:20,Australia/Melbourne
2019-03-09 08:06:21+11:00,29181,-38.305737627670176,144.9948055576533,61.79943000000001,-18.19999999999999,2409,55.4904,55490.4,116.0,0.0,,13,2019-03-08 21:06:21,Australia/Melbourne
2019-03-09 08:06:22+11:00,29182,-38.305886574089534,144.99479910358787,61.81596999999999,-20.19999999999999,2399,58.2516,58251.6,117.0,0.0,,13,2019-03-08 21:06:22,Australia/Melbourne
2019-03-09 08:06:23+11:00,29183,-38.30603191629052,144.99477915465832,61.83219,-22.0,2390,58.5108,58510.8,116.0,0.0,,13,2019-03-08 21:06:23,Australia/Melbourne
2019-03-09 08:06:24+11:00,29184,-38.30618186853825,144.99474797397855,61.84905000000001,-23.800000000000008,2381,60.3324,60332.4,116.0,0.0,,13,2019-03-08 21:06:24,Australia/Melbourne
2019-03-09 08:06:25+11:00,29185,-38.30632251687348,144.99469357542694,61.86534,-25.0,2375,59.52960000000001,59529.6,113.0,0.0,,13,2019-03-08 21:06:25,Australia/Melbourne
2019-03-09 08:06:26+11:00,29186,-38.30647892318665,144.99465510249138,61.88302,-26.0,2370,63.5508,63550.8,108.0,0.0,,13,2019-03-08 21:06:26,Australia/Melbourne
2019-03-09 08:06:27+11:00,29187,-38.30661848187447,144.9946285318583,61.898680000000006,-26.399999999999977,2368,58.9356,58935.6,104.0,0.0,,13,2019-03-08 21:06:27,Australia/Melbourne
2019-03-09 08:06:28+11:00,29188,-38.306775642558925,144.99461721628902,61.91615,-26.0,2370,62.1828,62182.8,104.0,0.0,,13,2019-03-08 21:06:28,Australia/Melbourne
2019-03-09 08:06:29+11:00,29189,-38.3068614732474,144.99457606114447,61.92624,-25.199999999999992,2374,45.1044,45104.4,105.0,0.0,,13,2019-03-08 21:06:29,Australia/Melbourne
2019-03-09 08:06:30+11:00,29190,-38.30694948323071,144.99453825876117,61.93655,-24.0,2380,41.958,41958.0,108.0,0.0,,13,2019-03-08 21:06:30,Australia/Melbourne
2019-03-09 08:06:31+11:00,29191,-38.307033637538545,144.99451177194715,61.946160000000006,-22.800000000000008,2386,38.6568,38656.8,113.0,0.0,,13,2019-03-08 21:06:31,Australia/Melbourne
2019-03-09 08:06:32+11:00,29192,-38.30711485818029,144.99449785798788,61.95525,-21.19999999999999,2394,35.2764,35276.4,116.0,0.0,,13,2019-03-08 21:06:32,Australia/Melbourne
2019-03-09 08:06:33+11:00,29193,-38.30718350596726,144.99449349939826,61.96284,-19.600000000000023,2402,32.1264,32126.4,121.0,69.0,,13,2019-03-08 21:06:33,Australia/Melbourne
2019-03-09 08:06:34+11:00,29194,-38.30725081264973,144.99450548551974,61.970209999999994,-18.0,2410,29.5416,29541.6,122.0,68.0,,13,2019-03-08 21:06:34,Australia/Melbourne
2019-03-09 08:06:35+11:00,29195,-38.30731770023704,144.99450908973813,61.97761,-16.600000000000026,2417,26.982,26982.0,124.0,82.0,,13,2019-03-08 21:06:35,Australia/Melbourne
2019-03-09 08:06:36+11:00,29196,-38.307376876473434,144.9945262726396,61.984159999999996,-15.399999999999974,2423,24.7932,24793.2,126.0,77.0,,13,2019-03-08 21:06:36,Australia/Melbourne
2019-03-09 08:06:37+11:00,29197,-38.307434292510145,144.99453666619956,61.99053000000001,-14.399999999999974,2428,23.0184,23018.4,129.0,71.0,,13,2019-03-08 21:06:37,Australia/Melbourne
2019-03-09 08:06:38+11:00,29198,-38.307483661919825,144.9945335648954,61.99598,-13.600000000000026,2432,20.2608,20260.8,129.0,66.0,,13,2019-03-08 21:06:38,Australia/Melbourne
2019-03-09 08:06:39+11:00,29199,-38.30752791836858,144.99452870339158,62.0009,-12.800000000000011,2436,18.2124,18212.4,129.0,57.0,,13,2019-03-08 21:06:39,Australia/Melbourne
2019-03-09 08:06:41+11:00,29201,-38.30762389115989,144.9945206567645,62.01144,-11.600000000000026,2442,17.9424,17942.4,127.0,54.0,,13,2019-03-08 21:06:41,Australia/Melbourne
2019-03-09 08:06:45+11:00,29205,-38.30780787393451,144.9944833572954,62.03204,-10.399999999999975,2448,18.3564,18356.4,131.0,56.0,,13,2019-03-08 21:06:45,Australia/Melbourne
2019-03-09 08:06:47+11:00,29207,-38.30790812149644,144.9944487400353,62.04356,-10.0,2450,20.1492,20149.2,134.0,57.0,,13,2019-03-08 21:06:47,Australia/Melbourne
2019-03-09 08:06:48+11:00,29208,-38.307957658544176,144.99443331733346,62.04922,-9.800000000000011,2451,20.195999999999998,20196.0,136.0,58.0,,13,2019-03-08 21:06:48,Australia/Melbourne
2019-03-09 08:06:51+11:00,29211,-38.308122782036655,144.99438864178958,62.067969999999995,-9.600000000000025,2452,22.6944,22694.4,140.0,64.0,,13,2019-03-08 21:06:51,Australia/Melbourne
2019-03-09 08:06:54+11:00,29214,-38.30829603597522,144.99433021992442,62.08789,-10.0,2450,24.228,24228.0,143.0,70.0,,13,2019-03-08 21:06:54,Australia/Melbourne
2019-03-09 08:06:59+11:00,29219,-38.308605747297406,144.99422192573547,62.12358,-9.800000000000011,2451,26.2044,26204.4,146.0,76.0,,13,2019-03-08 21:06:59,Australia/Melbourne
2019-03-09 08:07:00+11:00,29220,-38.308670036494725,144.99419468455014,62.1311,-9.800000000000011,2451,26.676,26676.0,145.0,77.0,,13,2019-03-08 21:07:00,Australia/Melbourne
2019-03-09 08:07:01+11:00,29221,-38.30873558297753,144.99417029321194,62.13868000000001,-9.399999999999975,2453,26.784,26784.0,145.0,79.0,,13,2019-03-08 21:07:01,Australia/Melbourne
2019-03-09 08:07:07+11:00,29227,-38.309128358960145,144.9940057564527,62.1846,-9.399999999999975,2453,27.9972,27997.2,148.0,82.0,,13,2019-03-08 21:07:07,Australia/Melbourne
2019-03-09 08:07:09+11:00,29229,-38.309262888506055,144.99394850805402,62.20035,-9.199999999999989,2454,28.2924,28292.4,148.0,82.0,,13,2019-03-08 21:07:09,Australia/Melbourne
2019-03-09 08:07:17+11:00,29237,-38.309809304773815,144.99374147504568,62.26368000000001,-9.0,2455,28.0188,28018.8,148.0,82.0,,13,2019-03-08 21:07:17,Australia/Melbourne
2019-03-09 08:07:25+11:00,29245,-38.31033769994974,144.9935337714851,62.3251,-9.199999999999989,2454,27.6516,27651.6,145.0,81.0,,13,2019-03-08 21:07:25,Australia/Melbourne
2019-03-09 08:07:26+11:00,29246,-38.31040341407061,144.99350502155718,62.33282,-9.399999999999975,2453,27.6408,27640.8,146.0,81.0,,13,2019-03-08 21:07:26,Australia/Melbourne
2019-03-09 08:07:33+11:00,29253,-38.31085335463285,144.9932462722063,62.38766999999999,-8.800000000000011,2456,28.1988,28198.8,147.0,82.0,,13,2019-03-08 21:07:33,Australia/Melbourne
2019-03-09 08:07:41+11:00,29261,-38.31136716529728,144.99294762499633,62.45044,-8.399999999999977,2458,28.843200000000003,28843.2,145.0,83.0,,13,2019-03-08 21:07:41,Australia/Melbourne
2019-03-09 08:07:42+11:00,29262,-38.31143271178007,144.99290940351784,62.45844,-8.600000000000023,2457,28.7964,28796.4,145.0,86.0,,13,2019-03-08 21:07:42,Australia/Melbourne
2019-03-09 08:07:50+11:00,29270,-38.311970997601755,144.9925898015499,62.52444000000001,-8.800000000000011,2456,29.7864,29786.4,145.0,79.0,,13,2019-03-08 21:07:50,Australia/Melbourne
2019-03-09 08:07:51+11:00,29271,-38.31204417161644,144.9925453774631,62.53344,-8.399999999999977,2458,30.4524,30452.4,145.0,79.0,,13,2019-03-08 21:07:51,Australia/Melbourne
2019-03-09 08:07:56+11:00,29276,-38.31239185295999,144.99234119430184,62.57597,-8.199999999999989,2459,30.671999999999997,30672.0,145.0,80.0,,13,2019-03-08 21:07:56,Australia/Melbourne
2019-03-09 08:08:04+11:00,29284,-38.312943298369646,144.99200449325144,62.6439,-8.600000000000023,2457,30.4272,30427.2,143.0,79.0,,13,2019-03-08 21:08:04,Australia/Melbourne
2019-03-09 08:08:05+11:00,29285,-38.31301286816597,144.99196426011622,62.652390000000004,-8.800000000000011,2456,31.0752,31075.2,144.0,80.0,,13,2019-03-08 21:08:05,Australia/Melbourne
2019-03-09 08:08:10+11:00,29290,-38.31336373463272,144.99174934811893,62.69563,-9.600000000000025,2452,31.2444,31244.4,143.0,81.0,,13,2019-03-08 21:08:10,Australia/Melbourne
2019-03-09 08:08:14+11:00,29294,-38.31363832578064,144.99156720936296,62.73002,-9.199999999999989,2454,30.1968,30196.8,143.0,80.0,,13,2019-03-08 21:08:14,Australia/Melbourne
2019-03-09 08:08:21+11:00,29301,-38.31408642232418,144.99124970287085,62.78703,-8.600000000000023,2457,29.646,29646.0,143.0,87.0,,13,2019-03-08 21:08:21,Australia/Melbourne
2019-03-09 08:08:25+11:00,29305,-38.31433662213385,144.9910502135754,62.81983,-8.399999999999977,2458,29.3832,29383.2,143.0,85.0,,13,2019-03-08 21:08:25,Australia/Melbourne
2019-03-09 08:08:31+11:00,29311,-38.31470391713083,144.990750644356,62.86830000000001,-7.600000000000023,2462,29.1852,29185.2,143.0,84.0,,13,2019-03-08 21:08:31,Australia/Melbourne
2019-03-09 08:08:39+11:00,29319,-38.31518344581127,144.9903240054846,62.933319999999995,-7.600000000000023,2462,29.559600000000003,29559.6,142.0,86.0,,13,2019-03-08 21:08:39,Australia/Melbourne
2019-03-09 08:08:40+11:00,29320,-38.315243544057004,144.99027270823714,62.941359999999996,-7.399999999999977,2463,29.4228,29422.8,142.0,86.0,,13,2019-03-08 21:08:40,Australia/Melbourne
2019-03-09 08:08:47+11:00,29327,-38.31566942855716,144.98990340158343,62.99864,-7.399999999999977,2463,29.6064,29606.4,142.0,78.0,,13,2019-03-08 21:08:47,Australia/Melbourne
2019-03-09 08:08:55+11:00,29335,-38.31617427058518,144.98948732391,63.06545,-7.800000000000012,2461,29.988000000000003,29988.0,143.0,78.0,,13,2019-03-08 21:08:55,Australia/Melbourne
2019-03-09 08:08:57+11:00,29337,-38.316298993304365,144.9893805384636,63.082159999999995,-8.0,2460,30.1428,30142.8,144.0,78.0,,13,2019-03-08 21:08:57,Australia/Melbourne
2019-03-09 08:09:05+11:00,29345,-38.316787742078304,144.9889468587935,63.14836,-7.199999999999988,2464,29.8548,29854.8,145.0,78.0,,13,2019-03-08 21:09:05,Australia/Melbourne
2019-03-09 08:09:07+11:00,29347,-38.31690651364625,144.98883470892906,63.16479,-7.199999999999988,2464,29.8728,29872.8,145.0,76.0,,13,2019-03-08 21:09:07,Australia/Melbourne
2019-03-09 08:09:15+11:00,29355,-38.317392077296965,144.98838451690972,63.23154,-7.199999999999988,2464,29.9304,29930.4,144.0,79.0,,13,2019-03-08 21:09:15,Australia/Melbourne
2019-03-09 08:09:18+11:00,29358,-38.317578239366405,144.98820522800088,63.257490000000004,-7.399999999999977,2463,31.0356,31035.6,144.0,77.0,,13,2019-03-08 21:09:18,Australia/Melbourne
2019-03-09 08:09:26+11:00,29366,-38.31804988905788,144.98775813728568,63.322869999999995,-6.800000000000012,2466,28.2852,28285.2,143.0,73.0,,13,2019-03-08 21:09:26,Australia/Melbourne
2019-03-09 08:09:34+11:00,29374,-38.31851818598807,144.98732856474814,63.38701,-7.600000000000023,2462,29.556000000000004,29556.0,145.0,76.0,,13,2019-03-08 21:09:34,Australia/Melbourne
2019-03-09 08:09:42+11:00,29382,-38.318993104621775,144.98686647042632,63.45345,-8.0,2460,29.995200000000004,29995.2,144.0,77.0,,13,2019-03-08 21:09:42,Australia/Melbourne
2019-03-09 08:09:43+11:00,29383,-38.31905504688621,144.98681056313214,63.46188000000001,-8.399999999999977,2458,30.355200000000004,30355.2,144.0,79.0,,13,2019-03-08 21:09:43,Australia/Melbourne
2019-03-09 08:09:48+11:00,29388,-38.31935285590589,144.9865292664617,63.5031,-7.199999999999988,2464,30.3192,30319.2,144.0,80.0,,13,2019-03-08 21:09:48,Australia/Melbourne
2019-03-09 08:09:50+11:00,29390,-38.31947305239736,144.98641099780795,63.51999,-6.600000000000023,2467,30.492000000000004,30492.0,145.0,80.0,,13,2019-03-08 21:09:50,Australia/Melbourne
2019-03-09 08:09:57+11:00,29397,-38.31989759579301,144.98602853156626,63.57777,-7.199999999999988,2464,30.0708,30070.8,142.0,78.0,,13,2019-03-08 21:09:57,Australia/Melbourne
2019-03-09 08:09:59+11:00,29399,-38.32001460716128,144.9859094247222,63.59441999999999,-7.199999999999988,2464,29.9628,29962.8,142.0,78.0,,13,2019-03-08 21:09:59,Australia/Melbourne
2019-03-09 08:10:07+11:00,29407,-38.320479886606336,144.98546007089314,63.65933,-7.199999999999988,2464,28.8756,28875.6,142.0,76.0,,13,2019-03-08 21:10:07,Australia/Melbourne
2019-03-09 08:10:08+11:00,29408,-38.320537554100156,144.98540273867545,63.66746,-7.0,2465,28.6164,28616.4,142.0,75.0,,13,2019-03-08 21:10:08,Australia/Melbourne
2019-03-09 08:10:16+11:00,29416,-38.32096234895289,144.98492513783276,63.7305,-6.399999999999977,2468,28.3968,28396.8,143.0,83.0,,13,2019-03-08 21:10:16,Australia/Melbourne
2019-03-09 08:10:18+11:00,29418,-38.321068966761224,144.98480024747548,63.74661,-6.0,2470,28.638,28638.0,143.0,83.0,,13,2019-03-08 21:10:18,Australia/Melbourne
2019-03-09 08:10:24+11:00,29424,-38.32137037999928,144.98440001159906,63.795080000000006,-6.399999999999977,2468,29.3544,29354.4,143.0,84.0,,13,2019-03-08 21:10:24,Australia/Melbourne
2019-03-09 08:10:32+11:00,29432,-38.3217663411051,144.98383683152497,63.8611,-7.0,2465,30.0384,30038.4,140.0,89.0,,13,2019-03-08 21:10:32,Australia/Melbourne
2019-03-09 08:10:33+11:00,29433,-38.321814453229315,144.98376499861482,63.86935,-7.199999999999988,2464,29.869200000000006,29869.2,139.0,86.0,,13,2019-03-08 21:10:33,Australia/Melbourne
2019-03-09 08:10:40+11:00,29440,-38.32216423004866,144.9832604080439,63.92815,-7.800000000000012,2461,30.4488,30448.8,138.0,88.0,,13,2019-03-08 21:10:40,Australia/Melbourne
2019-03-09 08:10:43+11:00,29443,-38.322319462895386,144.9830418918282,63.953880000000005,-8.600000000000023,2457,30.3804,30380.4,138.0,90.0,,13,2019-03-08 21:10:43,Australia/Melbourne
2019-03-09 08:10:48+11:00,29448,-38.322563208639615,144.9826780334115,63.99565000000001,-8.0,2460,29.7432,29743.2,137.0,87.0,,13,2019-03-08 21:10:48,Australia/Melbourne
2019-03-09 08:10:56+11:00,29456,-38.32296461798251,144.98211937956512,64.06177,-7.800000000000012,2461,30.067200000000003,30067.2,135.0,89.0,,13,2019-03-08 21:10:56,Australia/Melbourne
2019-03-09 08:10:58+11:00,29458,-38.32306486554444,144.98197269625965,64.07876,-7.600000000000023,2462,30.311999999999998,30312.0,134.0,87.0,,13,2019-03-08 21:10:58,Australia/Melbourne
2019-03-09 08:11:06+11:00,29466,-38.32345596514642,144.98139149509367,64.1456,-8.199999999999989,2459,29.948400000000003,29948.4,136.0,87.0,,13,2019-03-08 21:11:06,Australia/Melbourne
2019-03-09 08:11:14+11:00,29474,-38.32383918575943,144.980826722458,64.2108,-8.199999999999989,2459,28.832400000000003,28832.4,137.0,86.0,,13,2019-03-08 21:11:14,Australia/Melbourne
2019-03-09 08:11:15+11:00,29475,-38.323887549340725,144.98075732029977,64.2189,-8.399999999999977,2458,28.983600000000006,28983.6,138.0,84.0,,13,2019-03-08 21:11:15,Australia/Melbourne
2019-03-09 08:11:23+11:00,29483,-38.32428007386625,144.9802054557949,64.28396,-8.399999999999977,2458,28.71,28710.0,137.0,84.0,,13,2019-03-08 21:11:23,Australia/Melbourne
2019-03-09 08:11:31+11:00,29491,-38.32465885207057,144.97963682748374,64.34908,-8.199999999999989,2459,29.0196,29019.6,136.0,85.0,,13,2019-03-08 21:11:31,Australia/Melbourne
2019-03-09 08:11:32+11:00,29492,-38.32470780238509,144.9795652460307,64.35736999999999,-8.199999999999989,2459,29.325600000000005,29325.6,136.0,85.0,,13,2019-03-08 21:11:32,Australia/Melbourne
2019-03-09 08:11:40+11:00,29500,-38.325096471235156,144.97900106012818,64.42293000000001,-8.199999999999989,2459,30.4992,30499.2,136.0,89.0,,13,2019-03-08 21:11:40,Australia/Melbourne
2019-03-09 08:11:48+11:00,29508,-38.32548681646585,144.97842078097162,64.48966999999999,-8.600000000000023,2457,29.6172,29617.2,139.0,86.0,,13,2019-03-08 21:11:48,Australia/Melbourne
2019-03-09 08:11:50+11:00,29510,-38.325576921924956,144.9782747682184,64.50587999999999,-8.600000000000023,2457,29.304,29304.0,139.0,85.0,,13,2019-03-08 21:11:50,Australia/Melbourne
2019-03-09 08:11:58+11:00,29518,-38.325951425358646,144.97773153707385,64.56900999999999,-8.399999999999977,2458,28.4184,28418.4,138.0,84.0,,13,2019-03-08 21:11:58,Australia/Melbourne
2019-03-09 08:12:03+11:00,29523,-38.326176730915904,144.97738276608288,64.60846,-8.399999999999977,2458,28.7316,28731.6,141.0,83.0,,13,2019-03-08 21:12:03,Australia/Melbourne
2019-03-09 08:12:09+11:00,29529,-38.3264621347189,144.97696174308658,64.65705,-8.0,2460,28.933200000000006,28933.2,140.0,84.0,,13,2019-03-08 21:12:09,Australia/Melbourne
2019-03-09 08:12:17+11:00,29537,-38.326834877952926,144.97640459798274,64.72097,-7.800000000000012,2461,29.2536,29253.6,139.0,84.0,,13,2019-03-08 21:12:17,Australia/Melbourne
2019-03-09 08:12:19+11:00,29539,-38.326931269839406,144.97626084834337,64.73747,-8.0,2460,29.538,29538.0,140.0,85.0,,13,2019-03-08 21:12:19,Australia/Melbourne
2019-03-09 08:12:24+11:00,29544,-38.32716512493789,144.9759125802666,64.77749,-8.199999999999989,2459,28.983600000000006,28983.6,137.0,85.0,,13,2019-03-08 21:12:24,Australia/Melbourne
2019-03-09 08:12:30+11:00,29550,-38.32745756953955,144.97549734078345,64.82619,-8.399999999999977,2458,28.998,28998.0,136.0,83.0,,13,2019-03-08 21:12:30,Australia/Melbourne
2019-03-09 08:12:34+11:00,29554,-38.327666195109494,144.97523725032806,64.8587,-8.0,2460,28.908,28908.0,136.0,68.0,,13,2019-03-08 21:12:34,Australia/Melbourne
2019-03-09 08:12:36+11:00,29556,-38.32778253592551,144.97512971051037,64.87467,-8.199999999999989,2459,25.0668,25066.8,136.0,68.0,,13,2019-03-08 21:12:36,Australia/Melbourne
2019-03-09 08:12:40+11:00,29560,-38.32793835550547,144.9750227574259,64.89437000000001,-7.800000000000012,2461,9.8388,9838.8,135.0,0.0,,13,2019-03-08 21:12:40,Australia/Melbourne
2019-03-09 08:12:41+11:00,29561,-38.32795964553952,144.97500800527632,64.89706,-7.399999999999977,2463,9.8388,9838.8,134.0,0.0,,13,2019-03-08 21:12:41,Australia/Melbourne
2019-03-09 08:12:52+11:00,29572,-38.328000381588936,144.9749881401658,64.90025,-6.600000000000023,2467,6.8328,6832.8,138.0,0.0,,13,2019-03-08 21:12:52,Australia/Melbourne
2019-03-09 08:12:55+11:00,29575,-38.32805436104536,144.9749556183815,64.90686,-6.600000000000023,2467,9.5004,9500.4,139.0,0.0,,13,2019-03-08 21:12:55,Australia/Melbourne
2019-03-09 08:12:58+11:00,29578,-38.328133905306466,144.97491295449439,64.91651,-6.600000000000023,2467,12.9492,12949.2,136.0,0.0,,13,2019-03-08 21:12:58,Australia/Melbourne
2019-03-09 08:13:00+11:00,29580,-38.32819894887507,144.97484992258248,64.92562000000001,-7.0,2465,16.6716,16671.600000000002,136.0,47.0,,13,2019-03-08 21:13:00,Australia/Melbourne
2019-03-09 08:13:01+11:00,29581,-38.32823113538325,144.97479426674542,64.93164,-7.0,2465,19.5696,19569.6,136.0,54.0,,13,2019-03-08 21:13:01,Australia/Melbourne
2019-03-09 08:13:04+11:00,29584,-38.328266004100435,144.9745814502239,64.95081,-7.199999999999988,2464,23.8968,23896.8,137.0,46.0,,13,2019-03-08 21:13:04,Australia/Melbourne
2019-03-09 08:13:11+11:00,29591,-38.32835728302597,144.97402857989073,65.00027,-7.399999999999977,2463,26.8992,26899.2,139.0,77.0,,13,2019-03-08 21:13:11,Australia/Melbourne
2019-03-09 08:13:17+11:00,29597,-38.32852550782263,144.97354896739125,65.04638,-7.199999999999988,2464,28.4904,28490.4,139.0,84.0,,13,2019-03-08 21:13:17,Australia/Melbourne
2019-03-09 08:13:18+11:00,29598,-38.32856356166303,144.97347193770108,65.05433000000001,-7.199999999999988,2464,28.331999999999997,28332.0,139.0,81.0,,13,2019-03-08 21:13:18,Australia/Melbourne
2019-03-09 08:13:24+11:00,29604,-38.328775456175215,144.97302434407175,65.09998999999999,-7.0,2465,27.0,27000.0,142.0,78.0,,13,2019-03-08 21:13:24,Australia/Melbourne
2019-03-09 08:13:26+11:00,29606,-38.328844606876366,144.9728768225759,65.115,-6.800000000000012,2466,26.7768,26776.8,143.0,79.0,,13,2019-03-08 21:13:26,Australia/Melbourne
2019-03-09 08:13:31+11:00,29611,-38.329019118100405,144.97250935994091,65.15254,-6.399999999999977,2468,27.2268,27226.8,145.0,79.0,,13,2019-03-08 21:13:31,Australia/Melbourne
2019-03-09 08:13:33+11:00,29613,-38.32908818498254,144.9723600782454,65.16768,-6.199999999999988,2469,27.3528,27352.8,145.0,79.0,,13,2019-03-08 21:13:33,Australia/Melbourne
2019-03-09 08:13:41+11:00,29621,-38.32938247360289,144.97176404111087,65.22919,-6.0,2470,28.548000000000002,28548.0,146.0,81.0,,13,2019-03-08 21:13:41,Australia/Melbourne
2019-03-09 08:13:42+11:00,29622,-38.329420946538455,144.9716836586595,65.23741,-6.0,2470,28.548000000000002,28548.0,145.0,83.0,,13,2019-03-08 21:13:42,Australia/Melbourne
2019-03-09 08:13:50+11:00,29630,-38.329732585698366,144.97103883884847,65.30357,-6.399999999999977,2468,30.7656,30765.6,145.0,81.0,,13,2019-03-08 21:13:50,Australia/Melbourne
2019-03-09 08:13:52+11:00,29632,-38.329813806340105,144.97086985968053,65.32088,-6.0,2470,30.9492,30949.2,145.0,82.0,,13,2019-03-08 21:13:52,Australia/Melbourne
2019-03-09 08:13:55+11:00,29635,-38.32993408665061,144.97061689384282,65.34671999999999,-6.0,2470,30.888,30888.0,142.0,80.0,,13,2019-03-08 21:13:55,Australia/Melbourne
2019-03-09 08:14:02+11:00,29642,-38.33021513186395,144.97003627941012,65.40630999999999,-6.199999999999988,2469,30.643200000000004,30643.2,139.0,79.0,,13,2019-03-08 21:14:02,Australia/Melbourne
2019-03-09 08:14:03+11:00,29643,-38.33025611937046,144.96995405293998,65.41481,-6.399999999999977,2468,30.636,30636.0,139.0,80.0,,13,2019-03-08 21:14:03,Australia/Melbourne
2019-03-09 08:14:11+11:00,29651,-38.33056733943522,144.9693083111197,65.48100000000001,-7.199999999999988,2464,29.1924,29192.4,137.0,76.0,,13,2019-03-08 21:14:11,Australia/Melbourne
2019-03-09 08:14:19+11:00,29659,-38.330884762108326,144.9686666764319,65.54725,-6.800000000000012,2466,30.474,30474.0,137.0,77.0,,13,2019-03-08 21:14:19,Australia/Melbourne
2019-03-09 08:14:21+11:00,29661,-38.33096539601684,144.9685028940439,65.56414000000001,-7.600000000000023,2462,30.6216,30621.6,138.0,80.0,,13,2019-03-08 21:14:21,Australia/Melbourne
2019-03-09 08:14:28+11:00,29668,-38.33125079981983,144.96790861710906,65.625,-7.399999999999977,2463,31.471200000000003,31471.2,138.0,80.0,,13,2019-03-08 21:14:28,Australia/Melbourne
2019-03-09 08:14:32+11:00,29672,-38.33141181617975,144.96757451444861,65.65925,-7.199999999999988,2464,30.999600000000004,30999.6,139.0,82.0,,13,2019-03-08 21:14:32,Australia/Melbourne
2019-03-09 08:14:39+11:00,29679,-38.331699147820466,144.96698459610343,65.71988999999999,-7.0,2465,30.873600000000003,30873.6,138.0,81.0,,13,2019-03-08 21:14:39,Australia/Melbourne
2019-03-09 08:14:43+11:00,29683,-38.33186326548457,144.96665401384234,65.75406,-7.600000000000023,2462,31.0752,31075.2,136.0,81.0,,13,2019-03-08 21:14:43,Australia/Melbourne
2019-03-09 08:14:50+11:00,29690,-38.332139700651176,144.96608505025506,65.81250999999999,-8.0,2460,29.7468,29746.8,133.0,78.0,,13,2019-03-08 21:14:50,Australia/Melbourne
2019-03-09 08:14:51+11:00,29691,-38.332178676500924,144.96600399725142,65.82081,-7.800000000000012,2461,29.0808,29080.8,133.0,71.0,,13,2019-03-08 21:14:51,Australia/Melbourne
2019-03-09 08:14:57+11:00,29697,-38.332386882975705,144.96558900922537,65.86383000000001,-7.399999999999977,2463,25.0776,25077.6,132.0,0.0,,13,2019-03-08 21:14:57,Australia/Melbourne
2019-03-09 08:14:59+11:00,29699,-38.33245695568621,144.96544601395726,65.87856,-7.399999999999977,2463,26.5176,26517.6,135.0,68.0,,13,2019-03-08 21:14:59,Australia/Melbourne
2019-03-09 08:15:03+11:00,29703,-38.332606488838785,144.9651490431279,65.90939,-7.800000000000012,2461,29.4048,29404.8,136.0,73.0,,13,2019-03-08 21:15:03,Australia/Melbourne
2019-03-09 08:15:10+11:00,29710,-38.33286238834262,144.96460120193657,65.96509,-7.600000000000023,2462,29.4012,29401.2,137.0,76.0,,13,2019-03-08 21:15:10,Australia/Melbourne
2019-03-09 08:15:18+11:00,29718,-38.333166819065816,144.96396459639072,66.03021000000001,-7.800000000000012,2461,29.419200000000004,29419.2,137.0,77.0,,14,2019-03-08 21:15:18,Australia/Melbourne
2019-03-09 08:15:20+11:00,29720,-38.333243932574995,144.9638062622398,66.04649,-7.800000000000012,2461,28.9044,28904.4,137.0,77.0,,14,2019-03-08 21:15:20,Australia/Melbourne
2019-03-09 08:15:26+11:00,29726,-38.33347049541771,144.9633149988949,66.09626999999999,-7.600000000000023,2462,30.0348,30034.8,138.0,77.0,,14,2019-03-08 21:15:26,Australia/Melbourne
2019-03-09 08:15:34+11:00,29734,-38.33378984592854,144.96266640722754,66.16314,-8.0,2460,30.1824,30182.4,135.0,78.0,,14,2019-03-08 21:15:34,Australia/Melbourne
2019-03-09 08:15:35+11:00,29735,-38.3338304143399,144.96258451603353,66.17160000000001,-7.800000000000012,2461,30.4416,30441.6,135.0,80.0,,14,2019-03-08 21:15:35,Australia/Melbourne
2019-03-09 08:15:43+11:00,29743,-38.33414565771818,144.96192192658782,66.23928000000001,-7.800000000000012,2461,30.1032,30103.2,136.0,80.0,,14,2019-03-08 21:15:43,Australia/Melbourne
2019-03-09 08:15:46+11:00,29746,-38.3342599030584,144.96166652999818,66.26496,-7.800000000000012,2461,30.9492,30949.2,136.0,78.0,,14,2019-03-08 21:15:46,Australia/Melbourne
2019-03-09 08:15:47+11:00,29747,-38.334305668249726,144.96158866211772,66.27346,-7.800000000000012,2461,30.3624,30362.4,136.0,81.0,,14,2019-03-08 21:15:47,Australia/Melbourne
2019-03-09 08:15:55+11:00,29755,-38.33463323302567,144.9609405733645,66.34083000000001,-7.399999999999977,2463,30.9024,30902.4,138.0,80.0,,14,2019-03-08 21:15:55,Australia/Melbourne
2019-03-09 08:16:02+11:00,29762,-38.334900783374906,144.9603567738086,66.39989999999999,-7.399999999999977,2463,30.434400000000004,30434.4,138.0,78.0,,14,2019-03-08 21:16:02,Australia/Melbourne
2019-03-09 08:16:08+11:00,29768,-38.3351391647011,144.95986249297854,66.45058,-7.199999999999988,2464,29.847600000000003,29847.6,141.0,79.0,,14,2019-03-08 21:16:08,Australia/Melbourne
2019-03-09 08:16:10+11:00,29770,-38.3352136798203,144.95969837531447,66.46714,-7.0,2465,30.4488,30448.8,142.0,80.0,,14,2019-03-08 21:16:10,Australia/Melbourne
2019-03-09 08:16:18+11:00,29778,-38.33551970310509,144.95905213057998,66.53307000000001,-6.800000000000012,2466,29.5128,29512.8,143.0,75.0,,14,2019-03-08 21:16:18,Australia/Melbourne
2019-03-09 08:16:19+11:00,29779,-38.33555700257421,144.95897233486176,66.54119,-6.600000000000023,2467,29.282400000000006,29282.4,143.0,75.0,,14,2019-03-08 21:16:19,Australia/Melbourne
2019-03-09 08:16:27+11:00,29787,-38.33585841581226,144.95833246037364,66.60639,-6.0,2470,30.121200000000005,30121.2,143.0,79.0,,14,2019-03-08 21:16:27,Australia/Melbourne
2019-03-09 08:16:35+11:00,29795,-38.33616837859154,144.95766006410122,66.67451,-5.800000000000012,2471,31.1184,31118.4,143.0,81.0,,14,2019-03-08 21:16:35,Australia/Melbourne
2019-03-09 08:16:36+11:00,29796,-38.33620852790772,144.9575744010508,66.68321999999999,-5.399999999999976,2473,31.5612,31561.2,143.0,81.0,,14,2019-03-08 21:16:36,Australia/Melbourne
2019-03-09 08:16:43+11:00,29803,-38.33648295141757,144.95698213577268,66.7433,-5.199999999999988,2474,30.0852,30085.2,143.0,71.0,,14,2019-03-08 21:16:43,Australia/Melbourne
2019-03-09 08:16:45+11:00,29805,-38.3365623280406,144.9568180181086,66.76013999999999,-5.0,2475,30.384,30384.0,143.0,79.0,,14,2019-03-08 21:16:45,Australia/Melbourne
2019-03-09 08:16:52+11:00,29812,-38.33682644180953,144.95623514056206,66.81894,-4.800000000000012,2476,30.5784,30578.4,142.0,79.0,,14,2019-03-08 21:16:52,Australia/Melbourne
2019-03-09 08:17:00+11:00,29820,-38.337144199758775,144.95559476315975,66.88512,-5.399999999999976,2473,29.0232,29023.2,141.0,77.0,,14,2019-03-08 21:17:00,Australia/Melbourne
2019-03-09 08:17:07+11:00,29827,-38.337377971038215,144.95501456782222,66.94211999999999,-5.0,2475,29.862,29862.0,143.0,77.0,,14,2019-03-08 21:17:07,Australia/Melbourne
2019-03-09 08:17:14+11:00,29834,-38.33757192827761,144.95439128950238,67.00072,-4.800000000000012,2476,29.7972,29797.2,144.0,79.0,,14,2019-03-08 21:17:14,Australia/Melbourne
2019-03-09 08:17:21+11:00,29841,-38.337769322097294,144.953729538247,67.06259,-5.600000000000024,2472,32.5548,32554.8,142.0,83.0,,14,2019-03-08 21:17:21,Australia/Melbourne
2019-03-09 08:17:23+11:00,29843,-38.33783285692334,144.9535334855318,67.08112,-6.199999999999988,2469,33.5448,33544.8,141.0,86.0,,14,2019-03-08 21:17:23,Australia/Melbourne
2019-03-09 08:17:24+11:00,29844,-38.33786596544087,144.95343323796988,67.09063,-6.600000000000023,2467,34.236,34236.0,140.0,88.0,,14,2019-03-08 21:17:24,Australia/Melbourne
2019-03-09 08:17:31+11:00,29851,-38.33811918273568,144.95271960273385,67.15908,-8.800000000000011,2456,34.4844,34484.4,137.0,69.0,,14,2019-03-08 21:17:31,Australia/Melbourne
2019-03-09 08:17:33+11:00,29853,-38.33819487132132,144.95252606458965,67.17797,-8.800000000000011,2456,33.1488,33148.8,134.0,0.0,,14,2019-03-08 21:17:33,Australia/Melbourne
2019-03-09 08:17:38+11:00,29858,-38.338386816903956,144.9520726874471,67.22297999999999,-9.399999999999975,2453,31.806000000000004,31806.0,132.0,84.0,,14,2019-03-08 21:17:38,Australia/Melbourne
2019-03-09 08:17:40+11:00,29860,-38.338465355336666,144.9518978409469,67.24056999999999,-9.199999999999989,2454,31.3956,31395.6,135.0,81.0,,14,2019-03-08 21:17:40,Australia/Melbourne
2019-03-09 08:17:47+11:00,29867,-38.33873525261879,144.95130121707916,67.30073,-9.399999999999975,2453,30.0996,30099.6,134.0,82.0,,14,2019-03-08 21:17:47,Australia/Melbourne
2019-03-09 08:17:55+11:00,29875,-38.339035660028465,144.9506207741797,67.36891999999999,-9.199999999999989,2454,30.675600000000006,30675.6,136.0,79.0,,14,2019-03-08 21:17:55,Australia/Melbourne
2019-03-09 08:17:56+11:00,29876,-38.339074049144976,144.95053578168154,67.37749000000001,-9.0,2455,30.456000000000003,30456.0,136.0,80.0,,14,2019-03-08 21:17:56,Australia/Melbourne
2019-03-09 08:18:04+11:00,29884,-38.33937286399305,144.94986145757142,67.44515,-9.0,2455,29.9592,29959.2,135.0,77.0,,14,2019-03-08 21:18:04,Australia/Melbourne
2019-03-09 08:18:11+11:00,29891,-38.339633205905564,144.94925267994404,67.50572,-8.399999999999977,2458,31.4424,31442.4,136.0,80.0,,14,2019-03-08 21:18:11,Australia/Melbourne
2019-03-09 08:18:14+11:00,29894,-38.33974921144545,144.94898588396612,67.53236,-8.600000000000023,2457,31.8852,31885.2,137.0,83.0,,14,2019-03-08 21:18:14,Australia/Melbourne
2019-03-09 08:18:21+11:00,29901,-38.34001701325178,144.94837182573974,67.59371999999999,-9.0,2455,31.1652,31165.2,138.0,82.0,,14,2019-03-08 21:18:21,Australia/Melbourne
2019-03-09 08:18:24+11:00,29904,-38.340133102610714,144.94811022654176,67.61998,-9.199999999999989,2454,31.5,31500.0,139.0,83.0,,14,2019-03-08 21:18:24,Australia/Melbourne
2019-03-09 08:18:31+11:00,29911,-38.340408867225044,144.94749725796282,67.68169,-9.199999999999989,2454,31.737600000000004,31737.6,138.0,83.0,,14,2019-03-08 21:18:31,Australia/Melbourne
2019-03-09 08:18:35+11:00,29915,-38.34056259132922,144.9471478164196,67.71668000000001,-9.399999999999975,2453,31.323600000000006,31323.6,138.0,81.0,,14,2019-03-08 21:18:35,Australia/Melbourne
2019-03-09 08:18:42+11:00,29922,-38.340819664299495,144.9465419724584,67.77686,-8.0,2460,31.9788,31978.8,137.0,81.0,,14,2019-03-08 21:18:42,Australia/Melbourne
2019-03-09 08:18:47+11:00,29927,-38.34099065512419,144.9460977315903,67.82010000000001,-9.800000000000011,2451,30.384,30384.0,137.0,81.0,,14,2019-03-08 21:18:47,Australia/Melbourne
2019-03-09 08:18:50+11:00,29930,-38.341080090031035,144.9458339530975,67.84521000000001,-9.600000000000025,2452,30.2364,30236.4,139.0,79.0,,14,2019-03-08 21:18:50,Australia/Melbourne
2019-03-09 08:18:56+11:00,29936,-38.341245716437705,144.94528996758163,67.89619,-10.800000000000011,2446,30.834,30834.0,140.0,79.0,,14,2019-03-08 21:18:56,Australia/Melbourne
2019-03-09 08:18:59+11:00,29939,-38.34131989628077,144.9450104311109,67.92199000000001,-9.600000000000025,2452,30.942000000000004,30942.0,140.0,81.0,,14,2019-03-08 21:18:59,Australia/Melbourne
2019-03-09 08:19:00+11:00,29940,-38.341343197971575,144.94491621851918,67.93061,-9.0,2455,30.9924,30992.4,140.0,81.0,,14,2019-03-08 21:19:00,Australia/Melbourne
2019-03-09 08:19:08+11:00,29948,-38.34152751602233,144.9441714026034,67.99888,-10.0,2450,30.1392,30139.2,139.0,80.0,,14,2019-03-08 21:19:08,Australia/Melbourne
2019-03-09 08:19:09+11:00,29949,-38.341551404446356,144.94408029131588,68.00728000000001,-10.399999999999975,2448,30.1752,30175.2,138.0,78.0,,14,2019-03-08 21:19:09,Australia/Melbourne
2019-03-09 08:19:17+11:00,29957,-38.34172884933651,144.94337629526854,68.07191999999999,-8.399999999999977,2458,28.3032,28303.2,139.0,75.0,,14,2019-03-08 21:19:17,Australia/Melbourne
2019-03-09 08:19:25+11:00,29965,-38.34194350987673,144.94268311187625,68.13705999999999,-8.800000000000011,2456,29.916000000000004,29916.0,141.0,78.0,,14,2019-03-08 21:19:25,Australia/Melbourne
2019-03-09 08:19:26+11:00,29966,-38.341973517090075,144.94259594008327,68.14538,-8.399999999999977,2458,30.168000000000006,30168.0,141.0,79.0,,14,2019-03-08 21:19:26,Australia/Melbourne
2019-03-09 08:19:34+11:00,29974,-38.342247689142816,144.94190292432904,68.21319,-8.399999999999977,2458,30.384,30384.0,143.0,78.0,,14,2019-03-08 21:19:34,Australia/Melbourne
2019-03-09 08:19:42+11:00,29982,-38.34251188673079,144.94121359661222,68.28022,-7.600000000000023,2462,29.487600000000004,29487.6,144.0,77.0,,14,2019-03-08 21:19:42,Australia/Melbourne
2019-03-09 08:19:43+11:00,29983,-38.342544408515096,144.941128436476,68.28849000000001,-7.800000000000012,2461,29.4336,29433.6,144.0,77.0,,14,2019-03-08 21:19:43,Australia/Melbourne
2019-03-09 08:19:51+11:00,29991,-38.3427722286433,144.94044304825366,68.35352999999999,-8.199999999999989,2459,29.0448,29044.8,145.0,77.0,,14,2019-03-08 21:19:51,Australia/Melbourne
2019-03-09 08:19:55+11:00,29995,-38.34290273487568,144.94011104106903,68.38600000000001,-8.800000000000011,2456,29.188800000000004,29188.8,142.0,76.0,,14,2019-03-08 21:19:55,Australia/Melbourne
2019-03-09 08:19:57+11:00,29997,-38.342971047386534,144.93994264863431,68.40256,-8.800000000000011,2456,29.710800000000006,29710.8,143.0,76.0,,14,2019-03-08 21:19:57,Australia/Melbourne
2019-03-09 08:19:59+11:00,29999,-38.34304966963828,144.9397755973041,68.41958000000001,-9.399999999999975,2453,30.186,30186.0,143.0,77.0,,14,2019-03-08 21:19:59,Australia/Melbourne
2019-03-09 08:20:04+11:00,30004,-38.34326139651239,144.93938768282533,68.46086,-9.600000000000025,2452,30.0816,30081.6,144.0,78.0,,14,2019-03-08 21:20:04,Australia/Melbourne
2019-03-09 08:20:12+11:00,30012,-38.34366305731237,144.9388078227639,68.52842,-10.0,2450,30.5244,30524.4,146.0,80.0,,14,2019-03-08 21:20:12,Australia/Melbourne
2019-03-09 08:20:17+11:00,30017,-38.34391728043556,144.9384510051459,68.57047999999999,-10.399999999999975,2448,30.5316,30531.6,145.0,80.0,,14,2019-03-08 21:20:17,Australia/Melbourne
2019-03-09 08:20:21+11:00,30021,-38.344111992046244,144.93814825080338,68.60466000000001,-10.399999999999975,2448,30.6972,30697.2,143.0,80.0,,14,2019-03-08 21:20:21,Australia/Melbourne
2019-03-09 08:20:28+11:00,30028,-38.34441089071333,144.93756026029587,68.66588,-9.399999999999975,2453,31.068000000000005,31068.0,142.0,83.0,,14,2019-03-08 21:20:28,Australia/Melbourne
2019-03-09 08:20:29+11:00,30029,-38.34445020183921,144.93747644126415,68.67439999999999,-9.600000000000025,2452,30.5244,30524.4,142.0,53.0,,14,2019-03-08 21:20:29,Australia/Melbourne
2019-03-09 08:20:32+11:00,30032,-38.344572326168425,144.93722775019702,68.70003,-9.399999999999975,2453,30.8592,30859.2,142.0,80.0,,14,2019-03-08 21:20:32,Australia/Melbourne
2019-03-09 08:20:39+11:00,30039,-38.34485999308527,144.93663741275668,68.76071,-9.399999999999975,2453,31.1976,31197.6,141.0,81.0,,14,2019-03-08 21:20:39,Australia/Melbourne
2019-03-09 08:20:41+11:00,30041,-38.344943895936005,144.9364693555981,68.77810000000001,-9.399999999999975,2453,31.0608,31060.8,142.0,82.0,,14,2019-03-08 21:20:41,Australia/Melbourne
2019-03-09 08:20:48+11:00,30048,-38.34522963501514,144.93588438257575,68.83827000000001,-9.399999999999975,2453,31.1652,31165.2,141.0,79.0,,14,2019-03-08 21:20:48,Australia/Melbourne
2019-03-09 08:20:52+11:00,30052,-38.34539878182113,144.93555069901052,68.87295999999999,-9.600000000000025,2452,30.9816,30981.6,141.0,81.0,,14,2019-03-08 21:20:52,Australia/Melbourne
2019-03-09 08:20:59+11:00,30059,-38.345681419596076,144.93496195413172,68.93324000000001,-9.600000000000025,2452,30.0456,30045.6,143.0,79.0,,14,2019-03-08 21:20:59,Australia/Melbourne
2019-03-09 08:21:02+11:00,30062,-38.345791222527616,144.93470982648432,68.95841999999999,-9.399999999999975,2453,30.711600000000004,30711.6,142.0,78.0,,14,2019-03-08 21:21:02,Australia/Melbourne
2019-03-09 08:21:10+11:00,30070,-38.34609355777503,144.93403298780322,69.02645,-9.800000000000011,2451,30.024,30024.0,142.0,77.0,,14,2019-03-08 21:21:10,Australia/Melbourne
2019-03-09 08:21:11+11:00,30071,-38.34612959995866,144.93394841440022,69.03486,-9.600000000000025,2452,30.1104,30110.4,142.0,79.0,,14,2019-03-08 21:21:11,Australia/Melbourne
2019-03-09 08:21:19+11:00,30079,-38.346423720940955,144.93328046053645,69.10176,-10.0,2450,29.8764,29876.4,143.0,78.0,,14,2019-03-08 21:21:19,Australia/Melbourne
2019-03-09 08:21:27+11:00,30087,-38.34672236815096,144.93261669762433,69.16859000000001,-9.600000000000025,2452,30.340800000000005,30340.8,142.0,79.0,,14,2019-03-08 21:21:27,Australia/Melbourne
2019-03-09 08:21:28+11:00,30088,-38.346761846914895,144.93253438733518,69.17702,-9.600000000000025,2452,30.283200000000004,30283.2,142.0,80.0,,14,2019-03-08 21:21:28,Australia/Melbourne
2019-03-09 08:21:36+11:00,30096,-38.3470533695072,144.93185780011115,69.24444,-9.800000000000011,2451,30.146400000000003,30146.4,141.0,79.0,,14,2019-03-08 21:21:36,Australia/Melbourne
2019-03-09 08:21:44+11:00,30104,-38.34734908305109,144.93118615821004,69.31170999999999,-8.399999999999977,2458,30.9204,30920.4,141.0,79.0,,14,2019-03-08 21:21:44,Australia/Melbourne
2019-03-09 08:21:46+11:00,30106,-38.347423011437066,144.93101307190958,69.32892,-8.600000000000023,2457,30.8412,30841.2,140.0,82.0,,14,2019-03-08 21:21:46,Australia/Melbourne
2019-03-09 08:21:54+11:00,30114,-38.347722329199314,144.93033447302878,69.39690999999999,-10.199999999999989,2449,30.5532,30553.2,141.0,81.0,,14,2019-03-08 21:21:54,Australia/Melbourne
2019-03-09 08:21:56+11:00,30116,-38.34779843688011,144.93016708642244,69.41381,-10.800000000000011,2446,30.423600000000004,30423.6,140.0,80.0,,14,2019-03-08 21:21:56,Australia/Melbourne
2019-03-09 08:21:57+11:00,30117,-38.347836239263415,144.9300847761333,69.42214,-10.800000000000011,2446,29.9196,29919.6,140.0,80.0,,14,2019-03-08 21:21:57,Australia/Melbourne
2019-03-09 08:22:05+11:00,30125,-38.34813228808344,144.92942009121182,69.48889,-11.0,2445,29.8656,29865.6,141.0,79.0,,14,2019-03-08 21:22:05,Australia/Melbourne
2019-03-09 08:22:06+11:00,30126,-38.34816891700029,144.929336020723,69.49728,-10.600000000000025,2447,30.1428,30142.8,141.0,79.0,,14,2019-03-08 21:22:06,Australia/Melbourne
2019-03-09 08:22:14+11:00,30134,-38.3484691567719,144.9286702461541,69.56435,-11.199999999999989,2444,30.0456,30045.6,141.0,79.0,,14,2019-03-08 21:22:14,Australia/Melbourne
2019-03-09 08:22:16+11:00,30136,-38.348541492596276,144.92850034497678,69.58122999999999,-11.399999999999974,2443,29.538,29538.0,141.0,79.0,,14,2019-03-08 21:22:16,Australia/Melbourne
2019-03-09 08:22:24+11:00,30144,-38.348813904449344,144.92784161120653,69.64624,-10.600000000000025,2447,28.2528,28252.8,140.0,73.0,,14,2019-03-08 21:22:24,Australia/Melbourne
2019-03-09 08:22:31+11:00,30151,-38.349055889993906,144.9272854719311,69.70178999999999,-10.600000000000025,2447,29.2788,29278.8,143.0,74.0,,14,2019-03-08 21:22:31,Australia/Melbourne
2019-03-09 08:22:33+11:00,30153,-38.34912864491344,144.9271231982857,69.71811,-10.600000000000025,2447,29.0916,29091.6,143.0,76.0,,14,2019-03-08 21:22:33,Australia/Melbourne
2019-03-09 08:22:41+11:00,30161,-38.34941329434514,144.92646362632513,69.78389,-10.600000000000025,2447,30.0384,30038.4,145.0,78.0,,14,2019-03-08 21:22:41,Australia/Melbourne
2019-03-09 08:22:42+11:00,30162,-38.34944975562394,144.92638148367402,69.79213,-10.600000000000025,2447,29.6532,29653.2,145.0,78.0,,14,2019-03-08 21:22:42,Australia/Melbourne
2019-03-09 08:22:50+11:00,30170,-38.34975209087133,144.92570305243134,69.86027,-10.399999999999975,2448,30.2364,30236.4,145.0,81.0,,14,2019-03-08 21:22:50,Australia/Melbourne
2019-03-09 08:22:58+11:00,30178,-38.350044703111045,144.92503551766276,69.92706,-9.800000000000011,2451,29.2896,29289.6,145.0,77.0,,14,2019-03-08 21:22:58,Australia/Melbourne
2019-03-09 08:23:00+11:00,30180,-38.3501182962209,144.9248746689409,69.94331,-9.800000000000011,2451,28.6848,28684.8,145.0,79.0,,14,2019-03-08 21:23:00,Australia/Melbourne
2019-03-09 08:23:08+11:00,30188,-38.3504050411284,144.9242263287306,70.00833999999999,-9.600000000000025,2452,29.2356,29235.6,145.0,78.0,,14,2019-03-08 21:23:08,Australia/Melbourne
2019-03-09 08:23:09+11:00,30189,-38.35043898783624,144.92414150387052,70.01666,-9.399999999999975,2453,29.502,29502.0,145.0,75.0,,14,2019-03-08 21:23:09,Australia/Melbourne
2019-03-09 08:23:17+11:00,30197,-38.350675944238894,144.92345209233463,70.08242999999999,-10.199999999999989,2449,29.3364,29336.4,144.0,76.0,,14,2019-03-08 21:23:17,Australia/Melbourne
2019-03-09 08:23:25+11:00,30205,-38.35088213905692,144.92275681346658,70.14738,-10.0,2450,28.2492,28249.2,143.0,75.0,,14,2019-03-08 21:23:25,Australia/Melbourne
2019-03-09 08:23:26+11:00,30206,-38.35090510547161,144.92267224006358,70.1552,-10.0,2450,28.2852,28285.2,142.0,75.0,,14,2019-03-08 21:23:26,Australia/Melbourne
2019-03-09 08:23:33+11:00,30213,-38.35108607076109,144.92207427509132,70.21121000000001,-9.800000000000011,2451,29.062800000000006,29062.8,142.0,75.0,,14,2019-03-08 21:23:33,Australia/Melbourne
2019-03-09 08:23:41+11:00,30221,-38.351317914202816,144.9213696923107,70.27798,-10.0,2450,30.024,30024.0,142.0,81.0,,14,2019-03-08 21:23:41,Australia/Melbourne
2019-03-09 08:23:42+11:00,30222,-38.351345742121346,144.92128034122288,70.28638000000001,-9.800000000000011,2451,29.7144,29714.4,142.0,77.0,,14,2019-03-08 21:23:42,Australia/Melbourne
2019-03-09 08:23:50+11:00,30230,-38.351550344377756,144.92056326940656,70.35305,-8.399999999999977,2458,29.3904,29390.4,141.0,78.0,,14,2019-03-08 21:23:50,Australia/Melbourne
2019-03-09 08:23:52+11:00,30232,-38.35159845650196,144.92038481868804,70.36953000000001,-9.0,2455,29.7252,29725.2,141.0,77.0,,14,2019-03-08 21:23:52,Australia/Melbourne
2019-03-09 08:23:54+11:00,30234,-38.35164732299745,144.92020159028468,70.38645,-9.600000000000025,2452,30.4848,30484.8,141.0,78.0,,14,2019-03-08 21:23:54,Australia/Melbourne
2019-03-09 08:24:01+11:00,30241,-38.351818732917316,144.9195625539869,70.44546000000003,-9.800000000000011,2451,30.7584,30758.4,143.0,82.0,,14,2019-03-08 21:24:01,Australia/Melbourne
2019-03-09 08:24:08+11:00,30248,-38.351996261626475,144.91891069337726,70.50574,-10.0,2450,30.7368,30736.8,145.0,81.0,,14,2019-03-08 21:24:08,Australia/Melbourne
2019-03-09 08:24:10+11:00,30250,-38.352046553045504,144.91872201673687,70.52316,-9.600000000000025,2452,30.6576,30657.6,145.0,80.0,,14,2019-03-08 21:24:10,Australia/Melbourne
2019-03-09 08:24:18+11:00,30258,-38.35224537178874,144.91799086332318,70.5908,-9.399999999999975,2453,30.5208,30520.8,144.0,81.0,,14,2019-03-08 21:24:18,Australia/Melbourne
2019-03-09 08:24:19+11:00,30259,-38.352272445335984,144.91789958439767,70.59931999999999,-9.600000000000025,2452,29.934,29934.0,144.0,42.0,,14,2019-03-08 21:24:19,Australia/Melbourne
2019-03-09 08:24:22+11:00,30262,-38.35234746336937,144.91761979646984,70.62516000000002,-9.399999999999975,2453,30.7008,30700.8,141.0,80.0,,14,2019-03-08 21:24:22,Australia/Melbourne
2019-03-09 08:24:28+11:00,30268,-38.352497080340974,144.91706315428019,70.67656,-9.0,2455,30.506400000000006,30506.4,142.0,81.0,,14,2019-03-08 21:24:28,Australia/Melbourne
2019-03-09 08:24:35+11:00,30275,-38.35266614332795,144.91640048101544,70.73745,-10.399999999999975,2448,30.848400000000005,30848.4,142.0,78.0,,14,2019-03-08 21:24:35,Australia/Melbourne
2019-03-09 08:24:37+11:00,30277,-38.352719116956,144.91621389985085,70.75478000000001,-10.600000000000025,2447,31.1904,31190.4,142.0,81.0,,14,2019-03-08 21:24:37,Australia/Melbourne
2019-03-09 08:24:38+11:00,30278,-38.35274417884648,144.91612119600177,70.76335,-10.800000000000011,2446,30.5244,30524.4,142.0,81.0,,14,2019-03-08 21:24:38,Australia/Melbourne
2019-03-09 08:24:46+11:00,30286,-38.35294727236033,144.91538115777075,70.83185,-10.199999999999989,2449,30.9096,30909.6,143.0,80.0,,14,2019-03-08 21:24:46,Australia/Melbourne
2019-03-09 08:24:48+11:00,30288,-38.35299395956099,144.9151923973113,70.84915,-10.199999999999989,2449,31.0644,31064.4,142.0,80.0,,14,2019-03-08 21:24:48,Australia/Melbourne
2019-03-09 08:24:56+11:00,30296,-38.35319571197033,144.91445193998516,70.91764,-10.600000000000025,2447,30.574800000000003,30574.8,140.0,77.0,,14,2019-03-08 21:24:56,Australia/Melbourne
2019-03-09 08:24:58+11:00,30298,-38.35324390791357,144.91426686756313,70.93467,-10.600000000000025,2447,30.585600000000003,30585.6,140.0,78.0,,14,2019-03-08 21:24:58,Australia/Melbourne
2019-03-09 08:25:06+11:00,30306,-38.353448510169976,144.91353311575952,71.00274,-10.600000000000025,2447,30.4164,30416.4,142.0,80.0,,14,2019-03-08 21:25:06,Australia/Melbourne
2019-03-09 08:25:07+11:00,30307,-38.35347063839436,144.91344116628167,71.01114,-10.399999999999975,2448,30.088800000000006,30088.8,141.0,79.0,,14,2019-03-08 21:25:07,Australia/Melbourne
2019-03-09 08:25:15+11:00,30315,-38.35367021150886,144.91271194070578,71.07864000000001,-10.399999999999975,2448,30.5208,30520.8,141.0,79.0,,14,2019-03-08 21:25:15,Australia/Melbourne
2019-03-09 08:25:23+11:00,30323,-38.353874562308185,144.9119807034731,71.14646,-10.600000000000025,2447,30.8088,30808.8,140.0,80.0,,14,2019-03-08 21:25:23,Australia/Melbourne
2019-03-09 08:25:25+11:00,30325,-38.353926865383976,144.91179713979363,71.16353000000001,-10.399999999999975,2448,30.9204,30920.4,140.0,80.0,,14,2019-03-08 21:25:25,Australia/Melbourne
2019-03-09 08:25:33+11:00,30333,-38.35413155145943,144.91106204688552,71.23168000000001,-10.600000000000025,2447,30.675600000000006,30675.6,139.0,81.0,,14,2019-03-08 21:25:33,Australia/Melbourne
2019-03-09 08:25:37+11:00,30337,-38.354232385754585,144.9106968473643,71.26550999999998,-10.800000000000011,2446,29.926800000000004,29926.8,138.0,77.0,,14,2019-03-08 21:25:37,Australia/Melbourne
2019-03-09 08:25:45+11:00,30345,-38.35442206822336,144.90999243222174,71.33057000000002,-10.600000000000025,2447,28.584000000000003,28584.0,137.0,73.0,,14,2019-03-08 21:25:45,Australia/Melbourne
2019-03-09 08:25:46+11:00,30346,-38.35444679483771,144.90990878082815,71.33839,-10.399999999999975,2448,27.3348,27334.8,136.0,73.0,,14,2019-03-08 21:25:46,Australia/Melbourne
2019-03-09 08:25:48+11:00,30348,-38.35449331440032,144.90975136868656,71.35309000000001,-10.399999999999975,2448,26.2764,26276.4,133.0,0.0,,14,2019-03-08 21:25:48,Australia/Melbourne
2019-03-09 08:25:50+11:00,30350,-38.354531787335866,144.90960342809558,71.3667,-10.399999999999975,2448,23.5008,23500.8,130.0,0.0,,14,2019-03-08 21:25:50,Australia/Melbourne
2019-03-09 08:25:52+11:00,30352,-38.354564057663076,144.90948976948857,71.37725999999998,-10.199999999999989,2449,16.812,16812.0,131.0,0.0,,14,2019-03-08 21:25:52,Australia/Melbourne
2019-03-09 08:25:54+11:00,30354,-38.354587191715844,144.9094193615019,71.38391999999999,-9.800000000000011,2451,9.9972,9997.2,131.0,0.0,,14,2019-03-08 21:25:54,Australia/Melbourne
2019-03-09 08:25:56+11:00,30356,-38.3545926399529,144.90940519608557,71.38582000000002,-9.399999999999975,2453,0.0,0.0,130.0,0.0,,14,2019-03-08 21:25:56,Australia/Melbourne
2019-03-09 08:26:07+11:00,30367,-38.354609655216336,144.90933126769957,71.38681,-9.199999999999989,2454,7.2864,7286.4000000000015,136.0,0.0,,14,2019-03-08 21:26:07,Australia/Melbourne
2019-03-09 08:26:08+11:00,30368,-38.35462155751885,144.90930712781847,71.38928999999997,-9.399999999999975,2453,9.612,9612.0,136.0,0.0,,14,2019-03-08 21:26:08,Australia/Melbourne
2019-03-09 08:26:09+11:00,30369,-38.35463153198362,144.90927452221513,71.39235000000002,-9.399999999999975,2453,10.6164,10616.4,137.0,0.0,,14,2019-03-08 21:26:09,Australia/Melbourne
2019-03-09 08:26:14+11:00,30374,-38.354695988818996,144.90902893245217,71.41497,-9.600000000000025,2452,19.7964,19796.4,137.0,48.0,,14,2019-03-08 21:26:14,Australia/Melbourne
2019-03-09 08:26:19+11:00,30379,-38.35478533990681,144.90867177955806,71.44772999999998,-10.0,2450,25.3512,25351.2,139.0,65.0,,14,2019-03-08 21:26:19,Australia/Melbourne
2019-03-09 08:26:22+11:00,30382,-38.35483202710748,144.90842727944255,71.46974,-10.199999999999989,2449,26.6436,26643.6,139.0,24.0,,14,2019-03-08 21:26:22,Australia/Melbourne
2019-03-09 08:26:25+11:00,30385,-38.35485658608378,144.90817112848163,71.4923,-10.0,2450,28.026,28026.0,139.0,72.0,,14,2019-03-08 21:26:25,Australia/Melbourne
2019-03-09 08:26:30+11:00,30390,-38.35487276315689,144.90772093646228,71.5317,-10.0,2450,28.267200000000006,28267.2,142.0,74.0,,14,2019-03-08 21:26:30,Australia/Melbourne
2019-03-09 08:26:32+11:00,30392,-38.35489053279162,144.90754147991538,71.54750999999997,-10.0,2450,28.3572,28357.2,143.0,74.0,,14,2019-03-08 21:26:32,Australia/Melbourne
2019-03-09 08:26:39+11:00,30399,-38.35502514615654,144.90691610611975,71.60431,-10.0,2450,29.3472,29347.2,144.0,76.0,,14,2019-03-08 21:26:39,Australia/Melbourne
2019-03-09 08:26:47+11:00,30407,-38.35526822134853,144.90619459189475,71.67291999999999,-10.199999999999989,2449,31.518000000000004,31518.0,146.0,82.0,,14,2019-03-08 21:26:47,Australia/Melbourne
2019-03-09 08:26:50+11:00,30410,-38.355336366221316,144.9059055000544,71.69931,-11.0,2445,31.7556,31755.6,146.0,82.0,,14,2019-03-08 21:26:50,Australia/Melbourne
2019-03-09 08:26:53+11:00,30413,-38.355387412011616,144.9056096188724,71.72578999999998,-11.0,2445,31.737600000000004,31737.6,146.0,82.0,,14,2019-03-08 21:26:53,Australia/Melbourne
2019-03-09 08:26:59+11:00,30419,-38.35552303120494,144.90505984984335,71.77617,-10.399999999999975,2448,29.2284,29228.4,145.0,0.0,,14,2019-03-08 21:26:59,Australia/Melbourne
2019-03-09 08:27:02+11:00,30422,-38.35559444501996,144.90480445325375,71.79985,-10.399999999999975,2448,28.0908,28090.8,142.0,77.0,,14,2019-03-08 21:27:02,Australia/Melbourne
2019-03-09 08:27:05+11:00,30425,-38.35566359572113,144.90455450490117,71.82301,-10.199999999999989,2449,27.5616,27561.6,139.0,0.0,,14,2019-03-08 21:27:05,Australia/Melbourne
2019-03-09 08:27:06+11:00,30426,-38.35568740032613,144.90447470918298,71.83046,-10.399999999999975,2448,26.855999999999998,26856.0,138.0,0.0,,14,2019-03-08 21:27:06,Australia/Melbourne
2019-03-09 08:27:10+11:00,30430,-38.35577918216586,144.9041748046875,71.85860000000002,-9.800000000000011,2451,22.158,22158.0,136.0,0.0,,14,2019-03-08 21:27:10,Australia/Melbourne
2019-03-09 08:27:12+11:00,30432,-38.355810530483716,144.90407614968714,71.86789999999998,-9.399999999999975,2453,14.85,14850.0,137.0,0.0,,14,2019-03-08 21:27:12,Australia/Melbourne
2019-03-09 08:27:16+11:00,30436,-38.355855457484715,144.90390406921506,71.88376,-9.399999999999975,2453,14.1516,14151.6,132.0,0.0,,14,2019-03-08 21:27:16,Australia/Melbourne
2019-03-09 08:27:18+11:00,30438,-38.35588144138456,144.90381362847984,71.89217,-9.600000000000025,2452,15.5592,15559.2,129.0,0.0,,15,2019-03-08 21:27:18,Australia/Melbourne
2019-03-09 08:27:20+11:00,30440,-38.355906251817935,144.90371187217536,71.90147999999998,-9.399999999999975,2453,16.9704,16970.4,130.0,42.0,,15,2019-03-08 21:27:20,Australia/Melbourne
2019-03-09 08:27:24+11:00,30444,-38.355972049757845,144.90345077589154,71.92549000000002,-9.800000000000011,2451,23.9724,23972.4,133.0,57.0,,15,2019-03-08 21:27:24,Australia/Melbourne
2019-03-09 08:27:28+11:00,30448,-38.35605729371309,144.90313754417005,71.95446000000003,-10.199999999999989,2449,27.1692,27169.2,136.0,68.0,,15,2019-03-08 21:27:28,Australia/Melbourne
2019-03-09 08:27:29+11:00,30449,-38.35607975721359,144.90305389277637,71.96217999999998,-10.199999999999989,2449,27.8604,27860.4,139.0,70.0,,15,2019-03-08 21:27:29,Australia/Melbourne
2019-03-09 08:27:30+11:00,30450,-38.356102053076036,144.90297024138272,71.9699,-10.199999999999989,2449,27.3996,27399.6,139.0,71.0,,15,2019-03-08 21:27:30,Australia/Melbourne
2019-03-09 08:27:33+11:00,30453,-38.356177993118756,144.90271233022213,71.99396999999999,-9.800000000000011,2451,28.774800000000006,28774.8,142.0,75.0,,15,2019-03-08 21:27:33,Australia/Melbourne
2019-03-09 08:27:37+11:00,30457,-38.35628528147936,144.90236213430762,72.02683,-10.0,2450,29.2032,29203.2,142.0,77.0,,15,2019-03-08 21:27:37,Australia/Melbourne
2019-03-09 08:27:42+11:00,30462,-38.35647940635681,144.90196307189763,72.06789,-10.199999999999989,2449,29.9772,29977.2,143.0,78.0,,15,2019-03-08 21:27:42,Australia/Melbourne
2019-03-09 08:27:48+11:00,30468,-38.35673907771706,144.90148270502687,72.11891,-10.399999999999975,2448,30.3048,30304.8,142.0,66.0,,15,2019-03-08 21:27:48,Australia/Melbourne
2019-03-09 08:27:51+11:00,30471,-38.356833709403865,144.90123258903625,72.14317,-11.0,2445,28.5048,28504.8,140.0,0.0,,15,2019-03-08 21:27:51,Australia/Melbourne
2019-03-09 08:27:54+11:00,30474,-38.356906548142426,144.9009924475104,72.16566999999998,-11.600000000000026,2442,25.4736,25473.6,138.0,0.0,,15,2019-03-08 21:27:54,Australia/Melbourne
2019-03-09 08:27:57+11:00,30477,-38.35696756839752,144.90078600123525,72.18499,-10.600000000000025,2447,22.482,22482.0,137.0,0.0,,15,2019-03-08 21:27:57,Australia/Melbourne
2019-03-09 08:27:58+11:00,30478,-38.35698164999485,144.90071735344827,72.19119,-10.600000000000025,2447,22.6224,22622.4,137.0,0.0,,15,2019-03-08 21:27:58,Australia/Melbourne
2019-03-09 08:28:02+11:00,30482,-38.357055997475975,144.90043303929266,72.21736999999997,-10.399999999999975,2448,25.434,25434.0,140.0,65.0,,15,2019-03-08 21:28:02,Australia/Melbourne
2019-03-09 08:28:04+11:00,30484,-38.357101175934076,144.90027956664562,72.23168000000001,-10.600000000000025,2447,25.4124,25412.4,141.0,66.0,,15,2019-03-08 21:28:04,Australia/Melbourne
2019-03-09 08:28:10+11:00,30490,-38.35724073462188,144.8997861240059,72.27753,-10.800000000000011,2446,28.3896,28389.6,140.0,72.0,,15,2019-03-08 21:28:10,Australia/Melbourne
2019-03-09 08:28:17+11:00,30497,-38.35741407237947,144.89917424507442,72.33436999999998,-11.199999999999989,2444,30.0276,30027.6,142.0,79.0,,15,2019-03-08 21:28:17,Australia/Melbourne
2019-03-09 08:28:25+11:00,30505,-38.357610376551754,144.89845080301166,72.40126,-10.399999999999975,2448,30.2364,30236.4,144.0,78.0,,15,2019-03-08 21:28:25,Australia/Melbourne
2019-03-09 08:28:27+11:00,30507,-38.35765840485692,144.89827059209347,72.41789,-10.600000000000025,2447,29.862,29862.0,144.0,77.0,,15,2019-03-08 21:28:27,Australia/Melbourne
2019-03-09 08:28:35+11:00,30515,-38.357859319075935,144.89756676368415,72.48333000000001,-10.600000000000025,2447,29.2032,29203.2,143.0,76.0,,15,2019-03-08 21:28:35,Australia/Melbourne
2019-03-09 08:28:36+11:00,30516,-38.35788253694773,144.8974793404341,72.49139,-10.600000000000025,2447,28.9152,28915.2,142.0,76.0,,15,2019-03-08 21:28:36,Australia/Melbourne
2019-03-09 08:28:44+11:00,30524,-38.35807892493904,144.89677366800606,72.55681,-10.600000000000025,2447,30.1536,30153.6,142.0,79.0,,15,2019-03-08 21:28:44,Australia/Melbourne
2019-03-09 08:28:52+11:00,30532,-38.35827430710197,144.89603991620243,72.62451999999999,-10.399999999999975,2448,30.4488,30448.8,143.0,80.0,,15,2019-03-08 21:28:52,Australia/Melbourne
2019-03-09 08:28:54+11:00,30534,-38.358321245759726,144.89585266448557,72.6417,-10.399999999999975,2448,30.6828,30682.8,143.0,80.0,,15,2019-03-08 21:28:54,Australia/Melbourne
2019-03-09 08:29:02+11:00,30542,-38.358534313738346,144.89511698484418,72.71021,-10.399999999999975,2448,30.8988,30898.8,144.0,80.0,,15,2019-03-08 21:29:02,Australia/Melbourne
2019-03-09 08:29:05+11:00,30545,-38.3586142770946,144.89484541118142,72.73555,-10.199999999999989,2449,30.6396,30639.6,143.0,79.0,,15,2019-03-08 21:29:05,Australia/Melbourne
2019-03-09 08:29:13+11:00,30553,-38.35882072336972,144.89412238821387,72.80275999999998,-11.0,2445,29.9196,29919.6,143.0,78.0,,15,2019-03-08 21:29:13,Australia/Melbourne
2019-03-09 08:29:15+11:00,30555,-38.35886271670461,144.89394024945798,72.81935,-10.199999999999989,2449,29.664,29664.0,142.0,79.0,,15,2019-03-08 21:29:15,Australia/Melbourne
2019-03-09 08:29:23+11:00,30563,-38.35906346328557,144.89320557564497,72.88731,-10.0,2450,30.9672,30967.2,141.0,82.0,,15,2019-03-08 21:29:23,Australia/Melbourne
2019-03-09 08:29:24+11:00,30564,-38.35909062065185,144.89311178214848,72.89605,-9.800000000000011,2451,31.3488,31348.8,142.0,81.0,,15,2019-03-08 21:29:24,Australia/Melbourne
2019-03-09 08:29:28+11:00,30568,-38.359194807708256,144.8927389550954,72.93063000000002,-11.0,2445,31.0572,31057.2,143.0,81.0,,15,2019-03-08 21:29:28,Australia/Melbourne
2019-03-09 08:29:32+11:00,30572,-38.3592987433076,144.8923670500517,72.96512,-10.600000000000025,2447,31.0536,31053.6,142.0,81.0,,15,2019-03-08 21:29:32,Australia/Melbourne
2019-03-09 08:29:39+11:00,30579,-38.35948783904314,144.891712339595,73.02608000000002,-10.199999999999989,2449,31.3596,31359.6,144.0,80.0,,15,2019-03-08 21:29:39,Australia/Melbourne
2019-03-09 08:29:41+11:00,30581,-38.35954223759472,144.89152475260195,73.04355,-9.800000000000011,2451,31.0572,31057.2,144.0,81.0,,15,2019-03-08 21:29:41,Australia/Melbourne
2019-03-09 08:29:48+11:00,30588,-38.3597282320261,144.89086098968986,73.10514,-9.800000000000011,2451,31.0968,31096.8,142.0,82.0,,15,2019-03-08 21:29:48,Australia/Melbourne
2019-03-09 08:29:49+11:00,30589,-38.35975522175431,144.89076669327915,73.1139,-9.800000000000011,2451,31.230000000000004,31230.0,142.0,80.0,,15,2019-03-08 21:29:49,Australia/Melbourne
2019-03-09 08:29:56+11:00,30596,-38.35993685759604,144.8901153355837,73.17430999999998,-9.600000000000025,2452,31.1004,31100.4,141.0,83.0,,15,2019-03-08 21:29:56,Australia/Melbourne
2019-03-09 08:29:57+11:00,30597,-38.35996191948652,144.8900227993727,73.18285999999999,-9.600000000000025,2452,30.794400000000003,30794.4,141.0,81.0,,15,2019-03-08 21:29:57,Australia/Melbourne
2019-03-09 08:30:05+11:00,30605,-38.36016358807683,144.88928401842713,73.25121,-9.199999999999989,2454,30.2328,30232.8,141.0,81.0,,15,2019-03-08 21:30:05,Australia/Melbourne
2019-03-09 08:30:06+11:00,30606,-38.360188733786345,144.889193829149,73.25957000000002,-9.399999999999975,2453,30.3444,30344.4,141.0,78.0,,15,2019-03-08 21:30:06,Australia/Melbourne
2019-03-09 08:30:14+11:00,30614,-38.36039082147181,144.8884659446776,73.32705,-9.600000000000025,2452,30.492000000000004,30492.0,139.0,78.0,,15,2019-03-08 21:30:14,Australia/Melbourne
2019-03-09 08:30:21+11:00,30621,-38.36055686697364,144.88781165331605,73.38714,-10.0,2450,31.1436,31143.6,141.0,82.0,,15,2019-03-08 21:30:21,Australia/Melbourne
2019-03-09 08:30:24+11:00,30624,-38.360643284395344,144.88753387704492,73.41324,-10.199999999999989,2449,31.402800000000006,31402.8,141.0,83.0,,15,2019-03-08 21:30:24,Australia/Melbourne
2019-03-09 08:30:31+11:00,30631,-38.36082751862705,144.88687941804528,73.47399,-10.0,2450,31.010400000000004,31010.4,142.0,80.0,,15,2019-03-08 21:30:31,Australia/Melbourne
2019-03-09 08:30:34+11:00,30634,-38.360911505296826,144.88659854046998,73.50025,-10.399999999999975,2448,31.370400000000004,31370.4,143.0,83.0,,15,2019-03-08 21:30:34,Australia/Melbourne
2019-03-09 08:30:41+11:00,30641,-38.361092302948244,144.88593502901497,73.56164,-10.0,2450,32.0364,32036.4,144.0,85.0,,15,2019-03-08 21:30:41,Australia/Melbourne
2019-03-09 08:30:44+11:00,30644,-38.361176708713174,144.88564467988908,73.58869,-9.800000000000011,2451,32.0688,32068.8,143.0,83.0,,15,2019-03-08 21:30:44,Australia/Melbourne
2019-03-09 08:30:51+11:00,30651,-38.36136672645807,144.88498468883338,73.65013,-9.399999999999975,2453,31.1868,31186.8,142.0,83.0,,15,2019-03-08 21:30:51,Australia/Melbourne
2019-03-09 08:30:56+11:00,30656,-38.3614891860634,144.88450842909515,73.69391999999998,-9.800000000000011,2451,31.3056,31305.6,139.0,82.0,,15,2019-03-08 21:30:56,Australia/Melbourne
2019-03-09 08:30:58+11:00,30658,-38.361544338986285,144.88432100974026,73.71141,-10.600000000000025,2447,30.834,30834.0,140.0,82.0,,15,2019-03-08 21:30:58,Australia/Melbourne
2019-03-09 08:31:05+11:00,30665,-38.36171390488744,144.8836688976735,73.77141,-10.600000000000025,2447,30.5532,30553.2,142.0,81.0,,15,2019-03-08 21:31:05,Australia/Melbourne
2019-03-09 08:31:06+11:00,30666,-38.361736284568906,144.8835733439773,73.78013,-10.800000000000011,2446,30.6936,30693.6,142.0,80.0,,15,2019-03-08 21:31:06,Australia/Melbourne
2019-03-09 08:31:07+11:00,30667,-38.36175723932684,144.88347745500502,73.78881,-10.800000000000011,2446,30.744,30744.0,142.0,81.0,,15,2019-03-08 21:31:07,Australia/Melbourne
2019-03-09 08:31:15+11:00,30675,-38.36196142248809,144.88273951224986,73.85719,-10.600000000000025,2447,30.2292,30229.2,141.0,79.0,,15,2019-03-08 21:31:15,Australia/Melbourne
2019-03-09 08:31:21+11:00,30681,-38.362115565687425,144.8821938503534,73.90788,-10.399999999999975,2448,30.4884,30488.4,144.0,78.0,,15,2019-03-08 21:31:21,Australia/Melbourne
2019-03-09 08:31:25+11:00,30685,-38.36221866309643,144.8818321712315,73.94149,-10.600000000000025,2447,30.0024,30002.4,145.0,79.0,,15,2019-03-08 21:31:25,Australia/Melbourne
2019-03-09 08:31:33+11:00,30693,-38.362419493496425,144.88111551851034,74.00797,-10.0,2450,29.6352,29635.2,144.0,77.0,,15,2019-03-08 21:31:33,Australia/Melbourne
2019-03-09 08:31:34+11:00,30694,-38.362444387748845,144.88102474249902,74.01638,-9.800000000000011,2451,30.2112,30211.2,144.0,79.0,,15,2019-03-08 21:31:34,Australia/Melbourne
2019-03-09 08:31:36+11:00,30696,-38.36249308660626,144.8808433581144,74.03312,-9.800000000000011,2451,30.376800000000006,30376.8,144.0,79.0,,15,2019-03-08 21:31:36,Australia/Melbourne
2019-03-09 08:31:43+11:00,30703,-38.362670447677374,144.8801970295608,74.09295999999999,-10.399999999999975,2448,30.528,30528.0,144.0,80.0,,15,2019-03-08 21:31:43,Australia/Melbourne
2019-03-09 08:31:51+11:00,30711,-38.362878235057,144.87946864217517,74.16067,-10.0,2450,30.225600000000004,30225.6,145.0,79.0,,15,2019-03-08 21:31:51,Australia/Melbourne
2019-03-09 08:31:59+11:00,30719,-38.363086776807904,144.87874696031213,74.22785999999999,-9.800000000000011,2451,30.063600000000005,30063.6,145.0,80.0,,15,2019-03-08 21:31:59,Australia/Melbourne
2019-03-09 08:32:07+11:00,30727,-38.3632717654109,144.8779978696257,74.29649,-9.600000000000025,2452,31.1112,31111.2,145.0,80.0,,15,2019-03-08 21:32:07,Australia/Melbourne
2019-03-09 08:32:08+11:00,30728,-38.36329665966332,144.8779024835676,74.30527000000002,-9.600000000000025,2452,31.3416,31341.6,146.0,82.0,,15,2019-03-08 21:32:08,Australia/Melbourne
2019-03-09 08:32:15+11:00,30735,-38.363461112603545,144.87722069956362,74.36760000000002,-10.0,2450,31.5144,31514.4,145.0,84.0,,15,2019-03-08 21:32:15,Australia/Melbourne
2019-03-09 08:32:16+11:00,30736,-38.363483576104045,144.87712447531518,74.37637,-10.199999999999989,2449,31.3848,31384.8,145.0,84.0,,15,2019-03-08 21:32:16,Australia/Melbourne
2019-03-09 08:32:23+11:00,30743,-38.36364241316915,144.87645065411925,74.43785000000003,-10.199999999999989,2449,31.381200000000003,31381.2,144.0,80.0,,15,2019-03-08 21:32:23,Australia/Melbourne
2019-03-09 08:32:25+11:00,30745,-38.36369270458817,144.87626248039302,74.45521000000002,-10.199999999999989,2449,31.0716,31071.6,145.0,81.0,,15,2019-03-08 21:32:25,Australia/Melbourne
2019-03-09 08:32:32+11:00,30752,-38.363861935213215,144.87560567446053,74.51562,-9.800000000000011,2451,31.104000000000006,31104.0,145.0,80.0,,15,2019-03-08 21:32:32,Australia/Melbourne
2019-03-09 08:32:33+11:00,30753,-38.36388607509434,144.87551162950697,74.52427,-9.600000000000025,2452,31.2444,31244.4,146.0,82.0,,15,2019-03-08 21:32:33,Australia/Melbourne
2019-03-09 08:32:40+11:00,30760,-38.36404868401586,144.87484619021416,74.58516999999999,-10.0,2450,30.546,30546.0,145.0,80.0,,15,2019-03-08 21:32:40,Australia/Melbourne
2019-03-09 08:32:43+11:00,30763,-38.364119175821536,144.8745658155531,74.61089,-9.600000000000025,2452,30.618,30618.0,145.0,79.0,,15,2019-03-08 21:32:43,Australia/Melbourne
2019-03-09 08:32:51+11:00,30771,-38.36429603397846,144.8738227598369,74.67874,-10.600000000000025,2447,30.1896,30189.6,145.0,79.0,,15,2019-03-08 21:32:51,Australia/Melbourne
2019-03-09 08:32:53+11:00,30773,-38.364342888817184,144.87364137545228,74.69542,-10.399999999999975,2448,29.4624,29462.4,146.0,79.0,,15,2019-03-08 21:32:53,Australia/Melbourne
2019-03-09 08:32:59+11:00,30779,-38.36445068009198,144.87310585565862,74.74373,-10.399999999999975,2448,29.6316,29631.6,145.0,78.0,,15,2019-03-08 21:32:59,Australia/Melbourne
2019-03-09 08:33:07+11:00,30787,-38.364638350903995,144.87237202003598,74.81116999999999,-10.0,2450,30.3192,30319.2,145.0,80.0,,15,2019-03-08 21:33:07,Australia/Melbourne
2019-03-09 08:33:15+11:00,30795,-38.364807832986116,144.87163977697492,74.87789000000001,-10.0,2450,29.556000000000004,29556.0,147.0,78.0,,15,2019-03-08 21:33:15,Australia/Melbourne
2019-03-09 08:33:16+11:00,30796,-38.364832224324346,144.87155126407743,74.88609,-10.199999999999989,2449,29.7972,29797.2,147.0,76.0,,15,2019-03-08 21:33:16,Australia/Melbourne
2019-03-09 08:33:23+11:00,30803,-38.36500346660614,144.8709186818451,74.94455,-10.0,2450,30.6144,30614.4,147.0,80.0,,15,2019-03-08 21:33:23,Australia/Melbourne
2019-03-09 08:33:31+11:00,30811,-38.365195412188775,144.87017948180437,75.01258,-9.399999999999975,2453,30.931200000000004,30931.2,146.0,80.0,,15,2019-03-08 21:33:31,Australia/Melbourne
2019-03-09 08:33:33+11:00,30813,-38.36524377577007,144.86999139189717,75.02986,-10.199999999999989,2449,31.1292,31129.2,146.0,80.0,,15,2019-03-08 21:33:33,Australia/Melbourne
2019-03-09 08:33:40+11:00,30820,-38.36541200056672,144.86932561732831,75.09098,-9.600000000000025,2452,31.161600000000004,31161.6,148.0,82.0,,15,2019-03-08 21:33:40,Australia/Melbourne
2019-03-09 08:33:43+11:00,30823,-38.36547520011664,144.8690462484956,75.11639,-9.800000000000011,2451,30.7764,30776.4,147.0,79.0,,15,2019-03-08 21:33:43,Australia/Melbourne
2019-03-09 08:33:51+11:00,30831,-38.365657087415464,144.86830168403685,75.18453000000001,-10.199999999999989,2449,30.3984,30398.4,145.0,80.0,,15,2019-03-08 21:33:51,Australia/Melbourne
2019-03-09 08:33:53+11:00,30833,-38.36570603772998,144.8681186232716,75.20142,-9.600000000000025,2452,31.0968,31096.8,145.0,81.0,,15,2019-03-08 21:33:53,Australia/Melbourne
2019-03-09 08:34:00+11:00,30840,-38.36587769910693,144.86745427362618,75.26253,-10.0,2450,31.0608,31060.8,144.0,82.0,,15,2019-03-08 21:34:00,Australia/Melbourne
2019-03-09 08:34:04+11:00,30844,-38.36594886146486,144.86716979183257,75.28862,-9.800000000000011,2451,31.219200000000004,31219.2,144.0,81.0,,15,2019-03-08 21:34:04,Australia/Melbourne
2019-03-09 08:34:11+11:00,30851,-38.36611121892929,144.86651256680491,75.34881,-9.800000000000011,2451,31.3596,31359.6,143.0,81.0,,15,2019-03-08 21:34:11,Australia/Melbourne
2019-03-09 08:34:15+11:00,30855,-38.366207107901566,144.8661373089999,75.3833,-10.600000000000025,2447,31.024800000000006,31024.8,142.0,81.0,,15,2019-03-08 21:34:15,Australia/Melbourne
2019-03-09 08:34:23+11:00,30863,-38.36639519780874,144.86539886333046,75.45114000000001,-10.0,2450,30.041999999999998,30042.0,142.0,81.0,,15,2019-03-08 21:34:23,Australia/Melbourne
2019-03-09 08:34:24+11:00,30864,-38.366417745128274,144.86530716530982,75.45953999999998,-10.0,2450,30.6324,30632.4,142.0,80.0,,15,2019-03-08 21:34:24,Australia/Melbourne
2019-03-09 08:34:31+11:00,30871,-38.36657339707018,144.86465949565172,75.51872,-9.600000000000025,2452,30.5676,30567.6,138.0,81.0,,15,2019-03-08 21:34:31,Australia/Melbourne
2019-03-09 08:34:34+11:00,30874,-38.366642547771335,144.864380126819,75.54431,-9.600000000000025,2452,30.5424,30542.4,141.0,82.0,,15,2019-03-08 21:34:34,Australia/Melbourne
2019-03-09 08:34:42+11:00,30882,-38.36683097295463,144.86363581381735,75.61264,-10.0,2450,30.0024,30002.4,142.0,80.0,,15,2019-03-08 21:34:42,Australia/Melbourne
2019-03-09 08:34:43+11:00,30883,-38.36685293354093,144.86354252323508,75.62116,-9.800000000000011,2451,30.3624,30362.4,143.0,79.0,,15,2019-03-08 21:34:43,Australia/Melbourne
2019-03-09 08:34:51+11:00,30891,-38.367034569382675,144.86279770731923,75.68930999999998,-8.800000000000011,2456,30.6972,30697.2,141.0,79.0,,15,2019-03-08 21:34:51,Australia/Melbourne
2019-03-09 08:34:52+11:00,30892,-38.367057032883174,144.86270466819406,75.69781,-8.600000000000023,2457,30.711600000000004,30711.6,141.0,82.0,,15,2019-03-08 21:34:52,Australia/Melbourne
2019-03-09 08:34:54+11:00,30894,-38.36710237897933,144.862516913563,75.71498000000001,-8.600000000000023,2457,30.9744,30974.4,141.0,80.0,,15,2019-03-08 21:34:54,Australia/Melbourne
2019-03-09 08:35:01+11:00,30901,-38.367251576855786,144.86185189336538,75.77542,-9.199999999999989,2454,30.5316,30531.6,139.0,80.0,,15,2019-03-08 21:35:01,Australia/Melbourne
2019-03-09 08:35:04+11:00,30904,-38.3673108369112,144.86156925559044,75.80099,-9.199999999999989,2454,31.0536,31053.6,139.0,80.0,,15,2019-03-08 21:35:04,Australia/Melbourne
2019-03-09 08:35:11+11:00,30911,-38.36745282635093,144.86090440303087,75.8612,-8.600000000000023,2457,31.2912,31291.2,140.0,80.0,,15,2019-03-08 21:35:11,Australia/Melbourne
2019-03-09 08:35:13+11:00,30913,-38.36749574169517,144.86071270890534,75.87861,-8.800000000000011,2456,31.287600000000005,31287.6,140.0,81.0,,15,2019-03-08 21:35:13,Australia/Melbourne
2019-03-09 08:35:19+11:00,30919,-38.36761828511953,144.8601291608065,75.93141999999999,-10.0,2450,31.7556,31755.6,142.0,81.0,,15,2019-03-08 21:35:19,Australia/Melbourne
2019-03-09 08:35:22+11:00,30922,-38.36767964065075,144.85983763821426,75.95778999999997,-9.399999999999975,2453,31.8168,31816.8,141.0,83.0,,15,2019-03-08 21:35:22,Australia/Melbourne
2019-03-09 08:35:29+11:00,30929,-38.36782380938529,144.85916054807603,76.01908999999998,-9.399999999999975,2453,31.8024,31802.4,140.0,81.0,,15,2019-03-08 21:35:29,Australia/Melbourne
2019-03-09 08:35:30+11:00,30930,-38.36784459650517,144.85906298272312,76.02792,-9.399999999999975,2453,31.896,31896.0,140.0,82.0,,15,2019-03-08 21:35:30,Australia/Melbourne
2019-03-09 08:35:34+11:00,30934,-38.367935288697474,144.85866928473115,76.06376999999999,-9.0,2455,32.1876,32187.6,139.0,83.0,,15,2019-03-08 21:35:34,Australia/Melbourne
2019-03-09 08:35:39+11:00,30939,-38.36803117766976,144.85817760229108,76.10803999999997,-9.199999999999989,2454,32.0688,32068.8,139.0,84.0,,15,2019-03-08 21:35:39,Australia/Melbourne
2019-03-09 08:35:46+11:00,30946,-38.36818649433553,144.85748500563204,76.17098,-9.399999999999975,2453,32.1336,32133.6,138.0,84.0,,15,2019-03-08 21:35:46,Australia/Melbourne
2019-03-09 08:35:48+11:00,30948,-38.368230247870095,144.85728803090748,76.18887,-9.800000000000011,2451,32.31,32310.0,138.0,84.0,,15,2019-03-08 21:35:48,Australia/Melbourne
2019-03-09 08:35:55+11:00,30955,-38.368376260623336,144.8566031455994,76.25088000000002,-9.0,2455,31.4244,31424.4,139.0,85.0,,15,2019-03-08 21:35:55,Australia/Melbourne
2019-03-09 08:35:58+11:00,30958,-38.368440130725496,144.85631497576833,76.27704,-9.0,2455,31.4856,31485.6,139.0,82.0,,15,2019-03-08 21:35:58,Australia/Melbourne
2019-03-09 08:36:05+11:00,30965,-38.36857197806239,144.8556406516582,76.33775,-9.0,2455,31.248,31248.0,140.0,81.0,,15,2019-03-08 21:36:05,Australia/Melbourne
2019-03-09 08:36:09+11:00,30969,-38.36865889839828,144.85525290481746,76.37299,-9.199999999999989,2454,31.482,31482.0,140.0,81.0,,15,2019-03-08 21:36:09,Australia/Melbourne
2019-03-09 08:36:15+11:00,30975,-38.368787644431,144.8546753078699,76.42548000000001,-9.399999999999975,2453,31.5576,31557.6,137.0,82.0,,15,2019-03-08 21:36:15,Australia/Melbourne
2019-03-09 08:36:19+11:00,30979,-38.36887573823333,144.8542907461524,76.46047999999998,-10.399999999999975,2448,31.521600000000007,31521.6,137.0,82.0,,15,2019-03-08 21:36:19,Australia/Melbourne
2019-03-09 08:36:27+11:00,30987,-38.36903038434684,144.85353444702926,76.52878,-9.800000000000011,2451,30.401999999999997,30402.0,138.0,79.0,,15,2019-03-08 21:36:27,Australia/Melbourne
2019-03-09 08:36:28+11:00,30988,-38.369050836190574,144.85344065353274,76.53728000000001,-9.600000000000025,2452,30.4524,30452.4,138.0,79.0,,15,2019-03-08 21:36:28,Australia/Melbourne
2019-03-09 08:36:35+11:00,30995,-38.36916306987405,144.85278535634282,76.5959,-10.399999999999975,2448,30.258000000000003,30258.0,140.0,78.0,,15,2019-03-08 21:36:35,Australia/Melbourne
2019-03-09 08:36:42+11:00,31002,-38.369272034615285,144.85211145132783,76.65603,-11.0,2445,31.1148,31114.8,142.0,81.0,,15,2019-03-08 21:36:42,Australia/Melbourne
2019-03-09 08:36:44+11:00,31004,-38.36930078454316,144.85191841609776,76.67321000000003,-10.800000000000011,2446,30.761999999999997,30762.0,142.0,81.0,,15,2019-03-08 21:36:44,Australia/Melbourne
2019-03-09 08:36:51+11:00,31011,-38.3694021217525,144.85124199651182,76.73342,-10.600000000000025,2447,31.2804,31280.4,142.0,79.0,,15,2019-03-08 21:36:51,Australia/Melbourne
2019-03-09 08:36:52+11:00,31012,-38.3694145269692,144.85114434733987,76.74206,-10.600000000000025,2447,30.9924,30992.4,142.0,79.0,,15,2019-03-08 21:36:52,Australia/Melbourne
2019-03-09 08:37:00+11:00,31020,-38.3695229049772,144.85037840902802,76.81007000000002,-10.0,2450,30.4992,30499.2,144.0,81.0,,15,2019-03-08 21:37:00,Australia/Melbourne
2019-03-09 08:37:01+11:00,31021,-38.369536567479365,144.85028268769383,76.81857000000002,-10.0,2450,30.636,30636.0,145.0,81.0,,15,2019-03-08 21:37:01,Australia/Melbourne
2019-03-09 08:37:09+11:00,31029,-38.36964326910674,144.84951976686716,76.8863,-9.800000000000011,2451,30.4848,30484.8,144.0,76.0,,15,2019-03-08 21:37:09,Australia/Melbourne
2019-03-09 08:37:10+11:00,31030,-38.36965668015182,144.84942521899941,76.8947,-10.0,2450,30.4704,30470.4,144.0,81.0,,15,2019-03-08 21:37:10,Australia/Melbourne
2019-03-09 08:37:17+11:00,31037,-38.36975030601025,144.8487456981093,76.95499000000002,-9.800000000000011,2451,31.3848,31384.8,144.0,81.0,,15,2019-03-08 21:37:17,Australia/Melbourne
2019-03-09 08:37:21+11:00,31041,-38.369807973504074,144.8483496531844,76.99019,-10.199999999999989,2449,31.914,31914.0,143.0,83.0,,15,2019-03-08 21:37:21,Australia/Melbourne
2019-03-09 08:37:28+11:00,31048,-38.36990612559021,144.84764624387026,77.05264,-9.800000000000011,2451,32.22,32220.0,145.0,84.0,,15,2019-03-08 21:37:28,Australia/Melbourne
2019-03-09 08:37:32+11:00,31052,-38.36997200734913,144.84724349342287,77.08858000000002,-10.199999999999989,2449,32.3676,32367.6,145.0,84.0,,15,2019-03-08 21:37:32,Australia/Melbourne
2019-03-09 08:37:39+11:00,31059,-38.37007284164429,144.84652918763462,77.15199000000001,-10.800000000000011,2446,32.2308,32230.8,144.0,84.0,,15,2019-03-08 21:37:39,Australia/Melbourne
2019-03-09 08:37:41+11:00,31061,-38.37009622715413,144.84632793813944,77.16977,-10.199999999999989,2449,31.9176,31917.6,144.0,84.0,,15,2019-03-08 21:37:41,Australia/Melbourne
2019-03-09 08:37:48+11:00,31068,-38.37018985301256,144.84563970007005,77.23080999999998,-10.0,2450,31.0068,31006.8,142.0,81.0,,15,2019-03-08 21:37:48,Australia/Melbourne
2019-03-09 08:37:52+11:00,31072,-38.370244335383184,144.84524994157258,77.2654,-9.800000000000011,2451,31.1292,31129.2,142.0,80.0,,15,2019-03-08 21:37:52,Australia/Melbourne
2019-03-09 08:37:59+11:00,31079,-38.37034366093576,144.84455432742834,77.32717,-10.199999999999989,2449,32.1948,32194.8,140.0,84.0,,15,2019-03-08 21:37:59,Australia/Melbourne
2019-03-09 08:38:01+11:00,31081,-38.37037023156881,144.84435240738094,77.34506999999999,-10.199999999999989,2449,32.2668,32266.8,141.0,83.0,,15,2019-03-08 21:38:01,Australia/Melbourne
2019-03-09 08:38:08+11:00,31088,-38.37047039531171,144.84365218319,77.40728,-10.399999999999975,2448,31.6476,31647.6,141.0,82.0,,15,2019-03-08 21:38:08,Australia/Melbourne
2019-03-09 08:38:11+11:00,31091,-38.37051071226597,144.8433567211032,77.43349,-10.399999999999975,2448,31.2768,31276.8,141.0,81.0,,15,2019-03-08 21:38:11,Australia/Melbourne
2019-03-09 08:38:18+11:00,31098,-38.370604002848275,144.84267661347985,77.49382000000001,-10.199999999999989,2449,31.0068,31006.8,142.0,80.0,,15,2019-03-08 21:38:18,Australia/Melbourne
2019-03-09 08:38:20+11:00,31100,-38.37063367478549,144.8424835782498,77.51102,-10.399999999999975,2448,30.8376,30837.6,142.0,81.0,,15,2019-03-08 21:38:20,Australia/Melbourne
2019-03-09 08:38:28+11:00,31108,-38.37073970586062,144.84171244315803,77.57942,-10.0,2450,30.978,30978.0,143.0,81.0,,15,2019-03-08 21:38:28,Australia/Melbourne
2019-03-09 08:38:29+11:00,31109,-38.370753703638904,144.84161554835737,77.58803,-10.0,2450,30.996,30996.0,143.0,81.0,,15,2019-03-08 21:38:29,Australia/Melbourne
2019-03-09 08:38:37+11:00,31117,-38.37083710357547,144.84084013849497,77.65653,-9.800000000000011,2451,30.8304,30830.4,142.0,80.0,,15,2019-03-08 21:38:37,Australia/Melbourne
2019-03-09 08:38:38+11:00,31118,-38.370842048898346,144.84074106439948,77.6652,-9.600000000000025,2452,31.176,31176.0,142.0,81.0,,15,2019-03-08 21:38:38,Australia/Melbourne
2019-03-09 08:38:45+11:00,31125,-38.370865350589156,144.84005047939718,77.72563000000002,-10.600000000000025,2447,30.9744,30974.4,141.0,80.0,,15,2019-03-08 21:38:45,Australia/Melbourne
2019-03-09 08:38:46+11:00,31126,-38.37086794897914,144.83995081856847,77.73434,-10.399999999999975,2448,31.3272,31327.2,141.0,82.0,,15,2019-03-08 21:38:46,Australia/Melbourne
2019-03-09 08:38:53+11:00,31133,-38.370885299518704,144.83925109729168,77.79552000000002,-11.199999999999989,2444,31.5108,31510.8,141.0,83.0,,15,2019-03-08 21:38:53,Australia/Melbourne
2019-03-09 08:38:55+11:00,31135,-38.37088655680418,144.8390512727201,77.81298000000001,-11.0,2445,31.3884,31388.4,141.0,83.0,,15,2019-03-08 21:38:55,Australia/Melbourne
2019-03-09 08:38:57+11:00,31137,-38.37089267559349,144.83885161578658,77.83045,-11.399999999999974,2443,31.6332,31633.2,141.0,82.0,,15,2019-03-08 21:38:57,Australia/Melbourne
2019-03-09 08:39:04+11:00,31144,-38.37090902030468,144.83815918676555,77.89099,-11.199999999999989,2444,30.506400000000006,30506.4,140.0,80.0,,15,2019-03-08 21:39:04,Australia/Melbourne
2019-03-09 08:39:05+11:00,31145,-38.370912289246924,144.83806254342198,77.89944,-11.399999999999974,2443,30.311999999999998,30312.0,140.0,79.0,,15,2019-03-08 21:39:05,Australia/Melbourne
2019-03-09 08:39:10+11:00,31150,-38.37092746049166,144.83758804388344,77.94096,-10.399999999999975,2448,30.3192,30319.2,141.0,79.0,,15,2019-03-08 21:39:10,Australia/Melbourne
2019-03-09 08:39:14+11:00,31154,-38.37092712521553,144.83720356598496,77.97456,-10.600000000000025,2447,30.5316,30531.6,143.0,78.0,,15,2019-03-08 21:39:14,Australia/Melbourne
2019-03-09 08:39:21+11:00,31161,-38.37094866670668,144.83650434762242,78.03571000000002,-11.0,2445,32.0328,32032.8,144.0,83.0,,15,2019-03-08 21:39:21,Australia/Melbourne
2019-03-09 08:39:24+11:00,31164,-38.37095495313407,144.83620125800368,78.06219999999998,-10.600000000000025,2447,31.7808,31780.8,144.0,84.0,,15,2019-03-08 21:39:24,Australia/Melbourne
2019-03-09 08:39:31+11:00,31171,-38.3709682803601,144.8355126008391,78.1224,-10.399999999999975,2448,30.6936,30693.6,145.0,81.0,,15,2019-03-08 21:39:31,Australia/Melbourne
2019-03-09 08:39:34+11:00,31174,-38.37097406387329,144.83522518537941,78.14752,-10.399999999999975,2448,30.366000000000003,30366.0,145.0,80.0,,15,2019-03-08 21:39:34,Australia/Melbourne
2019-03-09 08:39:42+11:00,31182,-38.37099635973573,144.83445337973538,78.21500999999998,-10.600000000000025,2447,30.733200000000004,30733.2,143.0,79.0,,15,2019-03-08 21:39:42,Australia/Melbourne
2019-03-09 08:39:45+11:00,31185,-38.371003987267606,144.83416286297145,78.24042,-9.800000000000011,2451,30.6072,30607.2,144.0,79.0,,15,2019-03-08 21:39:45,Australia/Melbourne
2019-03-09 08:39:53+11:00,31193,-38.37103751488029,144.83338468708098,78.30852,-9.800000000000011,2451,30.513600000000004,30513.6,144.0,79.0,,15,2019-03-08 21:39:53,Australia/Melbourne
2019-03-09 08:40:01+11:00,31201,-38.37106031365693,144.83263324946162,78.37424,-10.199999999999989,2449,29.7432,29743.2,143.0,78.0,,15,2019-03-08 21:40:01,Australia/Melbourne
2019-03-09 08:40:02+11:00,31202,-38.37106324732304,144.8325392045081,78.38246000000002,-10.0,2450,29.7468,29746.8,143.0,77.0,,15,2019-03-08 21:40:02,Australia/Melbourne
2019-03-09 08:40:10+11:00,31210,-38.37108093313873,144.83177829533815,78.44899000000002,-10.0,2450,30.0456,30045.6,144.0,29.0,,15,2019-03-08 21:40:10,Australia/Melbourne
2019-03-09 08:40:12+11:00,31212,-38.371087219566114,144.83158299699426,78.46607,-10.0,2450,30.654000000000003,30654.0,144.0,80.0,,14,2019-03-08 21:40:12,Australia/Melbourne
2019-03-09 08:40:20+11:00,31220,-38.371109431609504,144.8308156337589,78.53319,-10.199999999999989,2449,28.8756,28875.6,146.0,75.0,,14,2019-03-08 21:40:20,Australia/Melbourne
2019-03-09 08:40:28+11:00,31228,-38.371118903160095,144.83006897382435,78.59846,-10.0,2450,29.1636,29163.6,147.0,77.0,,14,2019-03-08 21:40:28,Australia/Melbourne
2019-03-09 08:40:36+11:00,31236,-38.37112745270133,144.82932809740302,78.66320999999999,-9.600000000000025,2452,29.4012,29401.2,149.0,76.0,,14,2019-03-08 21:40:36,Australia/Melbourne
2019-03-09 08:40:38+11:00,31238,-38.37113373912871,144.8291374929249,78.67989,-9.800000000000011,2451,29.926800000000004,29926.8,150.0,78.0,,14,2019-03-08 21:40:38,Australia/Melbourne
2019-03-09 08:40:45+11:00,31245,-38.371143713593476,144.82846316881478,78.73884,-9.800000000000011,2451,30.063600000000005,30063.6,153.0,80.0,,14,2019-03-08 21:40:45,Australia/Melbourne
2019-03-09 08:40:47+11:00,31247,-38.37114547379315,144.82827382162213,78.75539,-9.600000000000025,2452,30.0312,30031.2,152.0,79.0,,14,2019-03-08 21:40:47,Australia/Melbourne
2019-03-09 08:40:54+11:00,31254,-38.371081771329045,144.82759731821716,78.81506,-9.600000000000025,2452,31.1688,31168.8,152.0,80.0,,14,2019-03-08 21:40:54,Australia/Melbourne
2019-03-09 08:41:00+11:00,31260,-38.37100482545793,144.8270225711167,78.86601999999999,-9.600000000000025,2452,30.733200000000004,30733.2,149.0,79.0,,14,2019-03-08 21:41:00,Australia/Melbourne
2019-03-09 08:41:02+11:00,31262,-38.37098361924291,144.82683104462922,78.88292,-9.199999999999989,2454,30.340800000000005,30340.8,149.0,79.0,,14,2019-03-08 21:41:02,Australia/Melbourne
2019-03-09 08:41:10+11:00,31270,-38.370886892080314,144.8260680399835,78.95045999999999,-9.399999999999975,2453,29.951999999999998,29952.0,147.0,80.0,,14,2019-03-08 21:41:10,Australia/Melbourne
2019-03-09 08:41:18+11:00,31278,-38.37078530341387,144.82529774308202,79.01871000000001,-9.199999999999989,2454,30.6144,30614.4,144.0,80.0,,14,2019-03-08 21:41:18,Australia/Melbourne
2019-03-09 08:41:21+11:00,31281,-38.370745489373796,144.8250098247081,79.04425,-9.0,2455,31.0428,31042.8,144.0,81.0,,14,2019-03-08 21:41:21,Australia/Melbourne
2019-03-09 08:41:29+11:00,31289,-38.3706542942673,144.82423533685503,79.11269,-9.399999999999975,2453,30.4524,30452.4,142.0,79.0,,15,2019-03-08 21:41:29,Australia/Melbourne
2019-03-09 08:41:32+11:00,31292,-38.37061649188399,144.82395571656525,79.13749,-9.199999999999989,2454,29.8656,29865.6,141.0,78.0,,15,2019-03-08 21:41:32,Australia/Melbourne
2019-03-09 08:41:40+11:00,31300,-38.370529990643256,144.82321257703006,79.20314,-9.0,2455,29.4588,29458.8,141.0,75.0,,15,2019-03-08 21:41:40,Australia/Melbourne
2019-03-09 08:41:44+11:00,31304,-38.37049369700253,144.8228664882481,79.23366,-9.199999999999989,2454,27.0108,27010.8,140.0,63.0,,15,2019-03-08 21:41:44,Australia/Melbourne
2019-03-09 08:41:48+11:00,31308,-38.370459582656615,144.8225968424231,79.25753,-9.199999999999989,2454,18.1188,18118.8,137.0,0.0,,15,2019-03-08 21:41:48,Australia/Melbourne
2019-03-09 08:41:49+11:00,31309,-38.37045178748667,144.8225530050695,79.26146,-8.800000000000011,2456,14.6772,14677.2,137.0,0.0,,15,2019-03-08 21:41:49,Australia/Melbourne
2019-03-09 08:41:51+11:00,31311,-38.37043938226998,144.82246658764782,79.26913,-8.199999999999989,2459,14.3964,14396.4,136.0,0.0,,15,2019-03-08 21:41:51,Australia/Melbourne
2019-03-09 08:41:54+11:00,31314,-38.37041725404561,144.82229802757504,79.28406,-8.199999999999989,2459,18.8784,18878.4,138.0,48.0,,15,2019-03-08 21:41:54,Australia/Melbourne
2019-03-09 08:41:58+11:00,31318,-38.37038146331906,144.82202083803713,79.30861,-8.800000000000011,2456,22.7556,22755.6,141.0,58.0,,15,2019-03-08 21:41:58,Australia/Melbourne
2019-03-09 08:41:59+11:00,31319,-38.370373416692026,144.8219436407089,79.31541999999999,-9.0,2455,23.868000000000002,23868.0,142.0,41.0,,15,2019-03-08 21:41:59,Australia/Melbourne
2019-03-09 08:42:05+11:00,31325,-38.3703141566366,144.82143343426287,79.36048000000001,-9.0,2455,27.504,27504.0,144.0,71.0,,15,2019-03-08 21:42:05,Australia/Melbourne
2019-03-09 08:42:13+11:00,31333,-38.37021810002625,144.82070839963853,79.42474,-8.399999999999977,2458,29.5848,29584.8,145.0,77.0,,15,2019-03-08 21:42:13,Australia/Melbourne
2019-03-09 08:42:21+11:00,31341,-38.370113158598535,144.8199693672359,79.49037,-9.0,2455,28.4724,28472.4,145.0,63.0,,15,2019-03-08 21:42:21,Australia/Melbourne
2019-03-09 08:42:23+11:00,31343,-38.37009379640222,144.8198134638369,79.50416,-9.0,2455,23.6196,23619.6,143.0,0.0,,15,2019-03-08 21:42:23,Australia/Melbourne
2019-03-09 08:42:27+11:00,31347,-38.37007485330105,144.81964079663157,79.51939,-8.0,2460,8.55,8550.0,142.0,0.0,,15,2019-03-08 21:42:27,Australia/Melbourne
2019-03-09 08:42:46+11:00,31366,-38.37006479501724,144.81957508251068,79.52148000000001,-8.0,2460,7.441200000000001,7441.2,144.0,0.0,,15,2019-03-08 21:42:46,Australia/Melbourne
2019-03-09 08:42:50+11:00,31370,-38.37005733512342,144.81941750273108,79.53528,-8.0,2460,15.170400000000004,15170.4,141.0,0.0,,15,2019-03-08 21:42:50,Australia/Melbourne
2019-03-09 08:42:51+11:00,31371,-38.370054652914405,144.81936377473176,79.53999,-8.199999999999989,2459,16.0812,16081.2,141.0,0.0,,15,2019-03-08 21:42:51,Australia/Melbourne
2019-03-09 08:42:57+11:00,31377,-38.37001115083695,144.81896303594112,79.57535,-8.600000000000023,2457,23.9148,23914.8,141.0,64.0,,15,2019-03-08 21:42:57,Australia/Melbourne
2019-03-09 08:43:03+11:00,31383,-38.36995130404829,144.8184686712921,79.61907000000002,-8.600000000000023,2457,27.305999999999997,27306.0,143.0,76.0,,15,2019-03-08 21:43:03,Australia/Melbourne
2019-03-09 08:43:06+11:00,31386,-38.36992934346199,144.81819290667772,79.6433,-8.800000000000011,2456,29.199600000000004,29199.6,146.0,80.0,,15,2019-03-08 21:43:06,Australia/Melbourne
2019-03-09 08:43:10+11:00,31390,-38.36987092159689,144.81779962778091,79.67827,-9.199999999999989,2454,30.0204,30020.4,149.0,78.0,,15,2019-03-08 21:43:10,Australia/Melbourne
2019-03-09 08:43:11+11:00,31391,-38.369855247437954,144.81770248152316,79.68692999999998,-9.199999999999989,2454,29.8188,29818.8,150.0,78.0,,15,2019-03-08 21:43:11,Australia/Melbourne
2019-03-09 08:43:17+11:00,31397,-38.36974376812577,144.81714265421033,79.73741,-8.800000000000011,2456,29.6676,29667.6,150.0,78.0,,15,2019-03-08 21:43:17,Australia/Melbourne
2019-03-09 08:43:24+11:00,31404,-38.369605634361506,144.81646883301437,79.79825,-8.800000000000011,2456,31.6152,31615.2,150.0,81.0,,15,2019-03-08 21:43:24,Australia/Melbourne
2019-03-09 08:43:25+11:00,31405,-38.369586104527116,144.8163716029376,79.80703000000001,-8.800000000000011,2456,31.5504,31550.4,150.0,83.0,,15,2019-03-08 21:43:25,Australia/Melbourne
2019-03-09 08:43:32+11:00,31412,-38.36944554001093,144.8156936746091,79.86828999999999,-9.0,2455,31.233600000000006,31233.6,147.0,82.0,,15,2019-03-08 21:43:32,Australia/Melbourne
2019-03-09 08:43:35+11:00,31415,-38.369384435936816,144.8154059238732,79.89435,-8.800000000000011,2456,31.172400000000003,31172.4,146.0,81.0,,15,2019-03-08 21:43:35,Australia/Melbourne
2019-03-09 08:43:42+11:00,31422,-38.36924437433481,144.814736796543,79.95488,-8.399999999999977,2458,30.952800000000003,30952.8,144.0,81.0,,15,2019-03-08 21:43:42,Australia/Melbourne
2019-03-09 08:43:44+11:00,31424,-38.369199950247996,144.8145446833223,79.97238,-8.399999999999977,2458,31.287600000000005,31287.6,144.0,82.0,,15,2019-03-08 21:43:44,Australia/Melbourne
2019-03-09 08:43:51+11:00,31431,-38.36906642653047,144.81386424042284,80.03367,-9.399999999999975,2453,31.3488,31348.8,144.0,82.0,,15,2019-03-08 21:43:51,Australia/Melbourne
2019-03-09 08:43:52+11:00,31432,-38.36904471740127,144.81376692652702,80.04251,-9.199999999999989,2454,31.338,31338.0,144.0,82.0,,15,2019-03-08 21:43:52,Australia/Melbourne
2019-03-09 08:43:59+11:00,31439,-38.36890415288508,144.8130926862359,80.10346000000001,-8.399999999999977,2458,30.924,30924.0,146.0,79.0,,15,2019-03-08 21:43:59,Australia/Melbourne
2019-03-09 08:44:00+11:00,31440,-38.36888554506004,144.8129959590733,80.11216,-8.199999999999989,2459,31.024800000000006,31024.8,146.0,83.0,,15,2019-03-08 21:44:00,Australia/Melbourne
2019-03-09 08:44:02+11:00,31442,-38.368851346895106,144.81280107982457,80.12961,-8.399999999999977,2458,30.9276,30927.6,145.0,81.0,,15,2019-03-08 21:44:02,Australia/Melbourne
2019-03-09 08:44:09+11:00,31449,-38.36869016289711,144.81214117258787,80.19003000000001,-8.0,2460,30.294,30294.0,147.0,80.0,,15,2019-03-08 21:44:09,Australia/Melbourne
2019-03-09 08:44:10+11:00,31450,-38.368659988045685,144.81205408461392,80.19835,-7.800000000000012,2461,29.764800000000005,29764.8,147.0,80.0,,15,2019-03-08 21:44:10,Australia/Melbourne
2019-03-09 08:44:11+11:00,31451,-38.368629226461046,144.81197026558218,80.20643000000001,-7.600000000000023,2462,28.9296,28929.6,147.0,76.0,,15,2019-03-08 21:44:11,Australia/Melbourne
2019-03-09 08:44:15+11:00,31455,-38.368507940322154,144.81165887787938,80.2368,-7.0,2465,25.8444,25844.4,146.0,69.0,,15,2019-03-08 21:44:15,Australia/Melbourne
2019-03-09 08:44:16+11:00,31456,-38.368479609489434,144.81158562004566,80.24391999999999,-6.600000000000023,2467,25.318800000000003,25318.8,146.0,65.0,,15,2019-03-08 21:44:16,Australia/Melbourne
2019-03-09 08:44:19+11:00,31459,-38.368396209552884,144.81137800030407,80.26428999999997,-5.800000000000012,2471,23.2416,23241.6,145.0,62.0,,15,2019-03-08 21:44:19,Australia/Melbourne
2019-03-09 08:44:23+11:00,31463,-38.368288585916154,144.81111028231683,80.29057,-4.600000000000024,2477,23.1408,23140.8,146.0,60.0,,15,2019-03-08 21:44:23,Australia/Melbourne
2019-03-09 08:44:28+11:00,31468,-38.36816109716892,144.81078196316955,80.32257000000001,-3.6000000000000227,2482,22.2372,22237.2,149.0,59.0,,15,2019-03-08 21:44:28,Australia/Melbourne
2019-03-09 08:44:29+11:00,31469,-38.36812974885106,144.81072085909543,80.32894999999998,-3.3999999999999773,2483,22.4748,22474.8,150.0,61.0,,15,2019-03-08 21:44:29,Australia/Melbourne
2019-03-09 08:44:31+11:00,31471,-38.36807920597494,144.81058423407376,80.34214,-3.0,2485,22.6548,22654.8,151.0,60.0,,15,2019-03-08 21:44:31,Australia/Melbourne
2019-03-09 08:44:34+11:00,31474,-38.36800376884639,144.81038943864402,80.36110000000002,-2.1999999999999886,2489,23.0076,23007.6,153.0,60.0,,15,2019-03-08 21:44:34,Australia/Melbourne
2019-03-09 08:44:40+11:00,31480,-38.36784484796225,144.80998316779733,80.40075,-1.6000000000000227,2492,24.5592,24559.2,154.0,65.0,,15,2019-03-08 21:44:40,Australia/Melbourne
2019-03-09 08:44:44+11:00,31484,-38.36772448383272,144.80968502350154,80.43007,-1.3999999999999773,2493,26.676,26676.0,155.0,69.0,,15,2019-03-08 21:44:44,Australia/Melbourne
2019-03-09 08:44:46+11:00,31486,-38.36766438558698,144.8095264378935,80.44546000000003,-1.6000000000000227,2492,27.7596,27759.6,155.0,72.0,,15,2019-03-08 21:44:46,Australia/Melbourne
2019-03-09 08:44:52+11:00,31492,-38.367505045607686,144.80899150483307,80.49546000000002,-1.8000000000000114,2491,30.4128,30412.8,156.0,80.0,,15,2019-03-08 21:44:52,Australia/Melbourne
2019-03-09 08:44:58+11:00,31498,-38.36736322380602,144.80840016156438,80.54949,-3.1999999999999886,2484,33.4476,33447.6,156.0,87.0,,15,2019-03-08 21:44:58,Australia/Melbourne
2019-03-09 08:44:59+11:00,31499,-38.367343861609704,144.80829572305083,80.55887,-3.6000000000000227,2482,33.606,33606.0,155.0,87.0,,15,2019-03-08 21:44:59,Australia/Melbourne
2019-03-09 08:45:06+11:00,31506,-38.36719583719969,144.80754964984953,80.62612,-4.0,2480,35.1828,35182.8,152.0,89.0,,15,2019-03-08 21:45:06,Australia/Melbourne
2019-03-09 08:45:08+11:00,31508,-38.36715417914093,144.80733104981482,80.64578,-4.199999999999989,2479,35.0568,35056.8,150.0,93.0,,15,2019-03-08 21:45:08,Australia/Melbourne
2019-03-09 08:45:09+11:00,31509,-38.36713347584009,144.80722191743553,80.65558,-4.600000000000024,2477,35.0964,35096.4,149.0,91.0,,15,2019-03-08 21:45:09,Australia/Melbourne
2019-03-09 08:45:13+11:00,31513,-38.36705217137933,144.80678941123188,80.69445,-4.800000000000012,2476,34.714800000000004,34714.8,146.0,89.0,,15,2019-03-08 21:45:13,Australia/Melbourne
2019-03-09 08:45:16+11:00,31516,-38.36699240840972,144.80646276846528,80.72376,-5.399999999999976,2473,34.7904,34790.4,145.0,90.0,,15,2019-03-08 21:45:16,Australia/Melbourne
2019-03-09 08:45:19+11:00,31519,-38.36693013086915,144.8061406519264,80.75275,-5.0,2475,34.8948,34894.8,145.0,81.0,,15,2019-03-08 21:45:19,Australia/Melbourne
2019-03-09 08:45:26+11:00,31526,-38.36677984334528,144.80537798255682,80.82146999999999,-6.199999999999988,2469,35.2656,35265.6,145.0,81.0,,15,2019-03-08 21:45:26,Australia/Melbourne
2019-03-09 08:45:28+11:00,31528,-38.366738772019744,144.80515837669373,80.84121,-5.199999999999988,2474,35.43120000000001,35431.200000000004,145.0,80.0,,15,2019-03-08 21:45:28,Australia/Melbourne
2019-03-09 08:45:34+11:00,31534,-38.36661673150957,144.8045034147799,80.90003999999998,-6.199999999999988,2469,35.0388,35038.8,142.0,81.0,,15,2019-03-08 21:45:34,Australia/Melbourne
2019-03-09 08:45:35+11:00,31535,-38.366596698760986,144.8043913487345,80.91008000000002,-5.800000000000012,2471,35.6472,35647.200000000004,142.0,81.0,,15,2019-03-08 21:45:35,Australia/Melbourne
2019-03-09 08:45:39+11:00,31539,-38.36651237681507,144.8039511311799,80.94967,-6.800000000000012,2466,35.5536,35553.6,142.0,82.0,,15,2019-03-08 21:45:39,Australia/Melbourne
2019-03-09 08:45:43+11:00,31543,-38.366427551954985,144.80351854115725,80.98864,-6.800000000000012,2466,35.02800000000001,35028.0,140.0,80.0,,15,2019-03-08 21:45:43,Australia/Melbourne
2019-03-09 08:45:49+11:00,31549,-38.36628665216267,144.80286785401404,81.04762,-6.199999999999988,2469,35.41679999999999,35416.8,143.0,82.0,,15,2019-03-08 21:45:49,Australia/Melbourne
2019-03-09 08:45:52+11:00,31552,-38.36621339432895,144.80253819376233,81.07755999999998,-6.600000000000023,2467,35.7372,35737.200000000004,145.0,82.0,,15,2019-03-08 21:45:52,Australia/Melbourne
2019-03-09 08:45:58+11:00,31558,-38.366055730730295,144.80187174864113,81.13838,-8.0,2460,37.02240000000001,37022.4,143.0,85.0,,15,2019-03-08 21:45:58,Australia/Melbourne
2019-03-09 08:46:00+11:00,31560,-38.366003092378385,144.8016456887126,81.15899,-7.800000000000012,2461,36.9108,36910.8,143.0,85.0,,15,2019-03-08 21:46:00,Australia/Melbourne
2019-03-09 08:46:06+11:00,31566,-38.36584408767522,144.80095493607226,81.22189,-8.399999999999977,2458,37.7352,37735.2,141.0,85.0,,15,2019-03-08 21:46:06,Australia/Melbourne
2019-03-09 08:46:08+11:00,31568,-38.365789605304606,144.80072468519208,81.24289999999998,-8.600000000000023,2457,37.5336,37533.6,141.0,86.0,,15,2019-03-08 21:46:08,Australia/Melbourne
2019-03-09 08:46:11+11:00,31571,-38.36571282707155,144.80038035660982,81.27417999999999,-9.0,2455,37.0368,37036.8,140.0,85.0,,15,2019-03-08 21:46:11,Australia/Melbourne
2019-03-09 08:46:13+11:00,31573,-38.36565633304417,144.8001570627093,81.29468,-9.0,2455,36.5868,36586.8,138.0,86.0,,15,2019-03-08 21:46:13,Australia/Melbourne
2019-03-09 08:46:19+11:00,31579,-38.365504117682576,144.7994896955788,81.35542,-9.199999999999989,2454,36.0216,36021.6,138.0,81.0,,15,2019-03-08 21:46:19,Australia/Melbourne
2019-03-09 08:46:20+11:00,31580,-38.36547796614468,144.79937947355208,81.36547999999998,-9.399999999999975,2453,36.162,36162.0,138.0,81.0,,15,2019-03-08 21:46:20,Australia/Melbourne
2019-03-09 08:46:27+11:00,31587,-38.36529867723584,144.79861747473478,81.435,-8.800000000000011,2456,35.6904,35690.4,140.0,81.0,,15,2019-03-08 21:46:27,Australia/Melbourne
2019-03-09 08:46:28+11:00,31588,-38.36527353152633,144.79850767180324,81.44499,-9.199999999999989,2454,35.9172,35917.200000000004,140.0,83.0,,15,2019-03-08 21:46:28,Australia/Melbourne
2019-03-09 08:46:35+11:00,31595,-38.365092817693956,144.79775170795617,81.51404000000001,-9.600000000000025,2452,35.3088,35308.8,142.0,81.0,,16,2019-03-08 21:46:35,Australia/Melbourne
2019-03-09 08:46:37+11:00,31597,-38.365043699741356,144.7975373826921,81.53356,-9.600000000000025,2452,34.473600000000005,34473.6,142.0,81.0,,16,2019-03-08 21:46:37,Australia/Melbourne
2019-03-09 08:46:44+11:00,31604,-38.36488301865757,144.79678611271083,81.60159,-9.199999999999989,2454,34.848,34848.0,144.0,80.0,,16,2019-03-08 21:46:44,Australia/Melbourne
2019-03-09 08:46:51+11:00,31611,-38.364733485504985,144.79603819549084,81.66904,-9.600000000000025,2452,34.074,34074.0,144.0,78.0,,16,2019-03-08 21:46:51,Australia/Melbourne
2019-03-09 08:46:58+11:00,31618,-38.364589065313346,144.79531802237034,81.73399,-9.199999999999989,2454,33.4188,33418.8,142.0,78.0,,16,2019-03-08 21:46:58,Australia/Melbourne
2019-03-09 08:47:00+11:00,31620,-38.364545563235886,144.79511568322778,81.75233,-9.399999999999975,2453,32.2632,32263.2,142.0,76.0,,16,2019-03-08 21:47:00,Australia/Melbourne
2019-03-09 08:47:07+11:00,31627,-38.364397455006845,144.7943852841854,81.81824,-10.0,2450,34.02,34020.0,143.0,77.0,,16,2019-03-08 21:47:07,Australia/Melbourne
2019-03-09 08:47:08+11:00,31628,-38.364379182457924,144.79428101330998,81.82758000000001,-10.0,2450,33.7248,33724.8,143.0,79.0,,16,2019-03-08 21:47:08,Australia/Melbourne
2019-03-09 08:47:15+11:00,31635,-38.36423777975142,144.79354164563117,81.89408,-9.800000000000011,2451,33.8796,33879.6,145.0,78.0,,16,2019-03-08 21:47:15,Australia/Melbourne
2019-03-09 08:47:16+11:00,31636,-38.36421858519316,144.79343628510833,81.90353,-10.0,2450,33.962399999999995,33962.4,145.0,78.0,,16,2019-03-08 21:47:16,Australia/Melbourne
2019-03-09 08:47:17+11:00,31637,-38.36419880390167,144.79333385825157,81.91275,-10.600000000000025,2447,33.21360000000001,33213.6,145.0,80.0,,16,2019-03-08 21:47:17,Australia/Melbourne
2019-03-09 08:47:23+11:00,31643,-38.36408095434307,144.79274134151638,81.96616,-10.0,2450,31.4244,31424.4,147.0,76.0,,16,2019-03-08 21:47:23,Australia/Melbourne
2019-03-09 08:47:28+11:00,31648,-38.363980120047934,144.79222451336682,82.0127,-9.399999999999975,2453,33.1236,33123.6,147.0,86.0,,16,2019-03-08 21:47:28,Australia/Melbourne
2019-03-09 08:47:30+11:00,31650,-38.36393577978015,144.7920233476907,82.03094999999998,-9.0,2455,32.940000000000005,32940.0,147.0,86.0,,16,2019-03-08 21:47:30,Australia/Melbourne
2019-03-09 08:47:37+11:00,31657,-38.36378524079919,144.79131449013946,82.09512,-9.399999999999975,2453,32.184,32184.0,148.0,83.0,,16,2019-03-08 21:47:37,Australia/Melbourne
2019-03-09 08:47:39+11:00,31659,-38.363747522234924,144.7911200299859,82.11261999999998,-10.199999999999989,2449,31.5648,31564.8,148.0,82.0,,16,2019-03-08 21:47:39,Australia/Melbourne
2019-03-09 08:47:46+11:00,31666,-38.36360570043325,144.7904366534203,82.17439999999998,-8.800000000000011,2456,31.86,31860.0,148.0,82.0,,16,2019-03-08 21:47:46,Australia/Melbourne
2019-03-09 08:47:53+11:00,31673,-38.363472344353795,144.78973533958197,82.23749000000002,-8.600000000000023,2457,31.820400000000006,31820.4,148.0,84.0,,16,2019-03-08 21:47:53,Australia/Melbourne
2019-03-09 08:47:54+11:00,31674,-38.36344770155847,144.78963919915262,82.24632000000003,-8.600000000000023,2457,31.669200000000004,31669.2,148.0,84.0,,16,2019-03-08 21:47:54,Australia/Melbourne
2019-03-09 08:47:56+11:00,31676,-38.363405372947454,144.78944239206612,82.26416,-8.199999999999989,2459,31.7736,31773.6,147.0,85.0,,16,2019-03-08 21:47:56,Australia/Melbourne
2019-03-09 08:48:03+11:00,31683,-38.36324326694012,144.78876345790925,82.32619,-8.399999999999977,2458,31.3092,31309.2,148.0,82.0,,16,2019-03-08 21:48:03,Australia/Melbourne
2019-03-09 08:48:04+11:00,31684,-38.36321770213544,144.7886701673269,82.33481,-8.399999999999977,2458,31.0716,31071.6,148.0,82.0,,16,2019-03-08 21:48:04,Australia/Melbourne
2019-03-09 08:48:11+11:00,31691,-38.36302567273378,144.78801327757537,82.39605999999998,-8.600000000000023,2457,31.6188,31618.8,146.0,81.0,,16,2019-03-08 21:48:11,Australia/Melbourne
2019-03-09 08:48:13+11:00,31693,-38.362962221726775,144.7878239303827,82.41405,-9.0,2455,31.748400000000004,31748.4,146.0,83.0,,16,2019-03-08 21:48:13,Australia/Melbourne
2019-03-09 08:48:16+11:00,31696,-38.362881503999226,144.7875433880836,82.44015999999999,-9.199999999999989,2454,31.600800000000003,31600.8,145.0,83.0,,16,2019-03-08 21:48:16,Australia/Melbourne
2019-03-09 08:48:19+11:00,31699,-38.36279056034982,144.7872601635754,82.4669,-10.199999999999989,2449,32.076,32076.0,145.0,84.0,,16,2019-03-08 21:48:19,Australia/Melbourne
2019-03-09 08:48:20+11:00,31700,-38.362760972231634,144.78716595098376,82.47577,-10.399999999999975,2448,31.820400000000006,31820.4,145.0,83.0,,16,2019-03-08 21:48:20,Australia/Melbourne
2019-03-09 08:48:27+11:00,31707,-38.362561063840985,144.78651216253638,82.53707,-9.399999999999975,2453,31.0428,31042.8,145.0,81.0,,16,2019-03-08 21:48:27,Australia/Melbourne
2019-03-09 08:48:28+11:00,31708,-38.362535079941146,144.7864202130586,82.54561,-9.199999999999989,2454,31.010400000000004,31010.4,145.0,80.0,,16,2019-03-08 21:48:28,Australia/Melbourne
2019-03-09 08:48:36+11:00,31716,-38.36230189539492,144.78569827973845,82.61383000000002,-9.199999999999989,2454,30.574800000000003,30574.8,144.0,81.0,,16,2019-03-08 21:48:36,Australia/Melbourne
2019-03-09 08:48:44+11:00,31724,-38.362080529332154,144.784965114668,82.68247,-9.199999999999989,2454,31.266,31266.0,144.0,81.0,,16,2019-03-08 21:48:44,Australia/Melbourne
2019-03-09 08:48:46+11:00,31726,-38.362027052789934,144.78477409109473,82.70019,-9.0,2455,31.6548,31654.8,145.0,82.0,,16,2019-03-08 21:48:46,Australia/Melbourne
2019-03-09 08:48:53+11:00,31733,-38.361858408898115,144.78409574367106,82.76235000000001,-9.199999999999989,2454,32.007600000000004,32007.6,144.0,83.0,,16,2019-03-08 21:48:53,Australia/Melbourne
2019-03-09 08:48:55+11:00,31735,-38.361806273460395,144.78389902040362,82.7805,-9.600000000000025,2452,32.4144,32414.4,144.0,82.0,,16,2019-03-08 21:48:55,Australia/Melbourne
2019-03-09 08:49:02+11:00,31742,-38.3616455923766,144.783220840618,82.84241999999999,-9.199999999999989,2454,31.2552,31255.2,143.0,86.0,,16,2019-03-08 21:49:02,Australia/Melbourne
2019-03-09 08:49:08+11:00,31748,-38.36151642724872,144.78263511322442,82.89558000000001,-9.0,2455,32.0976,32097.6,143.0,83.0,,16,2019-03-08 21:49:08,Australia/Melbourne
2019-03-09 08:49:14+11:00,31754,-38.3613813109696,144.78205332532525,82.94861,-9.600000000000025,2452,31.507200000000005,31507.2,143.0,82.0,,16,2019-03-08 21:49:14,Australia/Melbourne
2019-03-09 08:49:16+11:00,31756,-38.361343089491136,144.7818625532091,82.96581,-10.600000000000025,2447,30.9168,30916.8,143.0,81.0,,16,2019-03-08 21:49:16,Australia/Melbourne
2019-03-09 08:49:24+11:00,31764,-38.36119322106242,144.7811159770936,83.03317,-9.800000000000011,2451,29.210400000000003,29210.4,142.0,78.0,,16,2019-03-08 21:49:24,Australia/Melbourne
2019-03-09 08:49:28+11:00,31768,-38.36112809367478,144.78075857274234,83.06525,-9.399999999999975,2453,28.4148,28414.8,141.0,63.0,,16,2019-03-08 21:49:28,Australia/Melbourne
2019-03-09 08:49:31+11:00,31771,-38.361089872196324,144.7805120609701,83.08721000000001,-9.600000000000025,2452,25.7832,25783.2,140.0,0.0,,16,2019-03-08 21:49:31,Australia/Melbourne
2019-03-09 08:49:37+11:00,31777,-38.361018290743225,144.78000193834302,83.13251,-8.800000000000011,2456,27.5832,27583.2,143.0,69.0,,16,2019-03-08 21:49:37,Australia/Melbourne
2019-03-09 08:49:39+11:00,31779,-38.36099482141435,144.77982776239514,83.14796000000003,-9.0,2455,27.9936,27993.6,143.0,73.0,,16,2019-03-08 21:49:39,Australia/Melbourne
2019-03-09 08:49:44+11:00,31784,-38.360923742875464,144.77939223870638,83.18687,-9.0,2455,27.6372,27637.2,145.0,73.0,,16,2019-03-08 21:49:44,Australia/Melbourne
2019-03-09 08:49:45+11:00,31785,-38.36091041564941,144.77930473163724,83.19466,-8.800000000000011,2456,27.828000000000007,27828.0,145.0,71.0,,16,2019-03-08 21:49:45,Australia/Melbourne
2019-03-09 08:49:52+11:00,31792,-38.36079918779433,144.77868086658418,83.25059,-8.800000000000011,2456,29.1816,29181.6,147.0,77.0,,16,2019-03-08 21:49:52,Australia/Melbourne
2019-03-09 08:49:55+11:00,31795,-38.36075979284942,144.77839873172346,83.27564,-8.399999999999977,2458,30.3732,30373.2,147.0,78.0,,16,2019-03-08 21:49:55,Australia/Melbourne
2019-03-09 08:50:00+11:00,31800,-38.360685696825385,144.77789933793247,83.32005000000002,-8.0,2460,32.3496,32349.6,150.0,84.0,,16,2019-03-08 21:50:00,Australia/Melbourne
2019-03-09 08:50:01+11:00,31801,-38.36067144758999,144.77779699489474,83.32914,-8.199999999999989,2459,32.6196,32619.6,150.0,84.0,,16,2019-03-08 21:50:01,Australia/Melbourne
2019-03-09 08:50:06+11:00,31806,-38.360598525032394,144.77730128914118,83.37321999999999,-8.800000000000011,2456,31.662,31662.0,150.0,83.0,,16,2019-03-08 21:50:06,Australia/Melbourne
2019-03-09 08:50:13+11:00,31813,-38.360479082912214,144.77661028504372,83.43508,-9.199999999999989,2454,31.6548,31654.8,149.0,82.0,,16,2019-03-08 21:50:13,Australia/Melbourne
2019-03-09 08:50:21+11:00,31821,-38.36029099300504,144.7758891899139,83.50149,-8.199999999999989,2459,27.3744,27374.4,151.0,72.0,,16,2019-03-08 21:50:21,Australia/Melbourne
2019-03-09 08:50:23+11:00,31823,-38.36024296469985,144.77572616189718,83.5167,-7.199999999999988,2464,26.9244,26924.4,151.0,71.0,,16,2019-03-08 21:50:23,Australia/Melbourne
2019-03-09 08:50:29+11:00,31829,-38.360099215060465,144.7752576973289,83.5607,-6.0,2470,25.7364,25736.4,152.0,67.0,,16,2019-03-08 21:50:29,Australia/Melbourne
2019-03-09 08:50:33+11:00,31833,-38.35999905131757,144.7749483212829,83.58995,-5.0,2475,25.4772,25477.2,154.0,67.0,,16,2019-03-08 21:50:33,Australia/Melbourne
2019-03-09 08:50:36+11:00,31836,-38.359931912273176,144.77472335100177,83.61097,-4.399999999999976,2478,25.2864,25286.4,156.0,67.0,,16,2019-03-08 21:50:36,Australia/Melbourne
2019-03-09 08:50:41+11:00,31841,-38.35980869829655,144.7743421420455,83.64698,-3.8000000000000114,2481,26.6256,26625.6,158.0,68.0,,16,2019-03-08 21:50:41,Australia/Melbourne
2019-03-09 08:50:44+11:00,31844,-38.35973267443478,144.77410602383316,83.66928,-3.6000000000000227,2482,26.7876,26787.6,160.0,70.0,,16,2019-03-08 21:50:44,Australia/Melbourne
2019-03-09 08:50:52+11:00,31852,-38.359520277008414,144.77346749044958,83.72988000000002,-3.0,2485,27.2772,27277.2,162.0,72.0,,16,2019-03-08 21:50:52,Australia/Melbourne
2019-03-09 08:50:53+11:00,31853,-38.35949454456568,144.77338769473138,83.73741,-2.800000000000012,2486,27.0864,27086.4,162.0,71.0,,16,2019-03-08 21:50:53,Australia/Melbourne
2019-03-09 08:50:54+11:00,31854,-38.35946973413229,144.77330680936575,83.74499,-2.800000000000012,2486,27.0648,27064.8,162.0,71.0,,16,2019-03-08 21:50:54,Australia/Melbourne
2019-03-09 08:51:02+11:00,31862,-38.35925524123014,144.7726615704596,83.80622,-2.0,2490,27.701999999999998,27702.0,162.0,71.0,,16,2019-03-08 21:51:02,Australia/Melbourne
2019-03-09 08:51:03+11:00,31863,-38.35922707803547,144.7725820261985,83.81385,-1.6000000000000227,2492,27.4968,27496.8,162.0,72.0,,16,2019-03-08 21:51:03,Australia/Melbourne
2019-03-09 08:51:04+11:00,31864,-38.35920545272529,144.77249820716682,83.82155,-0.8000000000000114,2496,27.6156,27615.6,162.0,70.0,,16,2019-03-08 21:51:04,Australia/Melbourne
2019-03-09 08:51:09+11:00,31869,-38.35907083936036,144.7720848955214,83.86064,-0.6000000000000227,2497,28.4328,28432.8,162.0,73.0,,16,2019-03-08 21:51:09,Australia/Melbourne
2019-03-09 08:51:11+11:00,31871,-38.359008561819785,144.77192278951406,83.87639999999998,-0.6000000000000227,2497,28.296000000000006,28296.0,162.0,75.0,,16,2019-03-08 21:51:11,Australia/Melbourne
2019-03-09 08:51:15+11:00,31875,-38.35887772031128,144.77158860303464,83.90902,-1.6000000000000227,2492,29.6712,29671.2,162.0,73.0,,16,2019-03-08 21:51:15,Australia/Melbourne
2019-03-09 08:51:20+11:00,31880,-38.358724666759365,144.77114469744262,83.95138,-1.6000000000000227,2492,31.669200000000004,31669.2,161.0,82.0,,16,2019-03-08 21:51:20,Australia/Melbourne
2019-03-09 08:51:24+11:00,31884,-38.358583934605115,144.77075267583132,83.98903999999997,-2.800000000000012,2486,34.2396,34239.6,158.0,90.0,,16,2019-03-08 21:51:24,Australia/Melbourne
2019-03-09 08:51:27+11:00,31887,-38.35847463458777,144.77044304832816,84.0187,-3.3999999999999773,2483,36.3852,36385.2,156.0,95.0,,16,2019-03-08 21:51:27,Australia/Melbourne
2019-03-09 08:51:31+11:00,31891,-38.358319317922,144.7700044233352,84.06074000000002,-4.0,2480,38.5884,38588.4,153.0,82.0,,16,2019-03-08 21:51:31,Australia/Melbourne
2019-03-09 08:51:33+11:00,31893,-38.358248742297285,144.76977618411183,84.08216,-5.0,2475,38.682,38682.0,150.0,0.0,,16,2019-03-08 21:51:33,Australia/Melbourne
2019-03-09 08:51:34+11:00,31894,-38.35820607841015,144.7696653753519,84.09294,-5.399999999999976,2473,38.5524,38552.4,149.0,88.0,,16,2019-03-08 21:51:34,Australia/Melbourne
2019-03-09 08:51:36+11:00,31896,-38.358122427016504,144.76943445391953,84.11516,-6.199999999999988,2469,39.87,39870.0,148.0,85.0,,16,2019-03-08 21:51:36,Australia/Melbourne
2019-03-09 08:51:38+11:00,31898,-38.35804011672735,144.7692059632391,84.13712,-7.199999999999988,2464,39.6828,39682.8,148.0,87.0,,16,2019-03-08 21:51:38,Australia/Melbourne
2019-03-09 08:51:42+11:00,31902,-38.35787172429264,144.7687551844865,84.18074,-7.800000000000012,2461,39.1464,39146.4,146.0,83.0,,16,2019-03-08 21:51:42,Australia/Melbourne
2019-03-09 08:51:44+11:00,31904,-38.35778446868061,144.7685333993286,84.2024,-8.399999999999977,2458,38.5596,38559.6,144.0,82.0,,16,2019-03-08 21:51:44,Australia/Melbourne
2019-03-09 08:51:50+11:00,31910,-38.357531251385815,144.7678951174021,84.26488,-7.800000000000012,2461,36.48240000000001,36482.4,141.0,77.0,,16,2019-03-08 21:51:50,Australia/Melbourne
2019-03-09 08:51:51+11:00,31911,-38.35749085061252,144.7677987255156,84.27441999999998,-8.0,2460,34.884,34884.0,141.0,79.0,,16,2019-03-08 21:51:51,Australia/Melbourne
2019-03-09 08:51:57+11:00,31917,-38.357254564762115,144.76720746606588,84.33238,-8.399999999999977,2458,34.4628,34462.8,138.0,92.0,,16,2019-03-08 21:51:57,Australia/Melbourne
2019-03-09 08:51:59+11:00,31919,-38.357172338291996,144.7670060489327,84.35221999999999,-9.600000000000025,2452,34.934400000000004,34934.4,139.0,89.0,,16,2019-03-08 21:51:59,Australia/Melbourne
2019-03-09 08:52:02+11:00,31922,-38.357058763504035,144.76671352051196,84.38074,-8.600000000000023,2457,33.6888,33688.8,138.0,88.0,,16,2019-03-08 21:52:02,Australia/Melbourne
2019-03-09 08:52:07+11:00,31927,-38.35686782374978,144.7662533540279,84.4262,-9.199999999999989,2454,32.022,32022.0,138.0,85.0,,16,2019-03-08 21:52:07,Australia/Melbourne
2019-03-09 08:52:12+11:00,31932,-38.356667496263974,144.76580760441718,84.47106,-7.399999999999977,2463,31.7844,31784.4,139.0,82.0,,16,2019-03-08 21:52:12,Australia/Melbourne
2019-03-09 08:52:15+11:00,31935,-38.35655165836215,144.7655595839024,84.49628,-7.600000000000023,2462,30.1716,30171.6,139.0,83.0,,16,2019-03-08 21:52:15,Australia/Melbourne
2019-03-09 08:52:22+11:00,31942,-38.35621864534915,144.76500579155982,84.5572,-7.399999999999977,2463,30.6144,30614.4,141.0,81.0,,16,2019-03-08 21:52:22,Australia/Melbourne
2019-03-09 08:52:29+11:00,31949,-38.35586224682629,144.76448762230575,84.61735999999999,-7.800000000000012,2461,30.3156,30315.6,142.0,81.0,,16,2019-03-08 21:52:29,Australia/Melbourne
2019-03-09 08:52:30+11:00,31950,-38.35581539198756,144.76441486738622,84.62558,-8.0,2460,29.4264,29426.4,142.0,80.0,,16,2019-03-08 21:52:30,Australia/Melbourne
2019-03-09 08:52:37+11:00,31957,-38.35545882582665,144.76391891017556,84.68430000000002,-7.800000000000012,2461,30.5388,30538.8,141.0,79.0,,16,2019-03-08 21:52:37,Australia/Melbourne
2019-03-09 08:52:40+11:00,31960,-38.35530811920761,144.76370911113918,84.70916,-8.600000000000023,2457,28.9188,28918.8,140.0,75.0,,16,2019-03-08 21:52:40,Australia/Melbourne
2019-03-09 08:52:43+11:00,31963,-38.355163531377904,144.7635048441589,84.73316,-7.600000000000023,2462,27.8064,27806.4,140.0,75.0,,16,2019-03-08 21:52:43,Australia/Melbourne
2019-03-09 08:52:48+11:00,31968,-38.35491618141532,144.76318733766675,84.77225999999997,-6.600000000000023,2467,27.3636,27363.6,141.0,74.0,,16,2019-03-08 21:52:48,Australia/Melbourne
2019-03-09 08:52:49+11:00,31969,-38.354866476729505,144.76312531158328,84.78,-6.399999999999977,2468,27.500400000000006,27500.4,142.0,73.0,,16,2019-03-08 21:52:49,Australia/Melbourne
2019-03-09 08:52:50+11:00,31970,-38.35481065325439,144.76307426579297,84.78761999999998,-6.399999999999977,2468,27.054000000000002,27054.0,142.0,74.0,,16,2019-03-08 21:52:50,Australia/Melbourne
2019-03-09 08:52:54+11:00,31974,-38.3545834198594,144.76286119781437,84.81898000000001,-7.0,2465,28.267200000000006,28267.2,143.0,75.0,,16,2019-03-08 21:52:54,Australia/Melbourne
2019-03-09 08:52:58+11:00,31978,-38.35432928055525,144.76269515231252,84.8508,-5.399999999999976,2473,28.1412,28141.2,143.0,77.0,,16,2019-03-08 21:52:58,Australia/Melbourne
2019-03-09 08:53:00+11:00,31980,-38.35419835522771,144.7626242414117,84.8666,-5.399999999999976,2473,28.0584,28058.4,144.0,73.0,,16,2019-03-08 21:53:00,Australia/Melbourne
2019-03-09 08:53:07+11:00,31987,-38.353718742728226,144.76240430027246,84.92324,-5.800000000000012,2471,28.2276,28227.6,145.0,74.0,,16,2019-03-08 21:53:07,Australia/Melbourne
2019-03-09 08:53:14+11:00,31994,-38.353215996176,144.76228351704773,84.98006,-5.0,2475,28.638,28638.0,148.0,78.0,,16,2019-03-08 21:53:14,Australia/Melbourne
2019-03-09 08:53:21+11:00,32001,-38.352712327614434,144.76218678988516,85.03662,-4.800000000000012,2476,28.278,28278.0,149.0,77.0,,16,2019-03-08 21:53:21,Australia/Melbourne
2019-03-09 08:53:29+11:00,32009,-38.352118469774716,144.76205511018634,85.10356,-4.800000000000012,2476,29.4696,29469.6,149.0,76.0,,16,2019-03-08 21:53:29,Australia/Melbourne
2019-03-09 08:53:33+11:00,32013,-38.35183206014335,144.76197958923876,85.13602,-4.199999999999989,2479,28.983600000000006,28983.6,148.0,75.0,,16,2019-03-08 21:53:33,Australia/Melbourne
2019-03-09 08:53:39+11:00,32019,-38.351408271119,144.7618747316301,85.18396000000001,-4.199999999999989,2479,28.5048,28504.8,147.0,77.0,,16,2019-03-08 21:53:39,Australia/Melbourne
2019-03-09 08:53:47+11:00,32027,-38.35080871358514,144.7617550380528,85.25134,-4.600000000000024,2477,30.423600000000004,30423.6,146.0,66.0,,16,2019-03-08 21:53:47,Australia/Melbourne
2019-03-09 08:53:48+11:00,32028,-38.35071885958314,144.76173852570358,85.2614,-5.0,2475,31.7448,31744.8,146.0,66.0,,16,2019-03-08 21:53:48,Australia/Melbourne
2019-03-09 08:53:49+11:00,32029,-38.350637555122375,144.76173316128555,85.27044000000002,-5.600000000000024,2472,30.438,30438.0,145.0,0.0,,16,2019-03-08 21:53:49,Australia/Melbourne
2019-03-09 08:53:52+11:00,32032,-38.35040546022356,144.7617037408054,85.29634,-6.399999999999977,2468,29.696400000000004,29696.4,142.0,0.0,,16,2019-03-08 21:53:52,Australia/Melbourne
2019-03-09 08:53:54+11:00,32034,-38.350262548774474,144.76168924011293,85.31224,-6.600000000000023,2467,28.53,28530.0,141.0,0.0,,16,2019-03-08 21:53:54,Australia/Melbourne
2019-03-09 08:53:58+11:00,32038,-38.349968260154135,144.76165127009153,85.34508000000001,-8.0,2460,29.1816,29181.6,140.0,80.0,,16,2019-03-08 21:53:58,Australia/Melbourne
2019-03-09 08:54:01+11:00,32041,-38.34976868703962,144.76162268780172,85.36742,-7.800000000000012,2461,24.0372,24037.2,136.0,0.0,,16,2019-03-08 21:54:01,Australia/Melbourne
2019-03-09 08:54:04+11:00,32044,-38.349643293768175,144.76160692982373,85.38148000000001,-7.199999999999988,2464,14.22,14220.0,133.0,0.0,,16,2019-03-08 21:54:04,Australia/Melbourne
2019-03-09 08:54:05+11:00,32045,-38.34961622022092,144.76163626648489,85.38534,-7.199999999999988,2464,13.3056,13305.6,133.0,0.0,,16,2019-03-08 21:54:05,Australia/Melbourne
2019-03-09 08:54:06+11:00,32046,-38.349612867459655,144.76167373359203,85.38839999999998,-6.800000000000012,2466,11.1456,11145.6,132.0,0.0,,16,2019-03-08 21:54:06,Australia/Melbourne
2019-03-09 08:54:08+11:00,32048,-38.349657459184535,144.76173517294228,85.39583999999998,-6.399999999999977,2468,13.2624,13262.4,131.0,0.0,,16,2019-03-08 21:54:08,Australia/Melbourne
2019-03-09 08:54:11+11:00,32051,-38.349754437804215,144.76169552654028,85.4071,-6.600000000000023,2467,13.3308,13330.8,132.0,0.0,,16,2019-03-08 21:54:11,Australia/Melbourne
2019-03-09 08:54:14+11:00,32054,-38.349881004542105,144.76174045354128,85.42175999999998,-6.800000000000012,2466,18.45,18450.0,135.0,42.0,,16,2019-03-08 21:54:14,Australia/Melbourne
2019-03-09 08:54:15+11:00,32055,-38.34993272088468,144.76175285875797,85.42760000000001,-6.800000000000012,2466,20.124000000000002,20124.0,136.0,47.0,,16,2019-03-08 21:54:15,Australia/Melbourne
2019-03-09 08:54:18+11:00,32058,-38.350095245987184,144.76176870055497,85.4457,-7.0,2465,22.9968,22996.8,139.0,57.0,,16,2019-03-08 21:54:18,Australia/Melbourne
2019-03-09 08:54:20+11:00,32060,-38.350211419165134,144.76178395561874,85.45866000000002,-7.199999999999988,2464,23.5548,23554.8,142.0,61.0,,16,2019-03-08 21:54:20,Australia/Melbourne
2019-03-09 08:54:21+11:00,32061,-38.35027470253408,144.76178999058902,85.4657,-7.199999999999988,2464,24.9084,24908.4,145.0,63.0,,16,2019-03-08 21:54:21,Australia/Melbourne
2019-03-09 08:54:22+11:00,32062,-38.350338153541095,144.76179610937834,85.47278,-7.199999999999988,2464,24.7464,24746.4,148.0,44.0,,16,2019-03-08 21:54:22,Australia/Melbourne
2019-03-09 08:54:25+11:00,32065,-38.350523058325045,144.76182687096295,85.49346000000001,-7.199999999999988,2464,24.8148,24814.8,150.0,65.0,,16,2019-03-08 21:54:25,Australia/Melbourne
2019-03-09 08:54:32+11:00,32072,-38.35097568109632,144.76190004497766,85.54411999999998,-6.399999999999977,2468,25.758000000000006,25758.0,152.0,67.0,,16,2019-03-08 21:54:32,Australia/Melbourne
2019-03-09 08:54:40+11:00,32080,-38.351483456790454,144.76200406439605,85.60122,-5.399999999999976,2473,24.7212,24721.2,154.0,67.0,,16,2019-03-08 21:54:40,Australia/Melbourne
2019-03-09 08:54:48+11:00,32088,-38.35199215449393,144.76211931556463,85.65862,-5.399999999999976,2473,26.5572,26557.2,156.0,67.0,,16,2019-03-08 21:54:48,Australia/Melbourne
2019-03-09 08:54:53+11:00,32093,-38.35231334902346,144.76219299249348,85.69485999999999,-5.600000000000024,2472,26.0136,26013.6,153.0,68.0,,16,2019-03-08 21:54:53,Australia/Melbourne
2019-03-09 08:54:56+11:00,32096,-38.352506719529636,144.76223565638062,85.71666,-6.0,2470,26.7516,26751.6,152.0,70.0,,16,2019-03-08 21:54:56,Australia/Melbourne
2019-03-09 08:55:03+11:00,32103,-38.35298096761107,144.7623483929783,85.77024,-6.399999999999977,2468,28.2096,28209.6,152.0,74.0,,16,2019-03-08 21:55:03,Australia/Melbourne
2019-03-09 08:55:05+11:00,32105,-38.35312262177467,144.7623800765723,85.7862,-6.600000000000023,2467,28.7928,28792.8,152.0,76.0,,16,2019-03-08 21:55:05,Australia/Melbourne
2019-03-09 08:55:10+11:00,32110,-38.353491760790355,144.76247370243073,85.82799999999999,-6.0,2470,30.5784,30578.4,152.0,79.0,,16,2019-03-08 21:55:10,Australia/Melbourne
2019-03-09 08:55:17+11:00,32117,-38.354007164016366,144.76265248842537,85.88741999999998,-7.199999999999988,2464,30.6288,30628.8,149.0,78.0,,16,2019-03-08 21:55:17,Australia/Melbourne
2019-03-09 08:55:22+11:00,32122,-38.354363981634386,144.76286488585174,85.93118,-7.199999999999988,2464,31.3416,31341.6,146.0,78.0,,16,2019-03-08 21:55:22,Australia/Melbourne
2019-03-09 08:55:23+11:00,32123,-38.35443405434489,144.7629129141569,85.94001999999999,-7.600000000000023,2462,31.518000000000004,31518.0,146.0,78.0,,16,2019-03-08 21:55:23,Australia/Melbourne
2019-03-09 08:55:24+11:00,32124,-38.35450035519897,144.7629585955292,85.94839999999998,-7.399999999999977,2463,30.3912,30391.2,147.0,80.0,,16,2019-03-08 21:55:24,Australia/Melbourne
2019-03-09 08:55:29+11:00,32129,-38.354796152561896,144.76325347088274,85.9902,-7.199999999999988,2464,30.6684,30668.4,148.0,80.0,,16,2019-03-08 21:55:29,Australia/Melbourne
2019-03-09 08:55:36+11:00,32136,-38.3551693148911,144.76373383775353,86.0492,-8.199999999999989,2459,30.5928,30592.8,146.0,79.0,,16,2019-03-08 21:55:36,Australia/Melbourne
2019-03-09 08:55:44+11:00,32144,-38.35558220744133,144.76429492235184,86.11636,-8.399999999999977,2458,29.5092,29509.2,144.0,77.0,,16,2019-03-08 21:55:44,Australia/Melbourne
2019-03-09 08:55:45+11:00,32145,-38.355633420869715,144.76436180993915,86.12451999999999,-9.0,2455,29.361600000000006,29361.6,144.0,79.0,,16,2019-03-08 21:55:45,Australia/Melbourne
2019-03-09 08:55:49+11:00,32149,-38.3558255340904,144.76463103666902,86.15628000000001,-10.0,2450,28.4652,28465.2,143.0,76.0,,16,2019-03-08 21:55:49,Australia/Melbourne
2019-03-09 08:55:52+11:00,32152,-38.355967858806245,144.76483119651675,86.17985999999999,-10.0,2450,28.2204,28220.4,143.0,73.0,,16,2019-03-08 21:55:52,Australia/Melbourne
2019-03-09 08:55:59+11:00,32159,-38.35629651322961,144.7653226274997,86.23628000000001,-10.199999999999989,2449,29.5272,29527.2,143.0,76.0,,16,2019-03-08 21:55:59,Australia/Melbourne
2019-03-09 08:56:07+11:00,32167,-38.35663296282291,144.7659420501441,86.30214000000001,-9.600000000000025,2452,29.394000000000002,29394.0,142.0,75.0,,16,2019-03-08 21:56:07,Australia/Melbourne
2019-03-09 08:56:08+11:00,32168,-38.35666716098785,144.7660209238529,86.31,-10.0,2450,28.612800000000004,28612.8,143.0,76.0,,16,2019-03-08 21:56:08,Australia/Melbourne
2019-03-09 08:56:16+11:00,32176,-38.35693982429802,144.76666800677773,86.37416,-9.600000000000025,2452,28.9512,28951.2,143.0,75.0,,16,2019-03-08 21:56:16,Australia/Melbourne
2019-03-09 08:56:21+11:00,32181,-38.35711131803691,144.7670960705727,86.41614,-9.800000000000011,2451,30.132,30132.0,146.0,78.0,,16,2019-03-08 21:56:21,Australia/Melbourne
2019-03-09 08:56:26+11:00,32186,-38.357288176193826,144.76752681657672,86.4586,-9.600000000000025,2452,30.4704,30470.4,147.0,79.0,,16,2019-03-08 21:56:26,Australia/Melbourne
2019-03-09 08:56:32+11:00,32192,-38.35749411955476,144.768029730767,86.50818000000001,-9.0,2455,29.120400000000004,29120.4,147.0,79.0,,16,2019-03-08 21:56:32,Australia/Melbourne
2019-03-09 08:56:34+11:00,32194,-38.35756377317011,144.7681911662221,86.52428,-9.0,2455,28.6092,28609.2,148.0,74.0,,16,2019-03-08 21:56:34,Australia/Melbourne
2019-03-09 08:56:42+11:00,32202,-38.35780391469598,144.76882332935932,86.58568000000001,-8.800000000000011,2456,26.5212,26521.2,146.0,69.0,,16,2019-03-08 21:56:42,Australia/Melbourne
2019-03-09 08:56:50+11:00,32210,-38.35804154165089,144.76944903843102,86.6464,-8.0,2460,26.982,26982.0,149.0,70.0,,16,2019-03-08 21:56:50,Australia/Melbourne
2019-03-09 08:56:51+11:00,32211,-38.358068112283945,144.76952481083572,86.65366,-7.800000000000012,2461,26.6472,26647.2,150.0,70.0,,16,2019-03-08 21:56:51,Australia/Melbourne
2019-03-09 08:56:56+11:00,32216,-38.35820037871599,144.76988858543336,86.6887,-6.800000000000012,2466,24.4404,24440.4,151.0,63.0,,16,2019-03-08 21:56:56,Australia/Melbourne
2019-03-09 08:56:58+11:00,32218,-38.35825041867793,144.7700242046267,86.7018,-6.399999999999977,2468,23.6736,23673.6,151.0,62.0,,16,2019-03-08 21:56:58,Australia/Melbourne
2019-03-09 08:57:01+11:00,32221,-38.35832543671131,144.77022285573184,86.72106,-5.800000000000012,2471,22.9176,22917.6,152.0,60.0,,16,2019-03-08 21:57:01,Australia/Melbourne
2019-03-09 08:57:06+11:00,32226,-38.35844420827925,144.77053843438625,86.75164000000001,-4.800000000000012,2476,21.906,21906.0,152.0,59.0,,16,2019-03-08 21:57:06,Australia/Melbourne
2019-03-09 08:57:07+11:00,32227,-38.35846977308393,144.77060372941196,86.758,-4.600000000000024,2477,22.312800000000006,22312.8,152.0,59.0,,16,2019-03-08 21:57:07,Australia/Melbourne
2019-03-09 08:57:11+11:00,32231,-38.358562896028154,144.77086105383933,86.78280000000002,-3.6000000000000227,2482,22.1256,22125.6,155.0,58.0,,16,2019-03-08 21:57:11,Australia/Melbourne
2019-03-09 08:57:15+11:00,32235,-38.35864629596472,144.77112525142732,86.8077,-3.0,2485,22.6188,22618.8,157.0,60.0,,16,2019-03-08 21:57:15,Australia/Melbourne
2019-03-09 08:57:18+11:00,32238,-38.358719134703286,144.77132524363697,86.82696,-2.3999999999999773,2488,22.302000000000003,22302.0,159.0,43.0,,16,2019-03-08 21:57:18,Australia/Melbourne
2019-03-09 08:57:21+11:00,32241,-38.35878258571029,144.7715358808637,86.8467,-2.3999999999999773,2488,23.166,23166.0,161.0,60.0,,16,2019-03-08 21:57:21,Australia/Melbourne
2019-03-09 08:57:27+11:00,32247,-38.358927592635155,144.77194592356682,86.88606,-1.6000000000000227,2492,24.084000000000003,24084.0,161.0,62.0,,16,2019-03-08 21:57:27,Australia/Melbourne
2019-03-09 08:57:35+11:00,32255,-38.35912699811161,144.77252771146598,86.94152,-2.1999999999999886,2489,26.388,26388.0,160.0,67.0,,16,2019-03-08 21:57:35,Australia/Melbourne
2019-03-09 08:57:41+11:00,32261,-38.3592966478318,144.7730370797217,86.98989999999998,-1.8000000000000114,2491,29.6532,29653.2,159.0,77.0,,16,2019-03-08 21:57:41,Australia/Melbourne
2019-03-09 08:57:49+11:00,32269,-38.35952547378838,144.7737485356629,87.0571,-2.800000000000012,2486,30.438,30438.0,157.0,80.0,,16,2019-03-08 21:57:49,Australia/Melbourne
2019-03-09 08:57:55+11:00,32275,-38.35969378240407,144.7743004001677,87.10884,-3.3999999999999773,2483,30.888,30888.0,154.0,80.0,,16,2019-03-08 21:57:55,Australia/Melbourne
2019-03-09 08:57:56+11:00,32276,-38.35971842519939,144.77439377456903,87.11746000000002,-3.6000000000000227,2482,31.05,31050.0,153.0,82.0,,16,2019-03-08 21:57:56,Australia/Melbourne
2019-03-09 08:57:57+11:00,32277,-38.359747426584356,144.77448731660843,87.12624000000002,-3.6000000000000227,2482,31.41,31410.0,153.0,82.0,,16,2019-03-08 21:57:57,Australia/Melbourne
2019-03-09 08:58:00+11:00,32280,-38.359842812642455,144.7747702896595,87.15314000000001,-4.600000000000024,2477,32.2596,32259.6,151.0,81.0,,16,2019-03-08 21:58:00,Australia/Melbourne
2019-03-09 08:58:03+11:00,32283,-38.359931828454144,144.77505879476666,87.18024000000003,-4.399999999999976,2478,32.1948,32194.8,148.0,69.0,,16,2019-03-08 21:58:03,Australia/Melbourne
2019-03-09 08:58:04+11:00,32284,-38.35995982401072,144.77515468373898,87.18918000000001,-4.600000000000024,2477,32.184,32184.0,147.0,0.0,,16,2019-03-08 21:58:04,Australia/Melbourne
2019-03-09 08:58:06+11:00,32286,-38.36001824587584,144.77534553967413,87.20706,-5.0,2475,32.6268,32626.8,144.0,0.0,,16,2019-03-08 21:58:06,Australia/Melbourne
2019-03-09 08:58:08+11:00,32288,-38.3600889891386,144.77553941309455,87.22574,-5.600000000000024,2472,33.5808,33580.8,142.0,90.0,,16,2019-03-08 21:58:08,Australia/Melbourne
2019-03-09 08:58:11+11:00,32291,-38.360187225043774,144.77584375999868,87.25448,-6.600000000000023,2467,34.3584,34358.4,141.0,89.0,,16,2019-03-08 21:58:11,Australia/Melbourne
2019-03-09 08:58:14+11:00,32294,-38.360263835638754,144.7761615179479,87.28356,-7.399999999999977,2463,34.8768,34876.8,138.0,92.0,,16,2019-03-08 21:58:14,Australia/Melbourne
2019-03-09 08:58:15+11:00,32295,-38.36028856225312,144.77626780048013,87.29324000000003,-7.800000000000012,2461,34.9668,34966.8,138.0,91.0,,16,2019-03-08 21:58:15,Australia/Melbourne
2019-03-09 08:58:18+11:00,32298,-38.36036349646747,144.7765806131065,87.32182,-8.600000000000023,2457,33.976800000000004,33976.8,136.0,88.0,,16,2019-03-08 21:58:18,Australia/Melbourne
2019-03-09 08:58:20+11:00,32300,-38.36040842346847,144.77678211405873,87.34012,-8.800000000000011,2456,32.504400000000004,32504.4,134.0,85.0,,16,2019-03-08 21:58:20,Australia/Melbourne
2019-03-09 08:58:24+11:00,32304,-38.36047447286546,144.77717195637527,87.37498000000001,-9.399999999999975,2453,30.7836,30783.6,137.0,87.0,,16,2019-03-08 21:58:24,Australia/Melbourne
2019-03-09 08:58:27+11:00,32307,-38.360521914437406,144.7774432785809,87.39926,-9.0,2455,29.5128,29512.8,140.0,88.0,,16,2019-03-08 21:58:27,Australia/Melbourne
2019-03-09 08:58:32+11:00,32312,-38.36059240624309,144.77789095602932,87.43916,-8.800000000000011,2456,27.4968,27496.8,139.0,81.0,,16,2019-03-08 21:58:32,Australia/Melbourne
2019-03-09 08:58:40+11:00,32320,-38.360691061243415,144.77854097262025,87.49704,-8.600000000000023,2457,25.3548,25354.8,139.0,75.0,,16,2019-03-08 21:58:40,Australia/Melbourne
2019-03-09 08:58:47+11:00,32327,-38.360766163095825,144.7790929209441,87.546,-9.399999999999975,2453,25.7004,25700.4,140.0,75.0,,16,2019-03-08 21:58:47,Australia/Melbourne
2019-03-09 08:58:56+11:00,32336,-38.36088116280735,144.77984729222953,87.61316000000002,-9.0,2455,27.846,27846.0,142.0,80.0,,16,2019-03-08 21:58:56,Australia/Melbourne
2019-03-09 08:58:57+11:00,32337,-38.360898345708854,144.77993270382285,87.62088,-8.800000000000011,2456,27.9504,27950.4,142.0,80.0,,16,2019-03-08 21:58:57,Australia/Melbourne
2019-03-09 08:59:05+11:00,32345,-38.3610060531646,144.78065622970462,87.68522,-10.0,2450,29.3544,29354.4,141.0,84.0,,16,2019-03-08 21:59:05,Australia/Melbourne
2019-03-09 08:59:13+11:00,32353,-38.36114980280399,144.78138872422278,87.75128000000001,-9.399999999999975,2453,30.2904,30290.4,142.0,80.0,,16,2019-03-08 21:59:13,Australia/Melbourne
2019-03-09 08:59:20+11:00,32360,-38.36130277253688,144.78205868974328,87.81226,-9.600000000000025,2452,30.873600000000003,30873.6,143.0,81.0,,16,2019-03-08 21:59:20,Australia/Melbourne
2019-03-09 08:59:27+11:00,32367,-38.36145817302168,144.78272278793156,87.8728,-10.199999999999989,2449,31.0788,31078.8,144.0,80.0,,16,2019-03-08 21:59:27,Australia/Melbourne
2019-03-09 08:59:29+11:00,32369,-38.361502094194286,144.78290685452518,87.88962,-10.199999999999989,2449,30.186,30186.0,144.0,78.0,,16,2019-03-08 21:59:29,Australia/Melbourne
2019-03-09 08:59:33+11:00,32373,-38.36159069091081,144.7832617443055,87.92215999999999,-11.0,2445,29.271600000000007,29271.6,144.0,78.0,,16,2019-03-08 21:59:33,Australia/Melbourne
2019-03-09 08:59:35+11:00,32375,-38.36163519881666,144.78344530798498,87.93896000000002,-9.399999999999975,2453,29.9448,29944.8,143.0,78.0,,16,2019-03-08 21:59:35,Australia/Melbourne
2019-03-09 08:59:36+11:00,32376,-38.36165489628911,144.78353943675756,87.94745999999999,-9.800000000000011,2451,29.97,29970.0,143.0,77.0,,16,2019-03-08 21:59:36,Australia/Melbourne
2019-03-09 08:59:44+11:00,32384,-38.36183074861765,144.78425290435553,88.0128,-9.800000000000011,2451,29.3148,29314.8,144.0,77.0,,16,2019-03-08 21:59:44,Australia/Melbourne
2019-03-09 08:59:52+11:00,32392,-38.36201791651547,144.78497534058985,88.0793,-10.0,2450,29.7288,29728.8,145.0,78.0,,16,2019-03-08 21:59:52,Australia/Melbourne
2019-03-09 08:59:54+11:00,32394,-38.36206921376289,144.7851558867842,88.09606,-10.0,2450,29.4048,29404.8,145.0,77.0,,16,2019-03-08 21:59:54,Australia/Melbourne
2019-03-09 09:00:02+11:00,32402,-38.36227674968541,144.7858546022326,88.16131999999999,-9.600000000000025,2452,28.4868,28486.8,144.0,76.0,,16,2019-03-08 22:00:02,Australia/Melbourne
2019-03-09 09:00:10+11:00,32410,-38.362483782693744,144.78652582503858,88.22434,-9.600000000000025,2452,28.566,28566.0,143.0,75.0,,16,2019-03-08 22:00:10,Australia/Melbourne
2019-03-09 09:00:11+11:00,32411,-38.3625101018697,144.78661148808897,88.23238,-9.600000000000025,2452,29.2248,29224.8,143.0,76.0,,16,2019-03-08 22:00:11,Australia/Melbourne
2019-03-09 09:00:19+11:00,32419,-38.362714536488056,144.78730768896642,88.29732000000001,-9.800000000000011,2451,28.872,28872.0,144.0,76.0,,16,2019-03-08 22:00:19,Australia/Melbourne
2019-03-09 09:00:23+11:00,32423,-38.36282056756317,144.78765008971095,88.32947999999998,-10.199999999999989,2449,28.7136,28713.6,144.0,75.0,,16,2019-03-08 22:00:23,Australia/Melbourne
2019-03-09 09:00:31+11:00,32431,-38.36301770992578,144.78835484012959,88.39486,-9.399999999999975,2453,29.1024,29102.4,144.0,84.0,,16,2019-03-08 22:00:31,Australia/Melbourne
2019-03-09 09:00:39+11:00,32439,-38.363210326060646,144.78904475457966,88.45884000000001,-10.600000000000025,2447,29.1276,29127.6,144.0,85.0,,16,2019-03-08 22:00:39,Australia/Melbourne
2019-03-09 09:00:47+11:00,32447,-38.36338575929403,144.78974824771285,88.52333999999998,-10.600000000000025,2447,29.1816,29181.6,143.0,86.0,,16,2019-03-08 22:00:47,Australia/Melbourne
2019-03-09 09:00:54+11:00,32454,-38.36351743899286,144.79038041085002,88.58048000000001,-11.199999999999989,2444,29.487600000000004,29487.6,144.0,86.0,,16,2019-03-08 22:00:54,Australia/Melbourne
2019-03-09 09:01:02+11:00,32462,-38.36366864852607,144.79109739884734,88.64536,-10.800000000000011,2446,28.4436,28443.6,144.0,83.0,,16,2019-03-08 22:01:02,Australia/Melbourne
2019-03-09 09:01:04+11:00,32464,-38.36370469070971,144.79127216152847,88.66114,-10.800000000000011,2446,28.224,28224.0,144.0,83.0,,16,2019-03-08 22:01:04,Australia/Melbourne
2019-03-09 09:01:12+11:00,32472,-38.36384584195912,144.79197758249936,88.72475999999997,-9.600000000000025,2452,28.6884,28688.4,142.0,84.0,,16,2019-03-08 22:01:12,Australia/Melbourne
2019-03-09 09:01:20+11:00,32480,-38.363991351798184,144.79268576949838,88.78872,-10.600000000000025,2447,28.1952,28195.2,141.0,83.0,,16,2019-03-08 22:01:20,Australia/Melbourne
2019-03-09 09:01:22+11:00,32482,-38.36402798071504,144.79286153800788,88.80462,-10.800000000000011,2446,28.9296,28929.6,142.0,84.0,,16,2019-03-08 22:01:22,Australia/Melbourne
2019-03-09 09:01:29+11:00,32489,-38.364164773374796,144.7934832237661,88.86103999999997,-10.800000000000011,2446,29.4516,29451.6,143.0,77.0,,16,2019-03-08 22:01:29,Australia/Melbourne
2019-03-09 09:01:37+11:00,32497,-38.3643064275384,144.79422267526388,88.92754000000001,-10.199999999999989,2449,29.736,29736.0,145.0,78.0,,16,2019-03-08 22:01:37,Australia/Melbourne
2019-03-09 09:01:39+11:00,32499,-38.36434758268297,144.79440221562982,88.94388000000002,-10.199999999999989,2449,29.4012,29401.2,145.0,78.0,,16,2019-03-08 22:01:39,Australia/Melbourne
2019-03-09 09:01:47+11:00,32507,-38.3644996304065,144.7951145097613,89.00838,-10.0,2450,28.7568,28756.8,146.0,76.0,,16,2019-03-08 22:01:47,Australia/Melbourne
2019-03-09 09:01:48+11:00,32508,-38.364511113613844,144.79520712979138,89.01653999999998,-10.0,2450,28.8216,28821.6,146.0,77.0,,16,2019-03-08 22:01:48,Australia/Melbourne
2019-03-09 09:01:55+11:00,32515,-38.36463751271367,144.79583417996764,89.07311999999997,-10.199999999999989,2449,29.2068,29206.8,146.0,76.0,,16,2019-03-08 22:01:55,Australia/Melbourne
2019-03-09 09:02:02+11:00,32522,-38.36476282216609,144.7964897286147,89.13208,-10.0,2450,29.8368,29836.8,147.0,79.0,,16,2019-03-08 22:02:02,Australia/Melbourne
2019-03-09 09:02:10+11:00,32530,-38.36490740999579,144.79722188785672,89.19806,-10.199999999999989,2449,29.07,29070.0,147.0,77.0,,16,2019-03-08 22:02:10,Australia/Melbourne
2019-03-09 09:02:12+11:00,32532,-38.36494856514037,144.79740318842232,89.21455999999998,-10.199999999999989,2449,29.142000000000003,29142.0,146.0,74.0,,16,2019-03-08 22:02:12,Australia/Melbourne
2019-03-09 09:02:20+11:00,32540,-38.36512156762183,144.79813819751143,89.28161999999998,-10.399999999999975,2448,30.3084,30308.4,145.0,78.0,,16,2019-03-08 22:02:20,Australia/Melbourne
2019-03-09 09:02:28+11:00,32548,-38.365285098552704,144.79887253604832,89.34832,-10.199999999999989,2449,30.0096,30009.6,145.0,78.0,,16,2019-03-08 22:02:28,Australia/Melbourne
2019-03-09 09:02:29+11:00,32549,-38.365302449092276,144.79896465316415,89.3566,-10.199999999999989,2449,30.06,30060.0,145.0,79.0,,16,2019-03-08 22:02:29,Australia/Melbourne
2019-03-09 09:02:37+11:00,32557,-38.36546572856604,144.79968273080885,89.42194,-10.199999999999989,2449,27.99,27990.0,146.0,76.0,,16,2019-03-08 22:02:37,Australia/Melbourne
2019-03-09 09:02:38+11:00,32558,-38.3654870186001,144.79976763948798,89.42971999999999,-10.199999999999989,2449,27.9288,27928.8,146.0,74.0,,16,2019-03-08 22:02:38,Australia/Melbourne
2019-03-09 09:02:44+11:00,32564,-38.36560679599643,144.8002713918686,89.47572,-9.399999999999975,2453,26.5464,26546.4,146.0,71.0,,16,2019-03-08 22:02:44,Australia/Melbourne
2019-03-09 09:02:47+11:00,32567,-38.365658344700925,144.80052544735372,89.49864000000001,-8.399999999999977,2458,27.0828,27082.8,147.0,80.0,,16,2019-03-08 22:02:47,Australia/Melbourne
2019-03-09 09:02:55+11:00,32575,-38.36580553092063,144.8011685907841,89.5572,-9.0,2455,26.0136,26013.6,146.0,75.0,,16,2019-03-08 22:02:55,Australia/Melbourne
2019-03-09 09:03:02+11:00,32582,-38.36594626307488,144.80171752162278,89.60764,-9.0,2455,25.0272,25027.2,149.0,74.0,,16,2019-03-08 22:03:02,Australia/Melbourne
2019-03-09 09:03:05+11:00,32585,-38.36600443348289,144.80194425210357,89.6285,-9.0,2455,25.5564,25556.4,148.0,73.0,,16,2019-03-08 22:03:05,Australia/Melbourne
2019-03-09 09:03:14+11:00,32594,-38.36617173627019,144.8026495054364,89.69288,-8.399999999999977,2458,25.398000000000003,25398.0,150.0,75.0,,16,2019-03-08 22:03:14,Australia/Melbourne
2019-03-09 09:03:16+11:00,32596,-38.36620660498738,144.80280624702573,89.70710000000003,-8.0,2460,26.3412,26341.2,151.0,75.0,,16,2019-03-08 22:03:16,Australia/Melbourne
2019-03-09 09:03:24+11:00,32604,-38.36634046398103,144.80344704352316,89.76505999999998,-7.600000000000023,2462,25.722,25722.0,151.0,76.0,,16,2019-03-08 22:03:24,Australia/Melbourne
2019-03-09 09:03:27+11:00,32607,-38.36638061329722,144.8036845866591,89.78628,-7.399999999999977,2463,25.2324,25232.4,152.0,75.0,,16,2019-03-08 22:03:27,Australia/Melbourne
2019-03-09 09:03:32+11:00,32612,-38.366450937464826,144.80406696908173,89.8206,-7.0,2465,24.1452,24145.2,152.0,72.0,,16,2019-03-08 22:03:32,Australia/Melbourne
2019-03-09 09:03:40+11:00,32620,-38.36658446118236,144.80471095070243,89.87881999999999,-7.600000000000023,2462,26.8488,26848.8,151.0,79.0,,16,2019-03-08 22:03:40,Australia/Melbourne
2019-03-09 09:03:44+11:00,32624,-38.36665227077901,144.80504748411474,89.90917999999998,-7.199999999999988,2464,26.9532,26953.2,154.0,79.0,,16,2019-03-08 22:03:44,Australia/Melbourne
2019-03-09 09:03:50+11:00,32630,-38.366744890809066,144.80553380213678,89.9529,-7.199999999999988,2464,25.8156,25815.6,155.0,76.0,,16,2019-03-08 22:03:50,Australia/Melbourne
2019-03-09 09:03:59+11:00,32639,-38.36687916889787,144.80623813346028,90.01624000000002,-6.399999999999977,2468,24.5376,24537.6,156.0,72.0,,16,2019-03-08 22:03:59,Australia/Melbourne
2019-03-09 09:04:05+11:00,32645,-38.366965083405375,144.80669586919245,90.05736,-6.399999999999977,2468,24.3648,24364.8,156.0,71.0,,16,2019-03-08 22:04:05,Australia/Melbourne
2019-03-09 09:04:06+11:00,32646,-38.366976985707886,144.80677046813068,90.06402,-6.399999999999977,2468,23.9832,23983.2,155.0,72.0,,16,2019-03-08 22:04:06,Australia/Melbourne
2019-03-09 09:04:14+11:00,32654,-38.367099277675145,144.80737103149298,90.11824,-5.800000000000012,2471,25.5888,25588.8,154.0,73.0,,16,2019-03-08 22:04:14,Australia/Melbourne
2019-03-09 09:04:19+11:00,32659,-38.36717144586146,144.80776322074234,90.15346,-5.399999999999976,2473,25.1064,25106.4,155.0,74.0,,16,2019-03-08 22:04:19,Australia/Melbourne
2019-03-09 09:04:21+11:00,32661,-38.36720128543675,144.80791694484648,90.16728,-4.800000000000012,2476,24.7032,24703.2,155.0,72.0,,16,2019-03-08 22:04:21,Australia/Melbourne
2019-03-09 09:04:23+11:00,32663,-38.36723213084042,144.80806865729392,90.18098,-4.199999999999989,2479,24.1452,24145.2,155.0,72.0,,16,2019-03-08 22:04:23,Australia/Melbourne
2019-03-09 09:04:30+11:00,32670,-38.367342269048095,144.80857551097867,90.22694,-3.6000000000000227,2482,23.508000000000006,23508.0,156.0,68.0,,16,2019-03-08 22:04:30,Australia/Melbourne
2019-03-09 09:04:32+11:00,32672,-38.3673800714314,144.8087150696665,90.23984,-3.0,2485,23.3064,23306.4,155.0,68.0,,16,2019-03-08 22:04:32,Australia/Melbourne
2019-03-09 09:04:37+11:00,32677,-38.36746556684375,144.8090786766261,90.273,-2.800000000000012,2486,24.0588,24058.8,156.0,70.0,,16,2019-03-08 22:04:37,Australia/Melbourne
2019-03-09 09:04:45+11:00,32685,-38.36763085797429,144.8096580337733,90.32688,-2.6000000000000227,2487,25.1136,25113.6,155.0,72.0,,16,2019-03-08 22:04:45,Australia/Melbourne
2019-03-09 09:04:54+11:00,32694,-38.367886003106825,144.81034006923437,90.39288,-3.0,2485,27.7632,27763.2,157.0,80.0,,16,2019-03-08 22:04:54,Australia/Melbourne
2019-03-09 09:04:55+11:00,32695,-38.367918021976955,144.81041952967644,90.40068000000001,-3.1999999999999886,2484,28.3032,28303.2,157.0,81.0,,16,2019-03-08 22:04:55,Australia/Melbourne
2019-03-09 09:04:59+11:00,32699,-38.368052048608654,144.81075212359428,90.43334,-4.199999999999989,2479,29.7864,29786.4,155.0,86.0,,16,2019-03-08 22:04:59,Australia/Melbourne
2019-03-09 09:05:04+11:00,32704,-38.36823066696525,144.81119242496789,90.47662,-5.399999999999976,2473,32.4036,32403.6,153.0,82.0,,16,2019-03-08 22:05:04,Australia/Melbourne
2019-03-09 09:05:09+11:00,32709,-38.368420768529184,144.8116803355515,90.5242,-6.600000000000023,2467,35.532,35532.0,151.0,59.0,,16,2019-03-08 22:05:09,Australia/Melbourne
2019-03-09 09:05:11+11:00,32711,-38.36849788203836,144.81188703328368,90.5442,-8.199999999999989,2459,36.036,36036.0,149.0,59.0,,16,2019-03-08 22:05:11,Australia/Melbourne
2019-03-09 09:05:12+11:00,32712,-38.36853308603168,144.8119912203401,90.5541,-8.199999999999989,2459,35.8128,35812.8,146.0,0.0,,16,2019-03-08 22:05:12,Australia/Melbourne
2019-03-09 09:05:14+11:00,32714,-38.36860198527575,144.8122006841004,90.57394,-8.600000000000023,2457,35.316,35316.0,143.0,0.0,,16,2019-03-08 22:05:14,Australia/Melbourne
2019-03-09 09:05:16+11:00,32716,-38.368667364120476,144.81240109540522,90.59288,-9.399999999999975,2453,32.8392,32839.200000000004,142.0,0.0,,16,2019-03-08 22:05:16,Australia/Melbourne
2019-03-09 09:05:19+11:00,32719,-38.368746154010296,144.81269982643425,90.62044,-10.0,2450,32.3424,32342.4,142.0,86.0,,16,2019-03-08 22:05:19,Australia/Melbourne
2019-03-09 09:05:26+11:00,32726,-38.368878504261374,144.81336853466928,90.6807,-9.399999999999975,2453,30.1428,30142.8,142.0,80.0,,16,2019-03-08 22:05:26,Australia/Melbourne
2019-03-09 09:05:28+11:00,32728,-38.36892200633884,144.81355234980586,90.69745999999999,-9.600000000000025,2452,30.0564,30056.4,141.0,78.0,,16,2019-03-08 22:05:28,Australia/Melbourne
2019-03-09 09:05:35+11:00,32735,-38.36904061026871,144.8141849320382,90.7543,-9.800000000000011,2451,28.8468,28846.8,141.0,76.0,,16,2019-03-08 22:05:35,Australia/Melbourne
2019-03-09 09:05:43+11:00,32743,-38.36918343789876,144.814900746569,90.81884000000001,-9.600000000000025,2452,28.9404,28940.4,142.0,74.0,,16,2019-03-08 22:05:43,Australia/Melbourne
2019-03-09 09:05:44+11:00,32744,-38.36920154280961,144.81498800218102,90.82674,-9.399999999999975,2453,29.052000000000003,29052.0,142.0,77.0,,16,2019-03-08 22:05:44,Australia/Melbourne
2019-03-09 09:05:52+11:00,32752,-38.36935803294182,144.81571638956666,90.89272,-9.399999999999975,2453,29.5416,29541.6,143.0,78.0,,16,2019-03-08 22:05:52,Australia/Melbourne
2019-03-09 09:05:54+11:00,32754,-38.36939700879157,144.81589886359868,90.90924,-9.399999999999975,2453,29.581200000000006,29581.2,144.0,78.0,,16,2019-03-08 22:05:54,Australia/Melbourne
2019-03-09 09:06:02+11:00,32762,-38.369519133120775,144.81663387268782,90.97488,-9.399999999999975,2453,29.07,29070.0,144.0,77.0,,16,2019-03-08 22:06:02,Australia/Melbourne
2019-03-09 09:06:03+11:00,32763,-38.369531957432635,144.81672548688948,90.98302,-9.399999999999975,2453,28.9728,28972.8,145.0,75.0,,16,2019-03-08 22:06:03,Australia/Melbourne
2019-03-09 09:06:11+11:00,32771,-38.369630863890045,144.81744649820033,91.04698,-9.199999999999989,2454,28.9368,28936.8,146.0,77.0,,16,2019-03-08 22:06:11,Australia/Melbourne
2019-03-09 09:06:19+11:00,32779,-38.36971753276885,144.81815887615085,91.10998000000001,-9.399999999999975,2453,27.6804,27680.4,144.0,81.0,,16,2019-03-08 22:06:19,Australia/Melbourne
2019-03-09 09:06:25+11:00,32785,-38.36978609673679,144.8186656460166,91.15491999999999,-9.199999999999989,2454,25.2324,25232.4,141.0,63.0,,16,2019-03-08 22:06:25,Australia/Melbourne
2019-03-09 09:06:27+11:00,32787,-38.3698030281812,144.81882054358718,91.16858,-10.0,2450,23.4612,23461.2,140.0,63.0,,16,2019-03-08 22:06:27,Australia/Melbourne
2019-03-09 09:06:34+11:00,32794,-38.36987343616784,144.8193491064012,91.21542,-10.399999999999975,2448,25.1424,25142.4,140.0,72.0,,16,2019-03-08 22:06:34,Australia/Melbourne
2019-03-09 09:06:43+11:00,32803,-38.369992459192865,144.8200830258429,91.28094,-9.800000000000011,2451,25.9416,25941.6,142.0,77.0,,16,2019-03-08 22:06:43,Australia/Melbourne
2019-03-09 09:06:51+11:00,32811,-38.370096730068326,144.8207143507898,91.3373,-10.199999999999989,2449,24.6456,24645.6,143.0,74.0,,16,2019-03-08 22:06:51,Australia/Melbourne
2019-03-09 09:07:00+11:00,32820,-38.370196558535106,144.8214237112552,91.4003,-9.0,2455,25.6644,25664.4,145.0,74.0,,16,2019-03-08 22:07:00,Australia/Melbourne
2019-03-09 09:07:07+11:00,32827,-38.37026864290237,144.82199544087052,91.45092,-8.800000000000011,2456,26.6976,26697.6,145.0,76.0,,16,2019-03-08 22:07:07,Australia/Melbourne
2019-03-09 09:07:14+11:00,32834,-38.37034047581256,144.82259273529053,91.50372,-9.399999999999975,2453,27.4572,27457.2,145.0,79.0,,16,2019-03-08 22:07:14,Australia/Melbourne
2019-03-09 09:07:21+11:00,32841,-38.370416164398186,144.82319422066212,91.55696,-8.800000000000011,2456,26.9676,26967.6,144.0,80.0,,16,2019-03-08 22:07:21,Australia/Melbourne
2019-03-09 09:07:29+11:00,32849,-38.37049663066864,144.8238838836551,91.6179,-10.399999999999975,2448,27.3384,27338.4,143.0,81.0,,16,2019-03-08 22:07:29,Australia/Melbourne
2019-03-09 09:07:34+11:00,32854,-38.37055287323892,144.82428160496056,91.6532,-10.0,2450,23.0508,23050.8,141.0,0.0,,16,2019-03-08 22:07:34,Australia/Melbourne
2019-03-09 09:07:38+11:00,32858,-38.37057676166296,144.82448059134182,91.67078000000001,-9.0,2455,7.8264,7826.4000000000015,139.0,0.0,,16,2019-03-08 22:07:38,Australia/Melbourne
2019-03-09 09:07:40+11:00,32860,-38.370577851310365,144.82449349947277,91.67212,-8.399999999999977,2458,0.0,0.0,140.0,0.0,,16,2019-03-08 22:07:40,Australia/Melbourne
2019-03-09 09:08:03+11:00,32883,-38.370585897937424,144.8245389293879,91.6726,-8.199999999999989,2459,6.1992,6199.2,145.0,0.0,,16,2019-03-08 22:08:03,Australia/Melbourne
2019-03-09 09:08:04+11:00,32884,-38.370588328689344,144.82456365600228,91.67478,-8.199999999999989,2459,8.262,8262.0,145.0,0.0,,16,2019-03-08 22:08:04,Australia/Melbourne
2019-03-09 09:08:08+11:00,32888,-38.37060383521021,144.82471746392548,91.68834,-8.800000000000011,2456,14.4576,14457.6,142.0,0.0,,16,2019-03-08 22:08:08,Australia/Melbourne
2019-03-09 09:08:11+11:00,32891,-38.370630322024226,144.82489122077826,91.70382,-9.0,2455,18.414,18414.0,139.0,54.0,,16,2019-03-08 22:08:11,Australia/Melbourne
2019-03-09 09:08:13+11:00,32893,-38.37064842693508,144.82501175254586,91.71456,-9.399999999999975,2453,19.692,19692.0,140.0,62.0,,16,2019-03-08 22:08:13,Australia/Melbourne
2019-03-09 09:08:18+11:00,32898,-38.37070785462856,144.8253409937024,91.74406,-9.600000000000025,2452,22.5072,22507.2,143.0,74.0,,16,2019-03-08 22:08:18,Australia/Melbourne
2019-03-09 09:08:19+11:00,32899,-38.37072202004492,144.82541299425066,91.75056,-9.600000000000025,2452,23.2848,23284.8,143.0,75.0,,16,2019-03-08 22:08:19,Australia/Melbourne
2019-03-09 09:08:27+11:00,32907,-38.370820004493,144.82603132724762,91.80566,-9.800000000000011,2451,25.686,25686.0,145.0,79.0,,17,2019-03-08 22:08:27,Australia/Melbourne
2019-03-09 09:08:33+11:00,32913,-38.37088379077613,144.82656810432673,91.85308,-9.399999999999975,2453,26.9568,26956.8,148.0,80.0,,17,2019-03-08 22:08:33,Australia/Melbourne
2019-03-09 09:08:39+11:00,32919,-38.37094078771771,144.82710127718747,91.90008,-8.399999999999977,2458,27.1044,27104.4,148.0,81.0,,17,2019-03-08 22:08:39,Australia/Melbourne
2019-03-09 09:08:42+11:00,32922,-38.370970208197825,144.82737285085022,91.92404,-8.800000000000011,2456,27.612,27612.0,148.0,81.0,,17,2019-03-08 22:08:42,Australia/Melbourne
2019-03-09 09:08:50+11:00,32930,-38.37104153819382,144.82810216024518,91.98824,-8.199999999999989,2459,28.3464,28346.4,146.0,84.0,,17,2019-03-08 22:08:50,Australia/Melbourne
2019-03-09 09:08:51+11:00,32931,-38.37104522623122,144.8281961213797,91.99646,-8.0,2460,28.4112,28411.2,146.0,83.0,,17,2019-03-08 22:08:51,Australia/Melbourne
2019-03-09 09:08:59+11:00,32939,-38.37104145437479,144.82894135639071,92.06162,-8.399999999999977,2458,27.9,27900.0,145.0,84.0,,17,2019-03-08 22:08:59,Australia/Melbourne
2019-03-09 09:09:00+11:00,32940,-38.371037933975465,144.8290337249637,92.0697,-8.399999999999977,2458,28.0152,28015.2,144.0,82.0,,17,2019-03-08 22:09:00,Australia/Melbourne
2019-03-09 09:09:07+11:00,32947,-38.37102217599749,144.82967410236597,92.12572,-8.600000000000023,2457,28.4832,28483.2,141.0,83.0,,17,2019-03-08 22:09:07,Australia/Melbourne
2019-03-09 09:09:14+11:00,32954,-38.371006585657604,144.83030375093222,92.18078,-9.199999999999989,2454,25.4124,25412.4,142.0,0.0,,17,2019-03-08 22:09:14,Australia/Melbourne
2019-03-09 09:09:19+11:00,32959,-38.37099770084024,144.8306425474584,92.2104,-8.600000000000023,2457,14.345999999999998,14346.0,141.0,0.0,,17,2019-03-08 22:09:19,Australia/Melbourne
2019-03-09 09:09:23+11:00,32963,-38.370994431898,144.83072812668982,92.21802,-8.0,2460,0.0,0.0,141.0,0.0,,17,2019-03-08 22:09:23,Australia/Melbourne
2019-03-09 09:09:33+11:00,32973,-38.370992504060276,144.83079350553453,92.21884,-7.800000000000012,2461,6.372000000000001,6372.0,140.0,0.0,,17,2019-03-08 22:09:33,Australia/Melbourne
2019-03-09 09:09:35+11:00,32975,-38.37099426425994,144.830860812217,92.22471999999999,-8.0,2460,11.3508,11350.8,140.0,0.0,,17,2019-03-08 22:09:35,Australia/Melbourne
2019-03-09 09:09:37+11:00,32977,-38.37099459953606,144.83096508309245,92.23384,-8.399999999999977,2458,16.1064,16106.4,139.0,0.0,,17,2019-03-08 22:09:37,Australia/Melbourne
2019-03-09 09:09:39+11:00,32979,-38.37099317461252,144.83108737505972,92.24452,-9.0,2455,19.9008,19900.8,139.0,53.0,,17,2019-03-08 22:09:39,Australia/Melbourne
2019-03-09 09:09:44+11:00,32984,-38.370988229289644,144.83145014382902,92.27622,-9.399999999999975,2453,23.6376,23637.6,142.0,68.0,,17,2019-03-08 22:09:44,Australia/Melbourne
2019-03-09 09:09:45+11:00,32985,-38.370987474918365,144.83152750879523,92.28298000000001,-9.399999999999975,2453,24.1776,24177.6,143.0,70.0,,17,2019-03-08 22:09:45,Australia/Melbourne
2019-03-09 09:09:52+11:00,32992,-38.370976075530045,144.83207996003333,92.3313,-10.0,2450,24.2316,24231.6,143.0,73.0,,17,2019-03-08 22:09:52,Australia/Melbourne
2019-03-09 09:09:59+11:00,32999,-38.37097322568298,144.83265982009468,92.382,-9.0,2455,26.1144,26114.4,146.0,77.0,,17,2019-03-08 22:09:59,Australia/Melbourne
2019-03-09 09:10:00+11:00,33000,-38.37097154930235,144.83274296857417,92.38928,-8.800000000000011,2456,25.56,25560.0,147.0,78.0,,17,2019-03-08 22:10:00,Australia/Melbourne
2019-03-09 09:10:07+11:00,33007,-38.37095621041953,144.83334738761187,92.44212,-8.800000000000011,2456,27.198,27198.0,148.0,80.0,,17,2019-03-08 22:10:07,Australia/Melbourne
2019-03-09 09:10:15+11:00,33015,-38.37093709968031,144.83405021019283,92.50356,-9.399999999999975,2453,27.2124,27212.4,145.0,80.0,,17,2019-03-08 22:10:15,Australia/Melbourne
2019-03-09 09:10:16+11:00,33016,-38.370934082195156,144.83413788489995,92.51124,-9.600000000000025,2452,27.701999999999998,27702.0,145.0,81.0,,17,2019-03-08 22:10:16,Australia/Melbourne
2019-03-09 09:10:23+11:00,33023,-38.370909355580814,144.83477809466422,92.56726,-9.399999999999975,2453,29.0772,29077.2,146.0,76.0,,17,2019-03-08 22:10:23,Australia/Melbourne
2019-03-09 09:10:31+11:00,33031,-38.37088722735643,144.83552986755967,92.63302,-9.199999999999989,2454,29.5056,29505.6,147.0,77.0,,17,2019-03-08 22:10:31,Australia/Melbourne
2019-03-09 09:10:39+11:00,33039,-38.3708665240556,144.83628222718838,92.69882,-8.800000000000011,2456,29.1456,29145.6,148.0,77.0,,17,2019-03-08 22:10:39,Australia/Melbourne
2019-03-09 09:10:40+11:00,33040,-38.370866188779466,144.83637685887516,92.70708,-8.600000000000023,2457,29.419200000000004,29419.2,148.0,78.0,,17,2019-03-08 22:10:40,Australia/Melbourne
2019-03-09 09:10:47+11:00,33047,-38.3708495926112,144.83702586963773,92.76384,-8.600000000000023,2457,28.188,28188.0,145.0,74.0,,17,2019-03-08 22:10:47,Australia/Melbourne
2019-03-09 09:10:50+11:00,33050,-38.37083961814642,144.83730238862339,92.78804000000001,-9.0,2455,28.4292,28429.2,146.0,74.0,,17,2019-03-08 22:10:50,Australia/Melbourne
2019-03-09 09:10:58+11:00,33058,-38.37082310579717,144.83804971911013,92.85338,-9.199999999999989,2454,29.5308,29530.8,147.0,76.0,,17,2019-03-08 22:10:58,Australia/Melbourne
2019-03-09 09:10:59+11:00,33059,-38.370819501578815,144.83814527280632,92.86174,-9.199999999999989,2454,29.6208,29620.8,146.0,77.0,,17,2019-03-08 22:10:59,Australia/Melbourne
2019-03-09 09:11:03+11:00,33063,-38.37081355042756,144.8385195247829,92.89446,-8.0,2460,28.3284,28328.4,147.0,77.0,,17,2019-03-08 22:11:03,Australia/Melbourne
2019-03-09 09:11:05+11:00,33065,-38.37080726400018,144.83870484866205,92.91066,-8.199999999999989,2459,28.8108,28810.8,146.0,76.0,,17,2019-03-08 22:11:05,Australia/Melbourne
2019-03-09 09:11:12+11:00,33072,-38.37078245356679,144.83935377560556,92.96746,-9.199999999999989,2454,28.9764,28976.4,146.0,76.0,,17,2019-03-08 22:11:12,Australia/Melbourne
2019-03-09 09:11:18+11:00,33078,-38.37077407166362,144.83989985659719,93.0152,-9.199999999999989,2454,28.3716,28371.6,146.0,76.0,,17,2019-03-08 22:11:18,Australia/Melbourne
2019-03-09 09:11:19+11:00,33079,-38.370768707245595,144.83999147079882,93.02324,-9.199999999999989,2454,28.2456,28245.6,147.0,75.0,,17,2019-03-08 22:11:19,Australia/Melbourne
2019-03-09 09:11:27+11:00,33087,-38.37073878385127,144.84072270803154,93.08724,-8.800000000000011,2456,28.691999999999997,28692.0,145.0,76.0,,17,2019-03-08 22:11:27,Australia/Melbourne
2019-03-09 09:11:28+11:00,33088,-38.370731994509704,144.84081599861383,93.09541999999999,-9.199999999999989,2454,29.3868,29386.8,144.0,76.0,,17,2019-03-08 22:11:28,Australia/Melbourne
2019-03-09 09:11:36+11:00,33096,-38.37065806612373,144.84155285172162,93.16034,-8.800000000000011,2456,28.8612,28861.2,145.0,76.0,,17,2019-03-08 22:11:36,Australia/Melbourne
2019-03-09 09:11:44+11:00,33104,-38.370573492720716,144.84227864071727,93.22446,-9.0,2455,28.7532,28753.2,143.0,74.0,,17,2019-03-08 22:11:44,Australia/Melbourne
2019-03-09 09:11:45+11:00,33105,-38.370561003685005,144.84237134456637,93.23268,-9.0,2455,28.854000000000006,28854.0,143.0,74.0,,17,2019-03-08 22:11:45,Australia/Melbourne
2019-03-09 09:11:53+11:00,33113,-38.37045161984861,144.84311792068183,93.29906,-8.800000000000011,2456,29.3004,29300.4,145.0,76.0,,17,2019-03-08 22:11:53,Australia/Melbourne
2019-03-09 09:12:00+11:00,33120,-38.370369225740426,144.84377992339432,93.35764,-9.199999999999989,2454,30.078000000000007,30078.0,143.0,79.0,,17,2019-03-08 22:12:00,Australia/Melbourne
2019-03-09 09:12:08+11:00,33128,-38.37026478722692,144.84453555196527,93.42468000000001,-9.199999999999989,2454,29.178,29178.0,145.0,76.0,,17,2019-03-08 22:12:08,Australia/Melbourne
2019-03-09 09:12:09+11:00,33129,-38.37024961598217,144.8446271661669,93.43285999999999,-9.199999999999989,2454,29.0016,29001.6,145.0,77.0,,17,2019-03-08 22:12:09,Australia/Melbourne
2019-03-09 09:12:17+11:00,33137,-38.37014174088836,144.8453570622951,93.49776,-9.199999999999989,2454,29.358,29358.0,145.0,75.0,,17,2019-03-08 22:12:17,Australia/Melbourne
2019-03-09 09:12:18+11:00,33138,-38.37012631818652,144.8454480059445,93.5059,-9.0,2455,28.9152,28915.2,145.0,75.0,,17,2019-03-08 22:12:18,Australia/Melbourne
2019-03-09 09:12:26+11:00,33146,-38.370023304596536,144.84616507776082,93.56962,-9.0,2455,28.2132,28213.2,145.0,74.0,,17,2019-03-08 22:12:26,Australia/Melbourne
2019-03-09 09:12:34+11:00,33154,-38.369927415624254,144.8468643799424,93.63166,-9.600000000000025,2452,27.6372,27637.2,142.0,73.0,,17,2019-03-08 22:12:34,Australia/Melbourne
2019-03-09 09:12:39+11:00,33159,-38.36986949667335,144.84730711206794,93.67088,-9.199999999999989,2454,28.8144,28814.4,145.0,74.0,,17,2019-03-08 22:12:39,Australia/Melbourne
2019-03-09 09:12:42+11:00,33162,-38.36983705870807,144.84758337959647,93.69528000000001,-9.800000000000011,2451,28.5408,28540.8,146.0,77.0,,17,2019-03-08 22:12:42,Australia/Melbourne
2019-03-09 09:12:48+11:00,33168,-38.36975340731442,144.8481328133494,93.7442,-8.0,2460,28.6776,28677.6,146.0,75.0,,17,2019-03-08 22:12:48,Australia/Melbourne
2019-03-09 09:12:49+11:00,33169,-38.369740666821606,144.84822241589427,93.75216,-8.0,2460,28.3428,28342.8,146.0,75.0,,17,2019-03-08 22:12:49,Australia/Melbourne
2019-03-09 09:12:55+11:00,33175,-38.369661457836635,144.8487425968051,93.79845999999999,-9.399999999999975,2453,27.7668,27766.8,147.0,73.0,,17,2019-03-08 22:12:55,Australia/Melbourne
2019-03-09 09:12:57+11:00,33177,-38.36963639594615,144.8489145934582,93.81374,-9.399999999999975,2453,27.280800000000006,27280.8,147.0,73.0,,17,2019-03-08 22:12:57,Australia/Melbourne
2019-03-09 09:13:05+11:00,33185,-38.36956380866468,144.8495660349727,93.87126,-9.800000000000011,2451,26.4132,26413.2,148.0,68.0,,17,2019-03-08 22:13:05,Australia/Melbourne
2019-03-09 09:13:13+11:00,33193,-38.36946590803564,144.8502529319376,93.93228,-9.399999999999975,2453,27.035999999999998,27036.0,150.0,72.0,,17,2019-03-08 22:13:13,Australia/Melbourne
2019-03-09 09:13:21+11:00,33201,-38.36937974207103,144.85093371011317,93.99256,-10.199999999999989,2449,26.874000000000002,26874.0,152.0,72.0,,17,2019-03-08 22:13:21,Australia/Melbourne
2019-03-09 09:13:22+11:00,33202,-38.36936758831144,144.85102146863937,94.00034000000001,-10.399999999999975,2448,27.4032,27403.2,152.0,72.0,,17,2019-03-08 22:13:22,Australia/Melbourne
2019-03-09 09:13:30+11:00,33210,-38.36926306597889,144.85171062871814,94.06172,-9.0,2455,28.047600000000006,28047.6,153.0,74.0,,17,2019-03-08 22:13:30,Australia/Melbourne
2019-03-09 09:13:36+11:00,33216,-38.36917388252914,144.85224472358826,94.10942,-8.399999999999977,2458,27.6804,27680.4,153.0,82.0,,17,2019-03-08 22:13:36,Australia/Melbourne
2019-03-09 09:13:37+11:00,33217,-38.369160806760185,144.85233156010509,94.11716,-8.399999999999977,2458,27.7848,27784.8,152.0,80.0,,17,2019-03-08 22:13:37,Australia/Melbourne
2019-03-09 09:13:45+11:00,33225,-38.36903474293649,144.85304343514142,94.18092,-8.199999999999989,2459,28.476000000000006,28476.0,151.0,83.0,,17,2019-03-08 22:13:45,Australia/Melbourne
2019-03-09 09:13:53+11:00,33233,-38.36888998746872,144.8537587467581,94.24546,-8.800000000000011,2456,28.6488,28648.8,151.0,85.0,,17,2019-03-08 22:13:53,Australia/Melbourne
2019-03-09 09:13:55+11:00,33235,-38.368852520361536,144.85393879003826,94.26174,-8.399999999999977,2458,28.7964,28796.4,151.0,86.0,,17,2019-03-08 22:13:55,Australia/Melbourne
2019-03-09 09:14:03+11:00,33243,-38.36869854480028,144.85466952435672,94.32784000000001,-8.399999999999977,2458,30.517200000000006,30517.2,150.0,88.0,,17,2019-03-08 22:14:03,Australia/Melbourne
2019-03-09 09:14:10+11:00,33250,-38.36856225505471,144.85530411824584,94.38534,-8.600000000000023,2457,29.6028,29602.8,149.0,87.0,,17,2019-03-08 22:14:10,Australia/Melbourne
2019-03-09 09:14:18+11:00,33258,-38.36839478462935,144.85602957196537,94.4514,-8.600000000000023,2457,29.16,29160.0,148.0,86.0,,17,2019-03-08 22:14:18,Australia/Melbourne
2019-03-09 09:14:19+11:00,33259,-38.36837324313819,144.85611858777702,94.45952,-8.399999999999977,2458,29.07,29070.0,148.0,84.0,,17,2019-03-08 22:14:19,Australia/Melbourne
2019-03-09 09:14:27+11:00,33267,-38.368218345567584,144.85683012753725,94.5241,-8.399999999999977,2458,28.331999999999997,28332.0,147.0,82.0,,17,2019-03-08 22:14:27,Australia/Melbourne
2019-03-09 09:14:28+11:00,33268,-38.3682020008564,144.85692023299634,94.53218000000001,-8.600000000000023,2457,28.404,28404.0,147.0,84.0,,17,2019-03-08 22:14:28,Australia/Melbourne
2019-03-09 09:14:34+11:00,33274,-38.368093958124525,144.85744167119262,94.5793,-9.199999999999989,2454,27.885600000000004,27885.6,146.0,82.0,,17,2019-03-08 22:14:34,Australia/Melbourne
2019-03-09 09:14:42+11:00,33282,-38.367949873209,144.85813569277525,94.64206,-8.399999999999977,2458,28.35,28350.0,146.0,81.0,,17,2019-03-08 22:14:42,Australia/Melbourne
2019-03-09 09:14:48+11:00,33288,-38.367841076105826,144.85864413902164,94.6881,-10.0,2450,26.7156,26715.6,145.0,78.0,,17,2019-03-08 22:14:48,Australia/Melbourne
2019-03-09 09:14:49+11:00,33289,-38.36782556958497,144.858727036044,94.69556,-9.600000000000025,2452,26.6724,26672.4,145.0,81.0,,17,2019-03-08 22:14:49,Australia/Melbourne
2019-03-09 09:14:54+11:00,33294,-38.36773781105876,144.85913883894682,94.73284,-9.0,2455,26.812800000000006,26812.8,144.0,78.0,,17,2019-03-08 22:14:54,Australia/Melbourne
2019-03-09 09:14:59+11:00,33299,-38.36764586158097,144.85956044867638,94.77106,-8.600000000000023,2457,27.2664,27266.4,144.0,82.0,,17,2019-03-08 22:14:59,Australia/Melbourne
2019-03-09 09:15:05+11:00,33305,-38.36753622628749,144.86007350496945,94.81752,-8.600000000000023,2457,27.7632,27763.2,141.0,81.0,,17,2019-03-08 22:15:05,Australia/Melbourne
2019-03-09 09:15:08+11:00,33308,-38.36747637949885,144.86032479442656,94.84046,-8.800000000000011,2456,27.3168,27316.8,141.0,80.0,,17,2019-03-08 22:15:08,Australia/Melbourne
2019-03-09 09:15:16+11:00,33316,-38.36733531206846,144.86100138165057,94.90164,-8.399999999999977,2458,27.1548,27154.8,140.0,79.0,,17,2019-03-08 22:15:16,Australia/Melbourne
2019-03-09 09:15:25+11:00,33325,-38.36717102676629,144.8617454431951,94.96918000000001,-9.600000000000025,2452,27.3744,27374.4,139.0,79.0,,17,2019-03-08 22:15:25,Australia/Melbourne
2019-03-09 09:15:33+11:00,33333,-38.36700665764511,144.86239043064415,95.02844,-8.600000000000023,2457,26.855999999999998,26856.0,138.0,0.0,,17,2019-03-08 22:15:33,Australia/Melbourne
2019-03-09 09:15:37+11:00,33337,-38.366929460316896,144.86271556466818,95.05812,-8.800000000000011,2456,26.870400000000004,26870.4,141.0,79.0,,17,2019-03-08 22:15:37,Australia/Melbourne
2019-03-09 09:15:41+11:00,33341,-38.36684337817133,144.86304698511958,95.08862,-8.800000000000011,2456,27.8424,27842.4,144.0,82.0,,17,2019-03-08 22:15:41,Australia/Melbourne
2019-03-09 09:15:49+11:00,33349,-38.36669736541808,144.86374176107347,95.15148,-8.800000000000011,2456,28.1304,28130.4,145.0,81.0,,17,2019-03-08 22:15:49,Australia/Melbourne
2019-03-09 09:15:57+11:00,33357,-38.36652838625014,144.86442706547678,95.21428,-8.600000000000023,2457,28.188,28188.0,146.0,82.0,,17,2019-03-08 22:15:57,Australia/Melbourne
2019-03-09 09:16:05+11:00,33365,-38.36635119281709,144.86512477509675,95.27835999999999,-8.0,2460,28.331999999999997,28332.0,148.0,84.0,,17,2019-03-08 22:16:05,Australia/Melbourne
2019-03-09 09:16:07+11:00,33367,-38.36630978621543,144.86529928632083,95.2943,-8.199999999999989,2459,27.7344,27734.4,147.0,86.0,,17,2019-03-08 22:16:07,Australia/Melbourne
2019-03-09 09:16:14+11:00,33374,-38.366151200607426,144.86590730957687,95.35026,-7.800000000000012,2461,28.2168,28216.8,147.0,84.0,,17,2019-03-08 22:16:14,Australia/Melbourne
2019-03-09 09:16:16+11:00,33376,-38.36611079983413,144.86607997678217,95.36601999999999,-8.0,2460,27.612,27612.0,146.0,83.0,,17,2019-03-08 22:16:16,Australia/Melbourne
2019-03-09 09:16:23+11:00,33383,-38.365961853414774,144.86666587181392,95.41982,-8.0,2460,26.6112,26611.2,145.0,80.0,,17,2019-03-08 22:16:23,Australia/Melbourne
2019-03-09 09:16:31+11:00,33391,-38.36580527946353,144.8673355858773,95.48085999999999,-8.0,2460,28.188,28188.0,142.0,80.0,,17,2019-03-08 22:16:31,Australia/Melbourne
2019-03-09 09:16:33+11:00,33393,-38.36575565859675,144.86750355921689,95.49654,-8.600000000000023,2457,27.8316,27831.6,142.0,81.0,,17,2019-03-08 22:16:33,Australia/Melbourne
2019-03-09 09:16:40+11:00,33400,-38.36561274714768,144.8680956568569,95.55066,-8.0,2460,28.0152,28015.2,143.0,82.0,,17,2019-03-08 22:16:40,Australia/Melbourne
2019-03-09 09:16:47+11:00,33407,-38.365449048578746,144.8686998244375,95.60654,-8.199999999999989,2459,28.4076,28407.6,143.0,84.0,,17,2019-03-08 22:16:47,Australia/Melbourne
2019-03-09 09:16:51+11:00,33411,-38.365356931462884,144.86904138699174,95.63808,-9.0,2455,27.792,27792.0,143.0,83.0,,17,2019-03-08 22:16:51,Australia/Melbourne
2019-03-09 09:16:55+11:00,33415,-38.365253917872906,144.8693853802979,95.67026,-9.199999999999989,2454,29.0088,29008.8,142.0,85.0,,17,2019-03-08 22:16:55,Australia/Melbourne
2019-03-09 09:17:03+11:00,33423,-38.36504939943553,144.87006984651092,95.73424,-9.600000000000025,2452,27.216,27216.0,142.0,84.0,,17,2019-03-08 22:17:03,Australia/Melbourne
2019-03-09 09:17:09+11:00,33429,-38.364910259842866,144.87056630663574,95.7803,-9.600000000000025,2452,27.414,27414.0,143.0,82.0,,17,2019-03-08 22:17:09,Australia/Melbourne
2019-03-09 09:17:17+11:00,33437,-38.36474077776074,144.87126619555056,95.84432,-9.800000000000011,2451,27.9432,27943.2,142.0,82.0,,17,2019-03-08 22:17:17,Australia/Melbourne
2019-03-09 09:17:18+11:00,33438,-38.36472334340215,144.87135571427643,95.85238,-9.600000000000025,2452,28.421999999999997,28422.0,141.0,82.0,,17,2019-03-08 22:17:18,Australia/Melbourne
2019-03-09 09:17:26+11:00,33446,-38.36456903256476,144.87204395234585,95.91492,-8.800000000000011,2456,27.828000000000007,27828.0,142.0,83.0,,17,2019-03-08 22:17:26,Australia/Melbourne
2019-03-09 09:17:27+11:00,33447,-38.3645516820252,144.87213380634785,95.92299999999999,-8.800000000000011,2456,28.1916,28191.6,142.0,83.0,,17,2019-03-08 22:17:27,Australia/Melbourne
2019-03-09 09:17:34+11:00,33454,-38.364406591281295,144.87278080545366,95.9818,-8.199999999999989,2459,29.4804,29480.4,142.0,85.0,,17,2019-03-08 22:17:34,Australia/Melbourne
2019-03-09 09:17:42+11:00,33462,-38.364253621548414,144.8734881542623,96.04592,-8.600000000000023,2457,27.8928,27892.8,141.0,82.0,,17,2019-03-08 22:17:42,Australia/Melbourne
2019-03-09 09:17:43+11:00,33463,-38.364237193018205,144.87357465550303,96.0537,-8.600000000000023,2457,27.7704,27770.4,140.0,81.0,,17,2019-03-08 22:17:43,Australia/Melbourne
2019-03-09 09:17:50+11:00,33470,-38.36410660296679,144.87418117001653,96.10866,-8.399999999999977,2458,27.8316,27831.6,141.0,82.0,,17,2019-03-08 22:17:50,Australia/Melbourne
2019-03-09 09:17:58+11:00,33478,-38.363947430625565,144.87486639060083,96.17112,-7.800000000000012,2461,26.604,26604.0,139.0,83.0,,17,2019-03-08 22:17:58,Australia/Melbourne
2019-03-09 09:18:02+11:00,33482,-38.363865790888674,144.87520468421283,96.20204,-8.399999999999977,2458,27.7236,27723.6,136.0,44.0,,17,2019-03-08 22:18:02,Australia/Melbourne
2019-03-09 09:18:06+11:00,33486,-38.363778619095676,144.8755498509854,96.23371999999999,-8.600000000000023,2457,28.2456,28245.6,137.0,84.0,,17,2019-03-08 22:18:06,Australia/Melbourne
2019-03-09 09:18:09+11:00,33489,-38.363711815327406,144.87582217901942,96.25865999999999,-8.800000000000011,2456,29.232,29232.0,139.0,83.0,,17,2019-03-08 22:18:09,Australia/Melbourne
2019-03-09 09:18:11+11:00,33491,-38.363673007115715,144.8760008811951,96.27486,-9.199999999999989,2454,28.0044,28004.4,140.0,85.0,,17,2019-03-08 22:18:11,Australia/Melbourne
2019-03-09 09:18:13+11:00,33493,-38.36363126523793,144.87618234939873,96.29138,-9.0,2455,29.0988,29098.8,141.0,83.0,,17,2019-03-08 22:18:13,Australia/Melbourne
2019-03-09 09:18:17+11:00,33497,-38.36354300379753,144.8765414301306,96.32426,-9.199999999999989,2454,28.8684,28868.4,143.0,85.0,,17,2019-03-08 22:18:17,Australia/Melbourne
2019-03-09 09:18:24+11:00,33504,-38.36339246481657,144.87715917639434,96.3808,-9.399999999999975,2453,27.9828,27982.8,143.0,82.0,,17,2019-03-08 22:18:24,Australia/Melbourne
2019-03-09 09:18:32+11:00,33512,-38.36322247982025,144.8778380267322,96.44306,-9.399999999999975,2453,27.36,27360.0,144.0,79.0,,17,2019-03-08 22:18:32,Australia/Melbourne
2019-03-09 09:18:39+11:00,33519,-38.363072695210576,144.87841822206977,96.49644,-9.199999999999989,2454,27.1908,27190.8,145.0,78.0,,17,2019-03-08 22:18:39,Australia/Melbourne
2019-03-09 09:18:45+11:00,33525,-38.3629419375211,144.87890445627272,96.54134,-8.800000000000011,2456,25.7328,25732.8,144.0,43.0,,17,2019-03-08 22:18:45,Australia/Melbourne
2019-03-09 09:18:53+11:00,33533,-38.36275988258421,144.87955547869203,96.60174,-8.600000000000023,2457,28.35,28350.0,145.0,81.0,,17,2019-03-08 22:18:53,Australia/Melbourne
2019-03-09 09:19:00+11:00,33540,-38.362595178186886,144.88014975562692,96.65682,-8.800000000000011,2456,28.0836,28083.6,146.0,84.0,,17,2019-03-08 22:19:00,Australia/Melbourne
2019-03-09 09:19:07+11:00,33547,-38.362429216504104,144.8807329684496,96.71104,-9.399999999999975,2453,28.1448,28144.8,148.0,81.0,,17,2019-03-08 22:19:07,Australia/Melbourne
2019-03-09 09:19:13+11:00,33553,-38.362293848767884,144.88122599199414,96.75666,-9.0,2455,27.846,27846.0,148.0,79.0,,17,2019-03-08 22:19:13,Australia/Melbourne
2019-03-09 09:19:21+11:00,33561,-38.36209964007139,144.8819071054459,96.81998,-8.399999999999977,2458,29.4804,29480.4,150.0,83.0,,17,2019-03-08 22:19:21,Australia/Melbourne
2019-03-09 09:19:22+11:00,33562,-38.36207717657089,144.88199125975368,96.82774,-8.199999999999989,2459,27.968400000000006,27968.4,150.0,83.0,,17,2019-03-08 22:19:22,Australia/Melbourne
2019-03-09 09:19:29+11:00,33569,-38.36190492846072,144.882589308545,96.8834,-8.600000000000023,2457,28.8504,28850.4,149.0,83.0,,17,2019-03-08 22:19:29,Australia/Melbourne
2019-03-09 09:19:37+11:00,33577,-38.3617143239826,144.88326346501708,96.94601999999999,-8.800000000000011,2456,27.6696,27669.6,147.0,82.0,,17,2019-03-08 22:19:37,Australia/Melbourne
2019-03-09 09:19:44+11:00,33584,-38.361549954861395,144.88385447300968,97.00081999999999,-8.800000000000011,2456,27.342,27342.0,145.0,84.0,,17,2019-03-08 22:19:44,Australia/Melbourne
2019-03-09 09:19:48+11:00,33588,-38.361456161364906,144.88419167697432,97.03208,-8.600000000000023,2457,28.1844,28184.4,142.0,84.0,,17,2019-03-08 22:19:48,Australia/Melbourne
2019-03-09 09:19:52+11:00,33592,-38.361360188573606,144.8845304735005,97.06356,-8.399999999999977,2458,28.5012,28501.2,142.0,82.0,,17,2019-03-08 22:19:52,Australia/Melbourne
2019-03-09 09:20:00+11:00,33600,-38.361174194142215,144.88519532606006,97.12522,-8.399999999999977,2458,27.8748,27874.8,143.0,82.0,,17,2019-03-08 22:20:00,Australia/Melbourne
2019-03-09 09:20:08+11:00,33608,-38.360984092578285,144.88588297739625,97.18892,-9.0,2455,27.9072,27907.2,145.0,82.0,,17,2019-03-08 22:20:08,Australia/Melbourne
2019-03-09 09:20:16+11:00,33616,-38.360797259956605,144.8865625821054,97.25184,-9.0,2455,27.5112,27511.2,142.0,84.0,,17,2019-03-08 22:20:16,Australia/Melbourne
2019-03-09 09:20:17+11:00,33617,-38.360773622989655,144.88664749078453,97.25972,-9.199999999999989,2454,27.9972,27997.2,142.0,83.0,,17,2019-03-08 22:20:17,Australia/Melbourne
2019-03-09 09:20:23+11:00,33623,-38.360613947734244,144.88717060536146,97.30876,-8.600000000000023,2457,29.8116,29811.6,139.0,82.0,,17,2019-03-08 22:20:23,Australia/Melbourne
2019-03-09 09:20:24+11:00,33624,-38.360587963834405,144.8872588668019,97.31700000000001,-8.399999999999977,2458,29.5056,29505.6,139.0,87.0,,17,2019-03-08 22:20:24,Australia/Melbourne
2019-03-09 09:20:30+11:00,33630,-38.360412111505866,144.8877827357501,97.36678,-9.0,2455,29.0664,29066.4,141.0,85.0,,17,2019-03-08 22:20:30,Australia/Melbourne
2019-03-09 09:20:39+11:00,33639,-38.36018990725279,144.88844281062484,97.42956,-8.600000000000023,2457,27.8964,27896.4,140.0,82.0,,17,2019-03-08 22:20:39,Australia/Melbourne
2019-03-09 09:20:40+11:00,33640,-38.360162582248456,144.8885255400091,97.4374,-8.399999999999977,2458,27.7956,27795.6,139.0,82.0,,17,2019-03-08 22:20:40,Australia/Melbourne
2019-03-09 09:20:46+11:00,33646,-38.360017575323575,144.8890109360218,97.4828,-8.399999999999977,2458,26.9604,26960.4,136.0,79.0,,17,2019-03-08 22:20:46,Australia/Melbourne
2019-03-09 09:20:48+11:00,33648,-38.35997298359871,144.88917312584815,97.49781999999999,-8.199999999999989,2459,27.27,27270.0,137.0,80.0,,17,2019-03-08 22:20:48,Australia/Melbourne
2019-03-09 09:20:56+11:00,33656,-38.359786989167326,144.8898569215089,97.56104,-8.199999999999989,2459,28.6452,28645.2,137.0,83.0,,17,2019-03-08 22:20:56,Australia/Melbourne
2019-03-09 09:20:57+11:00,33657,-38.35976293310522,144.88994493149218,97.5692,-8.199999999999989,2459,28.6776,28677.6,137.0,83.0,,17,2019-03-08 22:20:57,Australia/Melbourne
2019-03-09 09:21:05+11:00,33665,-38.359578782692545,144.89064549095932,97.63374,-8.199999999999989,2459,29.2608,29260.8,135.0,85.0,,17,2019-03-08 22:21:05,Australia/Melbourne
2019-03-09 09:21:07+11:00,33667,-38.359527066349976,144.89081882871687,97.64994,-8.600000000000023,2457,28.832400000000003,28832.4,136.0,85.0,,17,2019-03-08 22:21:07,Australia/Melbourne
2019-03-09 09:21:15+11:00,33675,-38.359340820461505,144.89151561632752,97.71428,-8.0,2460,28.9368,28936.8,136.0,85.0,,17,2019-03-08 22:21:15,Australia/Melbourne
2019-03-09 09:21:16+11:00,33676,-38.35931416600943,144.89159977063537,97.7222,-8.0,2460,28.5912,28591.2,136.0,83.0,,17,2019-03-08 22:21:16,Australia/Melbourne
2019-03-09 09:21:24+11:00,33684,-38.35911568254232,144.89227769896388,97.78544,-8.399999999999977,2458,27.9504,27950.4,138.0,84.0,,17,2019-03-08 22:21:24,Australia/Melbourne
2019-03-09 09:21:26+11:00,33686,-38.359072348102934,144.89244340918958,97.8007,-8.399999999999977,2458,27.4032,27403.2,139.0,82.0,,17,2019-03-08 22:21:26,Australia/Melbourne
2019-03-09 09:21:34+11:00,33694,-38.35887948051096,144.8931094352156,97.86274,-8.399999999999977,2458,27.6768,27676.8,140.0,80.0,,17,2019-03-08 22:21:34,Australia/Melbourne
2019-03-09 09:21:40+11:00,33700,-38.35874067619443,144.89360916428268,97.90906,-8.600000000000023,2457,28.2852,28285.2,137.0,81.0,,17,2019-03-08 22:21:40,Australia/Melbourne
2019-03-09 09:21:42+11:00,33702,-38.35869323462248,144.8937821667641,97.92506,-8.800000000000011,2456,28.368000000000002,28368.0,137.0,83.0,,17,2019-03-08 22:21:42,Australia/Melbourne
2019-03-09 09:21:50+11:00,33710,-38.358496427536004,144.8944696504623,97.98898,-8.600000000000023,2457,28.612800000000004,28612.8,138.0,84.0,,17,2019-03-08 22:21:50,Australia/Melbourne
2019-03-09 09:21:56+11:00,33716,-38.35835376754403,144.89499502815306,98.03756,-8.399999999999977,2458,29.088,29088.0,137.0,85.0,,17,2019-03-08 22:21:56,Australia/Melbourne
2019-03-09 09:22:04+11:00,33724,-38.358179843053215,144.89569491706786,98.10174,-9.399999999999975,2453,28.656,28656.0,135.0,84.0,,17,2019-03-08 22:22:04,Australia/Melbourne
2019-03-09 09:22:12+11:00,33732,-38.3579738996923,144.89637879654762,98.16574,-9.399999999999975,2453,28.2024,28202.4,136.0,84.0,,17,2019-03-08 22:22:12,Australia/Melbourne
2019-03-09 09:22:17+11:00,33737,-38.357856385409825,144.89679537713528,98.20442,-9.199999999999989,2454,27.9288,27928.8,139.0,42.0,,17,2019-03-08 22:22:17,Australia/Melbourne
2019-03-09 09:22:18+11:00,33738,-38.35783618502319,144.89687760360542,98.21194,-9.199999999999989,2454,27.054000000000002,27054.0,139.0,42.0,,17,2019-03-08 22:22:18,Australia/Melbourne
2019-03-09 09:22:24+11:00,33744,-38.357667792588465,144.89735595881942,98.25776,-9.399999999999975,2453,26.3448,26344.8,139.0,83.0,,17,2019-03-08 22:22:24,Australia/Melbourne
2019-03-09 09:22:29+11:00,33749,-38.35748909041285,144.89774026907983,98.2968,-9.600000000000025,2452,27.45,27450.0,142.0,81.0,,17,2019-03-08 22:22:29,Australia/Melbourne
2019-03-09 09:22:30+11:00,33750,-38.357451371848576,144.89780992269516,98.30418,-9.399999999999975,2453,26.362800000000004,26362.8,142.0,79.0,,17,2019-03-08 22:22:30,Australia/Melbourne
2019-03-09 09:22:37+11:00,33757,-38.3572138287127,144.89831233397126,98.35552,-9.0,2455,26.056800000000006,26056.8,143.0,76.0,,17,2019-03-08 22:22:37,Australia/Melbourne
2019-03-09 09:22:44+11:00,33764,-38.35704887285829,144.8988815490156,98.40852,-8.800000000000011,2456,27.032400000000006,27032.4,143.0,80.0,,18,2019-03-08 22:22:44,Australia/Melbourne
2019-03-09 09:22:51+11:00,33771,-38.356895567849286,144.89942712709308,98.45916,-9.199999999999989,2454,26.524800000000006,26524.8,141.0,80.0,,18,2019-03-08 22:22:51,Australia/Melbourne
2019-03-09 09:22:59+11:00,33779,-38.35671342909336,144.90009985864162,98.52134000000001,-9.199999999999989,2454,27.9432,27943.2,142.0,82.0,,18,2019-03-08 22:22:59,Australia/Melbourne
2019-03-09 09:23:00+11:00,33780,-38.35668995976447,144.9001845996827,98.52918000000001,-9.0,2455,28.2168,28216.8,143.0,82.0,,18,2019-03-08 22:23:00,Australia/Melbourne
2019-03-09 09:23:08+11:00,33788,-38.35650178603828,144.90088373422626,98.59378000000001,-9.199999999999989,2454,28.7172,28717.2,143.0,85.0,,18,2019-03-08 22:23:08,Australia/Melbourne
2019-03-09 09:23:11+11:00,33791,-38.356431294232614,144.9011386279017,98.61738,-9.0,2455,28.1196,28119.6,144.0,84.0,,18,2019-03-08 22:23:11,Australia/Melbourne
2019-03-09 09:23:18+11:00,33798,-38.356265248730786,144.90175318904218,98.67416,-8.800000000000011,2456,29.214,29214.0,144.0,84.0,,18,2019-03-08 22:23:18,Australia/Melbourne
2019-03-09 09:23:26+11:00,33806,-38.35607271641493,144.90244276821613,98.73812,-9.0,2455,29.037600000000005,29037.6,145.0,85.0,,18,2019-03-08 22:23:26,Australia/Melbourne
2019-03-09 09:23:34+11:00,33814,-38.35587901063264,144.9031644500792,98.80478000000001,-8.399999999999977,2458,29.934,29934.0,145.0,88.0,,18,2019-03-08 22:23:34,Australia/Melbourne
2019-03-09 09:23:42+11:00,33822,-38.35568471811712,144.90388747304678,98.87158,-9.0,2455,29.9772,29977.2,143.0,84.0,,18,2019-03-08 22:23:42,Australia/Melbourne
2019-03-09 09:23:43+11:00,33823,-38.355659069493406,144.9039745610207,98.8797,-9.0,2455,29.4012,29401.2,143.0,86.0,,18,2019-03-08 22:23:43,Australia/Melbourne
2019-03-09 09:23:51+11:00,33831,-38.35546678863466,144.9046546686441,98.94288,-8.399999999999977,2458,27.9252,27925.2,142.0,81.0,,18,2019-03-08 22:23:51,Australia/Melbourne
2019-03-09 09:23:59+11:00,33839,-38.355277441442006,144.9053334351629,99.00582,-8.600000000000023,2457,28.5048,28504.8,140.0,82.0,,18,2019-03-08 22:23:59,Australia/Melbourne
2019-03-09 09:24:07+11:00,33847,-38.35508247837424,144.9060227628797,99.06984,-8.800000000000011,2456,28.7424,28742.4,138.0,83.0,,18,2019-03-08 22:24:07,Australia/Melbourne
2019-03-09 09:24:09+11:00,33849,-38.355035036802285,144.90619299933314,99.08562,-8.800000000000011,2456,28.5408,28540.8,138.0,81.0,,18,2019-03-08 22:24:09,Australia/Melbourne
2019-03-09 09:24:17+11:00,33857,-38.35484887473285,144.90686832927167,99.14818000000001,-8.600000000000023,2457,27.792,27792.0,138.0,82.0,,18,2019-03-08 22:24:17,Australia/Melbourne
2019-03-09 09:24:18+11:00,33858,-38.354825908318155,144.90695315413174,99.15602,-8.600000000000023,2457,27.936,27936.0,139.0,81.0,,18,2019-03-08 22:24:18,Australia/Melbourne
2019-03-09 09:24:24+11:00,33864,-38.35468308068812,144.9074467644095,99.20198,-8.800000000000011,2456,27.817200000000003,27817.2,140.0,82.0,,18,2019-03-08 22:24:24,Australia/Melbourne
2019-03-09 09:24:27+11:00,33867,-38.35460973903537,144.90770425647497,99.22592,-9.199999999999989,2454,28.8972,28897.2,143.0,84.0,,18,2019-03-08 22:24:27,Australia/Melbourne
2019-03-09 09:24:32+11:00,33872,-38.3544887881726,144.90813466720283,99.26588,-8.399999999999977,2458,28.555200000000006,28555.2,144.0,82.0,,18,2019-03-08 22:24:32,Australia/Melbourne
2019-03-09 09:24:40+11:00,33880,-38.35429416038096,144.9088260065764,99.33006,-8.399999999999977,2458,29.1852,29185.2,144.0,84.0,,18,2019-03-08 22:24:40,Australia/Melbourne
2019-03-09 09:24:41+11:00,33881,-38.35426775738597,144.90891225636003,99.33816,-8.399999999999977,2458,28.9944,28994.4,144.0,86.0,,18,2019-03-08 22:24:41,Australia/Melbourne
2019-03-09 09:24:49+11:00,33889,-38.35407346487045,144.90961901843548,99.40358,-9.0,2455,29.375999999999998,29376.0,146.0,86.0,,18,2019-03-08 22:24:49,Australia/Melbourne
2019-03-09 09:24:57+11:00,33897,-38.353876741603024,144.91032536141574,99.46908,-8.800000000000011,2456,29.0232,29023.2,145.0,84.0,,18,2019-03-08 22:24:57,Australia/Melbourne
2019-03-09 09:25:04+11:00,33904,-38.35371052846313,144.91091653704643,99.52396,-8.800000000000011,2456,27.8604,27860.4,145.0,83.0,,18,2019-03-08 22:25:04,Australia/Melbourne
2019-03-09 09:25:11+11:00,33911,-38.35354330949485,144.9115177709609,99.5797,-9.199999999999989,2454,28.8792,28879.2,146.0,83.0,,18,2019-03-08 22:25:11,Australia/Melbourne
2019-03-09 09:25:18+11:00,33918,-38.35338137112558,144.9121271353215,99.63596,-9.0,2455,28.4976,28497.6,148.0,83.0,,18,2019-03-08 22:25:18,Australia/Melbourne
2019-03-09 09:25:26+11:00,33926,-38.353185066953294,144.9128053151071,99.69914,-9.199999999999989,2454,28.5768,28576.8,148.0,82.0,,18,2019-03-08 22:25:26,Australia/Melbourne
2019-03-09 09:25:28+11:00,33928,-38.353139888495214,144.912976808846,99.71495999999999,-9.199999999999989,2454,28.2888,28288.8,148.0,82.0,,18,2019-03-08 22:25:28,Australia/Melbourne
2019-03-09 09:25:35+11:00,33935,-38.352983733639114,144.9135597702116,99.76878,-8.399999999999977,2458,25.9704,25970.4,146.0,44.0,,18,2019-03-08 22:25:35,Australia/Melbourne
2019-03-09 09:25:40+11:00,33940,-38.352861776947975,144.91396402940154,99.80662,-9.0,2455,25.3692,25369.2,145.0,78.0,,18,2019-03-08 22:25:40,Australia/Melbourne
2019-03-09 09:25:47+11:00,33947,-38.35272741504013,144.9145226832479,99.8577,-9.0,2455,26.6472,26647.2,145.0,75.0,,18,2019-03-08 22:25:47,Australia/Melbourne
2019-03-09 09:25:50+11:00,33950,-38.352699084207416,144.91476567462087,99.8792,-8.800000000000011,2456,25.704,25704.0,145.0,77.0,,18,2019-03-08 22:25:50,Australia/Melbourne
2019-03-09 09:25:53+11:00,33953,-38.352690869942315,144.91501562297344,99.90106,-8.600000000000023,2457,26.0316,26031.6,146.0,78.0,,18,2019-03-08 22:25:53,Australia/Melbourne
2019-03-09 09:26:01+11:00,33961,-38.352664466947324,144.91569564677775,99.96058,-8.199999999999989,2459,27.18,27180.0,145.0,80.0,,18,2019-03-08 22:26:01,Australia/Melbourne
2019-03-09 09:26:08+11:00,33968,-38.35257771424949,144.91631682962182,100.01578,-8.199999999999989,2459,28.691999999999997,28692.0,144.0,82.0,,18,2019-03-08 22:26:08,Australia/Melbourne
2019-03-09 09:26:16+11:00,33976,-38.352419463917606,144.9169928301126,100.07746,-7.800000000000012,2461,28.2024,28202.4,144.0,81.0,,18,2019-03-08 22:26:16,Australia/Melbourne
2019-03-09 09:26:17+11:00,33977,-38.352396916598074,144.91708075627685,100.08554000000001,-7.600000000000023,2462,28.5048,28504.8,145.0,82.0,,18,2019-03-08 22:26:17,Australia/Melbourne
2019-03-09 09:26:24+11:00,33984,-38.35223430767656,144.91766061633825,100.13936,-7.600000000000023,2462,28.1952,28195.2,144.0,82.0,,18,2019-03-08 22:26:24,Australia/Melbourne
2019-03-09 09:26:31+11:00,33991,-38.352070273831494,144.91826411336658,100.1952,-7.399999999999977,2463,28.3464,28346.4,144.0,83.0,,18,2019-03-08 22:26:31,Australia/Melbourne
2019-03-09 09:26:39+11:00,33999,-38.351889308542006,144.9189309775829,100.25686,-8.0,2460,27.3312,27331.2,143.0,79.0,,18,2019-03-08 22:26:39,Australia/Melbourne
2019-03-09 09:26:48+11:00,34008,-38.35168931633235,144.9196542520076,100.32388,-8.0,2460,27.072,27072.0,142.0,78.0,,18,2019-03-08 22:26:48,Australia/Melbourne
2019-03-09 09:26:51+11:00,34011,-38.351622680202134,144.91990168578926,100.34671999999999,-8.0,2460,27.4284,27428.4,140.0,79.0,,18,2019-03-08 22:26:51,Australia/Melbourne
2019-03-09 09:26:59+11:00,34019,-38.351438445970416,144.92056167684495,100.40794,-7.600000000000023,2462,29.1564,29156.4,139.0,81.0,,18,2019-03-08 22:26:59,Australia/Melbourne
2019-03-09 09:27:00+11:00,34020,-38.351414809003465,144.92064809426662,100.41592,-7.600000000000023,2462,28.746,28746.0,139.0,85.0,,18,2019-03-08 22:27:00,Australia/Melbourne
2019-03-09 09:27:08+11:00,34028,-38.35121054202318,144.9213411938399,100.48062,-7.399999999999977,2463,29.430000000000003,29430.0,142.0,87.0,,18,2019-03-08 22:27:08,Australia/Melbourne
2019-03-09 09:27:09+11:00,34029,-38.35118606686592,144.92142937146127,100.48878,-7.600000000000023,2462,29.4552,29455.2,142.0,83.0,,18,2019-03-08 22:27:09,Australia/Melbourne
2019-03-09 09:27:17+11:00,34037,-38.35098029114307,144.92211911827326,100.55328,-8.0,2460,27.7596,27759.6,140.0,85.0,,18,2019-03-08 22:27:17,Australia/Melbourne
2019-03-09 09:27:25+11:00,34045,-38.35077987983823,144.92279620841146,100.6165,-8.600000000000023,2457,27.4716,27471.6,141.0,81.0,,18,2019-03-08 22:27:25,Australia/Melbourne
2019-03-09 09:27:26+11:00,34046,-38.35075414739549,144.92287776432931,100.62418000000001,-8.399999999999977,2458,27.594,27594.0,141.0,82.0,,18,2019-03-08 22:27:26,Australia/Melbourne
2019-03-09 09:27:34+11:00,34054,-38.350556334480636,144.92354488000274,100.68648,-8.800000000000011,2456,28.061999999999998,28062.0,141.0,82.0,,18,2019-03-08 22:27:34,Australia/Melbourne
2019-03-09 09:27:37+11:00,34057,-38.350472096353776,144.92379181087014,100.71,-9.199999999999989,2454,27.9432,27943.2,142.0,79.0,,18,2019-03-08 22:27:37,Australia/Melbourne
2019-03-09 09:27:45+11:00,34065,-38.35023337975144,144.92441492155194,100.7706,-8.600000000000023,2457,26.8776,26877.6,140.0,78.0,,18,2019-03-08 22:27:45,Australia/Melbourne
2019-03-09 09:27:50+11:00,34070,-38.35005769506097,144.9247872456908,100.80858,-7.800000000000012,2461,27.1728,27172.8,140.0,80.0,,18,2019-03-08 22:27:50,Australia/Melbourne
2019-03-09 09:27:51+11:00,34071,-38.35002307780086,144.92486511357131,100.8164,-7.600000000000023,2462,27.3024,27302.4,141.0,79.0,,18,2019-03-08 22:27:51,Australia/Melbourne
2019-03-09 09:27:58+11:00,34078,-38.34979869425297,144.92538110353055,100.86796,-7.800000000000012,2461,27.3348,27334.8,140.0,76.0,,18,2019-03-08 22:27:58,Australia/Melbourne
2019-03-09 09:28:04+11:00,34084,-38.34960138425232,144.92585652507842,100.91494,-8.600000000000023,2457,26.8956,26895.6,142.0,78.0,,18,2019-03-08 22:28:04,Australia/Melbourne
2019-03-09 09:28:05+11:00,34085,-38.349570035934455,144.92593673989177,100.92278,-8.800000000000011,2456,27.0,27000.0,143.0,83.0,,18,2019-03-08 22:28:05,Australia/Melbourne
2019-03-09 09:28:11+11:00,34091,-38.34936048835515,144.9263825733215,100.96816,-8.800000000000011,2456,26.8956,26895.6,146.0,79.0,,18,2019-03-08 22:28:11,Australia/Melbourne
2019-03-09 09:28:12+11:00,34092,-38.34932385943829,144.92645759135485,100.97588,-9.0,2455,27.0288,27028.8,146.0,79.0,,18,2019-03-08 22:28:12,Australia/Melbourne
2019-03-09 09:28:20+11:00,34100,-38.349050777032964,144.92708950303498,101.0389,-8.600000000000023,2457,28.843200000000003,28843.2,148.0,85.0,,18,2019-03-08 22:28:20,Australia/Melbourne
2019-03-09 09:28:21+11:00,34101,-38.349014818668365,144.92717449553308,101.04732,-8.800000000000011,2456,29.3076,29307.6,149.0,85.0,,18,2019-03-08 22:28:21,Australia/Melbourne
2019-03-09 09:28:29+11:00,34109,-38.3487350307405,144.92782451212406,101.11208,-8.199999999999989,2459,28.2348,28234.8,149.0,81.0,,18,2019-03-08 22:28:29,Australia/Melbourne
2019-03-09 09:28:31+11:00,34111,-38.34866588003933,144.9279804993421,101.12774,-8.399999999999977,2458,28.4832,28483.2,149.0,84.0,,18,2019-03-08 22:28:31,Australia/Melbourne
2019-03-09 09:28:39+11:00,34119,-38.3483946416527,144.9286147579551,101.1908,-8.600000000000023,2457,27.99,27990.0,149.0,80.0,,18,2019-03-08 22:28:39,Australia/Melbourne
2019-03-09 09:28:40+11:00,34120,-38.34835826419294,144.928691200912,101.19862,-8.600000000000023,2457,27.6948,27694.8,149.0,83.0,,18,2019-03-08 22:28:40,Australia/Melbourne
2019-03-09 09:28:46+11:00,34126,-38.348164977505796,144.92911306209862,101.2413,-8.0,2460,21.1284,21128.4,146.0,0.0,,18,2019-03-08 22:28:46,Australia/Melbourne
2019-03-09 09:28:47+11:00,34127,-38.348143436014645,144.9291591625661,101.24598,-7.800000000000012,2461,17.424,17424.0,145.0,0.0,,18,2019-03-08 22:28:47,Australia/Melbourne
2019-03-09 09:28:48+11:00,34128,-38.348130695521824,144.92919864133,101.2497,-7.600000000000023,2462,13.7556,13755.6,143.0,0.0,,18,2019-03-08 22:28:48,Australia/Melbourne
2019-03-09 09:28:50+11:00,34130,-38.348120553418994,144.92923334240913,101.25291999999999,-6.800000000000012,2466,3.5892,3589.2000000000007,142.0,0.0,,18,2019-03-08 22:28:50,Australia/Melbourne
2019-03-09 09:29:09+11:00,34149,-38.34809867665172,144.9292856454849,101.25336,-6.800000000000012,2466,6.6888000000000005,6688.8,142.0,0.0,,18,2019-03-08 22:29:09,Australia/Melbourne
2019-03-09 09:29:10+11:00,34150,-38.34808786399663,144.9293093662709,101.25576,-6.800000000000012,2466,7.8839999999999995,7884.0,142.0,0.0,,18,2019-03-08 22:29:10,Australia/Melbourne
2019-03-09 09:29:13+11:00,34153,-38.348046541213996,144.92940114811063,101.265,-7.0,2465,12.0456,12045.6,139.0,0.0,,18,2019-03-08 22:29:13,Australia/Melbourne
2019-03-09 09:29:16+11:00,34156,-38.34799432195722,144.92953685112298,101.27821999999999,-7.199999999999988,2464,16.0092,16009.2,137.0,48.0,,18,2019-03-08 22:29:16,Australia/Melbourne
2019-03-09 09:29:20+11:00,34160,-38.34789231419563,144.92973868735137,101.2992,-7.399999999999977,2463,22.1328,22132.8,138.0,63.0,,18,2019-03-08 22:29:20,Australia/Melbourne
2019-03-09 09:29:26+11:00,34166,-38.34769835695624,144.93014906533062,101.34102,-8.199999999999989,2459,25.1892,25189.2,141.0,74.0,,18,2019-03-08 22:29:26,Australia/Melbourne
2019-03-09 09:29:27+11:00,34167,-38.34766751155257,144.93022022768855,101.34812,-8.0,2460,25.2756,25275.6,141.0,75.0,,18,2019-03-08 22:29:27,Australia/Melbourne
2019-03-09 09:29:30+11:00,34170,-38.34756734780967,144.93043874390426,101.37021999999999,-8.0,2460,26.6436,26643.6,144.0,79.0,,18,2019-03-08 22:29:30,Australia/Melbourne
2019-03-09 09:29:35+11:00,34175,-38.34741219878197,144.93081375025213,101.40728,-7.600000000000023,2462,25.5744,25574.4,144.0,64.0,,18,2019-03-08 22:29:35,Australia/Melbourne
2019-03-09 09:29:42+11:00,34182,-38.347190916538246,144.93130777962506,101.45698,-7.399999999999977,2463,25.9452,25945.2,145.0,76.0,,18,2019-03-08 22:29:42,Australia/Melbourne
2019-03-09 09:29:50+11:00,34190,-38.34691984578967,144.93190239183602,101.51706,-7.600000000000023,2462,28.0188,28018.8,147.0,81.0,,18,2019-03-08 22:29:50,Australia/Melbourne
2019-03-09 09:29:58+11:00,34198,-38.34665162488818,144.93252768181262,101.57928000000001,-7.600000000000023,2462,28.151999999999997,28152.0,145.0,80.0,,19,2019-03-08 22:29:58,Australia/Melbourne
2019-03-09 09:30:06+11:00,34206,-38.3463829010725,144.93313847109675,101.64046,-8.0,2460,27.291600000000006,27291.6,143.0,80.0,,19,2019-03-08 22:30:06,Australia/Melbourne
2019-03-09 09:30:13+11:00,34213,-38.34613848477603,144.93369637057185,101.69628,-8.199999999999989,2459,28.6092,28609.2,142.0,83.0,,19,2019-03-08 22:30:13,Australia/Melbourne
2019-03-09 09:30:20+11:00,34220,-38.345902115106576,144.93423993699253,101.75058,-7.800000000000012,2461,27.6912,27691.2,145.0,82.0,,19,2019-03-08 22:30:20,Australia/Melbourne
2019-03-09 09:30:22+11:00,34222,-38.3458323776722,144.934394583106,101.76616,-7.0,2465,27.817200000000003,27817.2,146.0,82.0,,19,2019-03-08 22:30:22,Australia/Melbourne
2019-03-09 09:30:29+11:00,34229,-38.34558905102313,144.9349384009838,101.82088,-7.0,2465,27.7128,27712.8,146.0,82.0,,19,2019-03-08 22:30:29,Australia/Melbourne
2019-03-09 09:30:36+11:00,34236,-38.345337510108955,144.93547760881486,101.87568,-7.399999999999977,2463,28.1484,28148.4,143.0,82.0,,19,2019-03-08 22:30:36,Australia/Melbourne
2019-03-09 09:30:37+11:00,34237,-38.34529970772565,144.93555463850495,101.8836,-7.399999999999977,2463,28.1556,28155.6,143.0,83.0,,19,2019-03-08 22:30:37,Australia/Melbourne
2019-03-09 09:30:45+11:00,34245,-38.34499871358275,144.93615377694368,101.94576,-8.199999999999989,2459,27.612,27612.0,143.0,80.0,,19,2019-03-08 22:30:45,Australia/Melbourne
2019-03-09 09:30:52+11:00,34252,-38.34474348463118,144.93668720126155,102.00032,-8.600000000000023,2457,27.3996,27399.6,142.0,81.0,,19,2019-03-08 22:30:52,Australia/Melbourne
2019-03-09 09:30:54+11:00,34254,-38.344673411920674,144.93683245964345,102.01522,-8.199999999999989,2459,26.4024,26402.4,142.0,78.0,,19,2019-03-08 22:30:54,Australia/Melbourne
2019-03-09 09:30:59+11:00,34259,-38.34449705667794,144.93719506077468,102.05248,-9.600000000000025,2452,26.441999999999997,26442.0,141.0,77.0,,19,2019-03-08 22:30:59,Australia/Melbourne
2019-03-09 09:31:03+11:00,34263,-38.344351714476936,144.937481218949,102.08224,-8.800000000000011,2456,26.3412,26341.2,141.0,77.0,,19,2019-03-08 22:31:03,Australia/Melbourne
2019-03-09 09:31:08+11:00,34268,-38.34418005309999,144.93783560581502,102.11865999999999,-8.0,2460,26.351999999999997,26352.0,140.0,76.0,,19,2019-03-08 22:31:08,Australia/Melbourne
2019-03-09 09:31:11+11:00,34271,-38.344066478312016,144.938049428165,102.1412,-8.199999999999989,2459,26.6796,26679.6,142.0,78.0,,18,2019-03-08 22:31:11,Australia/Melbourne
2019-03-09 09:31:17+11:00,34277,-38.34380471147597,144.93845402263102,102.18700000000001,-7.600000000000023,2462,27.0144,27014.4,143.0,80.0,,18,2019-03-08 22:31:17,Australia/Melbourne
2019-03-09 09:31:25+11:00,34285,-38.34344998933375,144.93893723934892,102.24474,-7.399999999999977,2463,24.5988,24598.8,144.0,72.0,,18,2019-03-08 22:31:25,Australia/Melbourne
2019-03-09 09:31:27+11:00,34287,-38.343370277434595,144.93904754519463,102.25784,-6.800000000000012,2466,23.7204,23720.4,145.0,69.0,,18,2019-03-08 22:31:27,Australia/Melbourne
2019-03-09 09:31:33+11:00,34293,-38.34314648061991,144.93940260261297,102.2976,-6.600000000000023,2467,23.831999999999997,23832.0,144.0,70.0,,18,2019-03-08 22:31:33,Australia/Melbourne
2019-03-09 09:31:40+11:00,34300,-38.34292687475681,144.93984214961532,102.34316,-7.0,2465,23.7096,23709.6,143.0,70.0,,18,2019-03-08 22:31:40,Australia/Melbourne
2019-03-09 09:31:47+11:00,34307,-38.34272453561425,144.94034204632044,102.39232,-7.0,2465,25.8768,25876.8,146.0,76.0,,18,2019-03-08 22:31:47,Australia/Melbourne
2019-03-09 09:31:48+11:00,34308,-38.34269762970507,144.94042117148638,102.39984,-7.0,2465,26.6112,26611.2,147.0,74.0,,18,2019-03-08 22:31:48,Australia/Melbourne
2019-03-09 09:31:57+11:00,34317,-38.34244977682829,144.94112466461957,102.46722,-6.800000000000012,2466,27.27,27270.0,149.0,78.0,,18,2019-03-08 22:31:57,Australia/Melbourne
2019-03-09 09:32:03+11:00,34323,-38.34228582680226,144.94159312918782,102.51204,-8.0,2460,26.773200000000006,26773.2,149.0,77.0,,18,2019-03-08 22:32:03,Australia/Melbourne
2019-03-09 09:32:05+11:00,34325,-38.3422338590026,144.94174391962588,102.52644,-7.800000000000012,2461,26.0208,26020.8,149.0,76.0,,18,2019-03-08 22:32:05,Australia/Melbourne
2019-03-09 09:32:12+11:00,34332,-38.34203168749809,144.94225337170062,102.57632,-6.800000000000012,2466,24.912,24912.0,148.0,72.0,,18,2019-03-08 22:32:12,Australia/Melbourne
2019-03-09 09:32:13+11:00,34333,-38.34200327284635,144.94232512079182,102.58334,-7.199999999999988,2464,24.948,24948.0,148.0,73.0,,18,2019-03-08 22:32:13,Australia/Melbourne
2019-03-09 09:32:21+11:00,34341,-38.34180068224669,144.9429026339203,102.63864000000001,-7.399999999999977,2463,25.2036,25203.6,147.0,73.0,,18,2019-03-08 22:32:21,Australia/Melbourne
2019-03-09 09:32:28+11:00,34348,-38.34164117462932,144.94345583952963,102.69018,-7.199999999999988,2464,27.1584,27158.4,147.0,79.0,,18,2019-03-08 22:32:28,Australia/Melbourne
2019-03-09 09:32:36+11:00,34356,-38.341465406119816,144.9441233742982,102.75171999999999,-8.0,2460,28.5912,28591.2,146.0,80.0,,18,2019-03-08 22:32:36,Australia/Melbourne
2019-03-09 09:32:38+11:00,34358,-38.34141754545272,144.94429361075163,102.76751999999999,-9.199999999999989,2454,28.691999999999997,28692.0,146.0,80.0,,18,2019-03-08 22:32:38,Australia/Melbourne
2019-03-09 09:32:47+11:00,34367,-38.34123984910548,144.94502627290785,102.83454,-8.199999999999989,2459,26.6148,26614.8,146.0,78.0,,18,2019-03-08 22:32:47,Australia/Melbourne
2019-03-09 09:32:48+11:00,34368,-38.341219061985605,144.9451084155589,102.84208000000001,-8.0,2460,27.3888,27388.8,146.0,80.0,,18,2019-03-08 22:32:48,Australia/Melbourne
2019-03-09 09:32:55+11:00,34375,-38.341052010655396,144.94567980989814,102.89536,-9.0,2455,28.0836,28083.6,144.0,81.0,,18,2019-03-08 22:32:55,Australia/Melbourne
2019-03-09 09:32:56+11:00,34376,-38.34102728404105,144.94576044380662,102.90292,-9.600000000000025,2452,27.954,27954.0,144.0,81.0,,18,2019-03-08 22:32:56,Australia/Melbourne
2019-03-09 09:33:05+11:00,34385,-38.34078102372587,144.946443233639,102.96862,-8.600000000000023,2457,25.6284,25628.4,145.0,77.0,,18,2019-03-08 22:33:05,Australia/Melbourne
2019-03-09 09:33:12+11:00,34392,-38.34056099876762,144.94695167988542,103.01934,-9.0,2455,26.1864,26186.4,145.0,75.0,,18,2019-03-08 22:33:12,Australia/Melbourne
2019-03-09 09:33:20+11:00,34400,-38.34030132740736,144.9475410953164,103.07842,-8.600000000000023,2457,25.855200000000004,25855.2,144.0,76.0,,18,2019-03-08 22:33:20,Australia/Melbourne
2019-03-09 09:33:27+11:00,34407,-38.34008138626814,144.94803906418386,103.12836,-8.399999999999977,2458,24.408,24408.0,142.0,46.0,,18,2019-03-08 22:33:27,Australia/Melbourne
2019-03-09 09:33:32+11:00,34412,-38.33991802297533,144.9483907688409,103.1641,-8.800000000000011,2456,26.3016,26301.6,143.0,76.0,,18,2019-03-08 22:33:32,Australia/Melbourne
2019-03-09 09:33:35+11:00,34415,-38.339819116517894,144.94861070998013,103.18624,-8.600000000000023,2457,26.892,26892.0,146.0,78.0,,18,2019-03-08 22:33:35,Australia/Melbourne
2019-03-09 09:33:38+11:00,34418,-38.3397226408124,144.94883266277608,103.2084,-8.600000000000023,2457,26.8344,26834.4,149.0,77.0,,18,2019-03-08 22:33:38,Australia/Melbourne
2019-03-09 09:33:42+11:00,34422,-38.33959573879839,144.94912695139647,103.23774,-8.800000000000011,2456,26.0388,26038.8,150.0,76.0,,18,2019-03-08 22:33:42,Australia/Melbourne
2019-03-09 09:33:51+11:00,34431,-38.33933439105749,144.94973883032802,103.2986,-8.600000000000023,2457,23.4828,23482.8,150.0,69.0,,18,2019-03-08 22:33:51,Australia/Melbourne
2019-03-09 09:34:00+11:00,34440,-38.33906122483313,144.9503528885543,103.36028,-9.0,2455,25.5168,25516.8,150.0,74.0,,18,2019-03-08 22:34:00,Australia/Melbourne
2019-03-09 09:34:03+11:00,34443,-38.33897019736469,144.95057500898838,103.38216,-8.0,2460,26.0208,26020.8,151.0,75.0,,18,2019-03-08 22:34:03,Australia/Melbourne
2019-03-09 09:34:09+11:00,34449,-38.33876743912697,144.95100315660238,103.42584000000001,-8.199999999999989,2459,25.7436,25743.6,150.0,75.0,,18,2019-03-08 22:34:09,Australia/Melbourne
2019-03-09 09:34:16+11:00,34456,-38.33855177275837,144.95147933252156,103.47386,-7.800000000000012,2461,24.8472,24847.2,147.0,74.0,,18,2019-03-08 22:34:16,Australia/Melbourne
2019-03-09 09:34:17+11:00,34457,-38.338519083336,144.95154663920403,103.48078000000001,-7.800000000000012,2461,25.0848,25084.8,147.0,75.0,,18,2019-03-08 22:34:17,Australia/Melbourne
2019-03-09 09:34:26+11:00,34466,-38.338240049779415,144.9521684926003,103.54334,-7.600000000000023,2462,24.6744,24674.4,147.0,73.0,,18,2019-03-08 22:34:26,Australia/Melbourne
2019-03-09 09:34:27+11:00,34467,-38.33821037784219,144.95223797857759,103.55026,-7.199999999999988,2464,24.605999999999998,24606.0,147.0,72.0,,18,2019-03-08 22:34:27,Australia/Melbourne
2019-03-09 09:34:32+11:00,34472,-38.33806537091732,144.95257509872317,103.58384000000001,-7.0,2465,23.756400000000006,23756.4,146.0,71.0,,18,2019-03-08 22:34:32,Australia/Melbourne
2019-03-09 09:34:37+11:00,34477,-38.33794601261616,144.95291925966742,103.6167,-7.199999999999988,2464,23.6736,23673.6,145.0,70.0,,18,2019-03-08 22:34:37,Australia/Melbourne
2019-03-09 09:34:42+11:00,34482,-38.337818775326014,144.95328152552247,103.6514,-7.199999999999988,2464,24.4368,24436.8,149.0,70.0,,18,2019-03-08 22:34:42,Australia/Melbourne
2019-03-09 09:34:44+11:00,34484,-38.337773513048894,144.95342250913382,103.6647,-6.600000000000023,2467,23.8176,23817.6,151.0,67.0,,18,2019-03-08 22:34:44,Australia/Melbourne
2019-03-09 09:34:50+11:00,34490,-38.337653987109654,144.95379835367203,103.70016,-5.800000000000012,2471,20.772,20772.0,153.0,61.0,,18,2019-03-08 22:34:50,Australia/Melbourne
2019-03-09 09:34:51+11:00,34491,-38.3376384805888,144.95385962538418,103.70578,-5.800000000000012,2471,20.664,20664.0,152.0,59.0,,18,2019-03-08 22:34:51,Australia/Melbourne
2019-03-09 09:34:57+11:00,34497,-38.33753211423755,144.95421225205064,103.7388,-4.600000000000024,2477,21.2724,21272.4,153.0,61.0,,18,2019-03-08 22:34:57,Australia/Melbourne
2019-03-09 09:34:58+11:00,34498,-38.337514763697975,144.9542764574289,103.74474,-4.600000000000024,2477,21.7836,21783.6,153.0,63.0,,18,2019-03-08 22:34:58,Australia/Melbourne
2019-03-09 09:35:06+11:00,34506,-38.337337151169784,144.95482102967802,103.79626,-4.800000000000012,2476,24.6636,24663.6,154.0,72.0,,18,2019-03-08 22:35:06,Australia/Melbourne
2019-03-09 09:35:14+11:00,34514,-38.33711796440185,144.95542888529602,103.85472,-4.800000000000012,2476,26.406,26406.0,153.0,51.0,,18,2019-03-08 22:35:14,Australia/Melbourne
2019-03-09 09:35:21+11:00,34521,-38.336870111525066,144.9559561908245,103.90842,-3.1999999999999886,2484,27.8712,27871.2,152.0,82.0,,18,2019-03-08 22:35:21,Australia/Melbourne
2019-03-09 09:35:22+11:00,34522,-38.33683457225561,144.95603246614337,103.91615999999999,-3.1999999999999886,2484,27.99,27990.0,152.0,82.0,,18,2019-03-08 22:35:22,Australia/Melbourne
2019-03-09 09:35:30+11:00,34530,-38.336553443223245,144.956628754735,103.97692,-4.199999999999989,2479,26.2548,26254.8,149.0,78.0,,18,2019-03-08 22:35:30,Australia/Melbourne
2019-03-09 09:35:31+11:00,34531,-38.336516981944435,144.95669765397906,103.98418000000001,-4.800000000000012,2476,26.1216,26121.6,149.0,76.0,,18,2019-03-08 22:35:31,Australia/Melbourne
2019-03-09 09:35:32+11:00,34532,-38.33648269996047,144.95676923543215,103.9915,-5.600000000000024,2472,26.1396,26139.6,148.0,77.0,,18,2019-03-08 22:35:32,Australia/Melbourne
2019-03-09 09:35:40+11:00,34540,-38.336206935346134,144.9573491793126,104.05074,-5.800000000000012,2471,26.622,26622.0,147.0,78.0,,18,2019-03-08 22:35:40,Australia/Melbourne
2019-03-09 09:35:49+11:00,34549,-38.33589437417686,144.9579966813326,104.11716,-5.399999999999976,2473,26.73,26730.0,148.0,78.0,,18,2019-03-08 22:35:49,Australia/Melbourne
2019-03-09 09:35:58+11:00,34558,-38.33558592014015,144.95865306816998,104.184,-6.199999999999988,2469,26.4996,26499.6,147.0,77.0,,18,2019-03-08 22:35:58,Australia/Melbourne
2019-03-09 09:35:59+11:00,34559,-38.335551805794246,144.95872389525175,104.19126,-6.199999999999988,2469,26.5392,26539.2,146.0,78.0,,18,2019-03-08 22:35:59,Australia/Melbourne
2019-03-09 09:36:05+11:00,34565,-38.33534142002463,144.95916050858798,104.236,-6.600000000000023,2467,27.36,27360.0,145.0,78.0,,18,2019-03-08 22:36:05,Australia/Melbourne
2019-03-09 09:36:08+11:00,34568,-38.33523136563599,144.95938246138394,104.25894,-6.199999999999988,2469,27.072,27072.0,144.0,80.0,,18,2019-03-08 22:36:08,Australia/Melbourne
2019-03-09 09:36:15+11:00,34575,-38.33498694933951,144.95989132672545,104.3111,-7.600000000000023,2462,27.2088,27208.8,142.0,79.0,,18,2019-03-08 22:36:15,Australia/Melbourne
2019-03-09 09:36:24+11:00,34584,-38.334675477817655,144.9605426006019,104.37774,-7.800000000000012,2461,26.3304,26330.4,142.0,77.0,,18,2019-03-08 22:36:24,Australia/Melbourne
2019-03-09 09:36:26+11:00,34586,-38.334608841687434,144.96069246903062,104.39278,-7.600000000000023,2462,27.309600000000003,27309.6,142.0,78.0,,18,2019-03-08 22:36:26,Australia/Melbourne
2019-03-09 09:36:30+11:00,34590,-38.334478586912155,144.96099170297384,104.42268,-6.399999999999977,2468,26.3916,26391.6,142.0,79.0,,18,2019-03-08 22:36:30,Australia/Melbourne
2019-03-09 09:36:33+11:00,34593,-38.33437188528478,144.96120477095246,104.44476,-7.800000000000012,2461,26.733600000000006,26733.6,142.0,79.0,,18,2019-03-08 22:36:33,Australia/Melbourne
2019-03-09 09:36:39+11:00,34599,-38.334172563627355,144.9616327509284,104.48826,-7.800000000000012,2461,25.7256,25725.6,141.0,78.0,,18,2019-03-08 22:36:39,Australia/Melbourne
2019-03-09 09:36:47+11:00,34607,-38.33390107378364,144.96220020577312,104.5463,-6.600000000000023,2467,25.4736,25473.6,139.0,76.0,,18,2019-03-08 22:36:47,Australia/Melbourne
2019-03-09 09:36:48+11:00,34608,-38.33386654034257,144.9622735474259,104.55376,-6.600000000000023,2467,26.3772,26377.2,139.0,78.0,,18,2019-03-08 22:36:48,Australia/Melbourne
2019-03-09 09:36:53+11:00,34613,-38.33368892781437,144.9626361485571,104.5911,-7.600000000000023,2462,26.5176,26517.6,141.0,77.0,,18,2019-03-08 22:36:53,Australia/Melbourne
2019-03-09 09:36:56+11:00,34616,-38.33358298055828,144.96285198256373,104.61334000000001,-6.800000000000012,2466,26.3196,26319.6,140.0,78.0,,18,2019-03-08 22:36:56,Australia/Melbourne
2019-03-09 09:36:57+11:00,34617,-38.33354610018432,144.9629249051213,104.62092,-6.399999999999977,2468,26.874000000000002,26874.0,140.0,79.0,,18,2019-03-08 22:36:57,Australia/Melbourne
2019-03-09 09:37:04+11:00,34624,-38.33330025896429,144.96342211961746,104.67224,-7.0,2465,26.7192,26719.2,141.0,79.0,,18,2019-03-08 22:37:04,Australia/Melbourne
2019-03-09 09:37:11+11:00,34631,-38.33304947242141,144.96393701992932,104.7252,-7.0,2465,27.7344,27734.4,142.0,80.0,,18,2019-03-08 22:37:11,Australia/Melbourne
2019-03-09 09:37:18+11:00,34638,-38.332790303975344,144.96448310092092,104.78096,-7.600000000000023,2462,28.2888,28288.8,143.0,83.0,,18,2019-03-08 22:37:18,Australia/Melbourne
2019-03-09 09:37:20+11:00,34640,-38.33271453157067,144.96462827548385,104.79618,-7.399999999999977,2463,27.2772,27277.2,143.0,80.0,,18,2019-03-08 22:37:20,Australia/Melbourne
2019-03-09 09:37:28+11:00,34648,-38.33245678804815,144.9652476143092,104.85734000000001,-8.0,2460,26.3556,26355.6,144.0,76.0,,18,2019-03-08 22:37:28,Australia/Melbourne
2019-03-09 09:37:36+11:00,34656,-38.332181610167034,144.9658308271319,104.91678,-7.199999999999988,2464,27.5904,27590.4,145.0,79.0,,18,2019-03-08 22:37:36,Australia/Melbourne
2019-03-09 09:37:44+11:00,34664,-38.33188841119409,144.9664201587439,104.97771999999999,-7.800000000000012,2461,26.6436,26643.6,147.0,77.0,,18,2019-03-08 22:37:44,Australia/Melbourne
2019-03-09 09:37:47+11:00,34667,-38.33179419860244,144.9666229169816,104.9983,-7.399999999999977,2463,24.1452,24145.2,148.0,76.0,,18,2019-03-08 22:37:47,Australia/Melbourne
2019-03-09 09:37:51+11:00,34671,-38.33166603930295,144.96688510291278,105.0253,-7.600000000000023,2462,24.8076,24807.6,145.0,70.0,,18,2019-03-08 22:37:51,Australia/Melbourne
2019-03-09 09:37:54+11:00,34674,-38.33156872540712,144.96709280647337,105.04643999999999,-7.199999999999988,2464,24.4656,24465.6,147.0,73.0,,18,2019-03-08 22:37:54,Australia/Melbourne
2019-03-09 09:38:01+11:00,34681,-38.33134417422116,144.96754643507305,105.0933,-7.199999999999988,2464,23.0184,23018.4,148.0,73.0,,18,2019-03-08 22:38:01,Australia/Melbourne
2019-03-09 09:38:08+11:00,34688,-38.33111559972167,144.96802286244932,105.1421,-8.199999999999989,2459,25.606800000000003,25606.8,149.0,75.0,,18,2019-03-08 22:38:08,Australia/Melbourne
2019-03-09 09:38:14+11:00,34694,-38.330913847312324,144.9684359226376,105.18462,-7.800000000000012,2461,25.0884,25088.4,149.0,73.0,,18,2019-03-08 22:38:14,Australia/Melbourne
2019-03-09 09:38:19+11:00,34699,-38.33075165748596,144.96875803917646,105.21806000000001,-6.399999999999977,2468,22.968000000000004,22968.0,149.0,71.0,,18,2019-03-08 22:38:19,Australia/Melbourne
2019-03-09 09:38:23+11:00,34703,-38.33062450401485,144.9690120946616,105.24436000000001,-6.600000000000023,2467,23.6268,23626.8,149.0,70.0,,18,2019-03-08 22:38:23,Australia/Melbourne
2019-03-09 09:38:31+11:00,34711,-38.330352427437894,144.96956412680447,105.30134,-6.800000000000012,2466,26.4276,26427.6,149.0,77.0,,18,2019-03-08 22:38:31,Australia/Melbourne
2019-03-09 09:38:40+11:00,34720,-38.330045649781816,144.97020609676838,105.36702,-7.399999999999977,2463,25.1244,25124.4,148.0,75.0,,18,2019-03-08 22:38:40,Australia/Melbourne
2019-03-09 09:38:49+11:00,34729,-38.32974239252508,144.97081445530057,105.42998,-6.399999999999977,2468,25.1244,25124.4,146.0,73.0,,18,2019-03-08 22:38:49,Australia/Melbourne
2019-03-09 09:38:50+11:00,34730,-38.32970584742725,144.97087991796434,105.43700000000001,-6.0,2470,25.0848,25084.8,146.0,74.0,,18,2019-03-08 22:38:50,Australia/Melbourne
2019-03-09 09:38:58+11:00,34738,-38.32944206893443,144.97140848077836,105.4917,-5.399999999999976,2473,23.7816,23781.6,145.0,70.0,,18,2019-03-08 22:38:58,Australia/Melbourne
2019-03-09 09:39:06+11:00,34746,-38.32918155938387,144.97193754650655,105.5463,-5.399999999999976,2473,25.4412,25441.2,146.0,75.0,,18,2019-03-08 22:39:06,Australia/Melbourne
2019-03-09 09:39:15+11:00,34755,-38.32887469790876,144.9725773371756,105.6118,-6.399999999999977,2468,26.3088,26308.8,145.0,76.0,,18,2019-03-08 22:39:15,Australia/Melbourne
2019-03-09 09:39:24+11:00,34764,-38.32856272347272,144.9732075724751,105.67692,-6.600000000000023,2467,26.1576,26157.6,143.0,76.0,,18,2019-03-08 22:39:24,Australia/Melbourne
2019-03-09 09:39:25+11:00,34765,-38.32852978259325,144.97328175231814,105.68436000000001,-6.800000000000012,2466,26.2512,26251.2,143.0,77.0,,18,2019-03-08 22:39:25,Australia/Melbourne
2019-03-09 09:39:28+11:00,34768,-38.32842576317489,144.97349817305803,105.70652,-7.0,2465,25.758000000000006,25758.0,142.0,77.0,,18,2019-03-08 22:39:28,Australia/Melbourne
2019-03-09 09:39:30+11:00,34770,-38.328362479805946,144.9736462812871,105.72124,-8.199999999999989,2459,25.848000000000003,25848.0,141.0,75.0,,18,2019-03-08 22:39:30,Australia/Melbourne
2019-03-09 09:39:33+11:00,34773,-38.328269859775894,144.97386211529374,105.74278000000001,-8.0,2460,26.4132,26413.2,142.0,73.0,,18,2019-03-08 22:39:33,Australia/Melbourne
2019-03-09 09:39:37+11:00,34777,-38.328144634142525,144.97413352131844,105.77028,-7.600000000000023,2462,24.588,24588.0,145.0,72.0,,18,2019-03-08 22:39:37,Australia/Melbourne
2019-03-09 09:39:40+11:00,34780,-38.32804312929511,144.9743377044797,105.79142,-7.800000000000012,2461,25.5564,25556.4,144.0,73.0,,18,2019-03-08 22:39:40,Australia/Melbourne
2019-03-09 09:39:48+11:00,34788,-38.32776091061533,144.97487448155883,105.84784,-8.199999999999989,2459,24.318,24318.0,145.0,0.0,,18,2019-03-08 22:39:48,Australia/Melbourne
2019-03-09 09:39:52+11:00,34792,-38.327648509293795,144.97514622285962,105.875,-7.800000000000012,2461,21.708,21708.0,145.0,74.0,,18,2019-03-08 22:39:52,Australia/Melbourne
2019-03-09 09:39:53+11:00,34793,-38.327652364969246,144.9752024654299,105.8799,-7.399999999999977,2463,18.6336,18633.6,145.0,0.0,,18,2019-03-08 22:39:53,Australia/Melbourne
2019-03-09 09:39:54+11:00,34794,-38.327666698023684,144.97523968107996,105.88346000000001,-7.199999999999988,2464,14.1336,14133.6,145.0,0.0,,18,2019-03-08 22:39:54,Australia/Melbourne
2019-03-09 09:39:56+11:00,34796,-38.32769528031349,144.97528351843357,105.88836,-6.199999999999988,2469,8.427600000000002,8427.6,144.0,0.0,,18,2019-03-08 22:39:56,Australia/Melbourne
2019-03-09 09:39:57+11:00,34797,-38.32771128974854,144.97530195862058,105.89076000000001,-6.0,2470,8.7984,8798.4,143.0,0.0,,18,2019-03-08 22:39:57,Australia/Melbourne
2019-03-09 09:40:02+11:00,34802,-38.32777298055589,144.97540329582992,105.90198000000001,-6.600000000000023,2467,6.8904,6890.4000000000015,140.0,0.0,,18,2019-03-08 22:40:02,Australia/Melbourne
2019-03-09 09:40:09+11:00,34809,-38.32784908823669,144.97550471685827,105.91423999999999,-6.399999999999977,2468,3.4128,3412.8,139.0,0.0,,18,2019-03-08 22:40:09,Australia/Melbourne
2019-03-09 09:50:01+11:00,35401,-38.32786065526306,144.97545266523957,105.91508,-6.199999999999988,2469,6.0768,6076.8,120.0,0.0,,18,2019-03-08 22:50:01,Australia/Melbourne
2019-03-09 09:50:02+11:00,35402,-38.32785160280764,144.97543212957683,105.91712,-6.199999999999988,2469,7.0056,7005.6,122.0,0.0,,18,2019-03-08 22:50:02,Australia/Melbourne
2019-03-09 09:50:05+11:00,35405,-38.32779779098928,144.97537479735908,105.92493999999999,-6.600000000000023,2467,10.0584,10058.4,126.0,0.0,,18,2019-03-08 22:50:05,Australia/Melbourne
2019-03-09 09:50:07+11:00,35407,-38.32775353454053,144.9753282777965,105.93138,-6.600000000000023,2467,8.9028,8902.800000000001,126.0,0.0,,18,2019-03-08 22:50:07,Australia/Melbourne
2019-03-09 09:50:08+11:00,35408,-38.32773618400097,144.97529860585928,105.93458000000001,-6.399999999999977,2468,7.8839999999999995,7884.0,123.0,0.0,,18,2019-03-08 22:50:08,Australia/Melbourne
2019-03-09 09:50:09+11:00,35409,-38.3277254551649,144.975274046883,105.93701999999999,-6.399999999999977,2468,7.9056000000000015,7905.6,120.0,0.0,,18,2019-03-08 22:50:09,Australia/Melbourne
2019-03-09 09:50:13+11:00,35413,-38.32766762003303,144.9751885514706,105.94678,-6.399999999999977,2468,9.81,9810.0,122.0,0.0,,18,2019-03-08 22:50:13,Australia/Melbourne
2019-03-09 09:50:14+11:00,35414,-38.327642222866416,144.97517270967364,105.94984,-6.399999999999977,2468,11.2536,11253.6,123.0,0.0,,18,2019-03-08 22:50:14,Australia/Melbourne
2019-03-09 09:50:16+11:00,35416,-38.327578604221344,144.97519039548936,105.95716000000002,-6.600000000000023,2467,15.03,15030.0,123.0,32.0,,18,2019-03-08 22:50:16,Australia/Melbourne
2019-03-09 09:50:19+11:00,35419,-38.327487576752894,144.97531629167497,105.97218000000001,-7.0,2465,19.9044,19904.4,127.0,53.0,,18,2019-03-08 22:50:19,Australia/Melbourne
2019-03-09 09:50:20+11:00,35420,-38.327455138787634,144.97536918148398,105.97804,-7.199999999999988,2464,20.8872,20887.2,127.0,56.0,,18,2019-03-08 22:50:20,Australia/Melbourne
2019-03-09 09:50:23+11:00,35423,-38.32733720541,144.975527767092,105.9971,-7.600000000000023,2462,21.862800000000004,21862.8,130.0,63.0,,18,2019-03-08 22:50:23,Australia/Melbourne
2019-03-09 09:50:25+11:00,35425,-38.327259002253406,144.97563069686294,106.00958,-7.600000000000023,2462,22.521600000000007,22521.6,133.0,20.0,,18,2019-03-08 22:50:25,Australia/Melbourne
2019-03-09 09:50:26+11:00,35426,-38.32722170278429,144.97568593360486,106.01593999999999,-7.399999999999977,2463,23.274,23274.0,134.0,64.0,,18,2019-03-08 22:50:26,Australia/Melbourne
2019-03-09 09:50:32+11:00,35432,-38.326993212103844,144.97604803182185,106.05651999999999,-8.199999999999989,2459,24.3576,24357.6,136.0,73.0,,18,2019-03-08 22:50:32,Australia/Melbourne
2019-03-09 09:50:40+11:00,35440,-38.32667528651655,144.97653267346325,106.11166000000001,-7.600000000000023,2462,24.1668,24166.8,139.0,74.0,,18,2019-03-08 22:50:40,Australia/Melbourne
2019-03-09 09:50:42+11:00,35442,-38.32659356296063,144.97664976865053,106.12534,-8.199999999999989,2459,24.6456,24645.6,141.0,72.0,,18,2019-03-08 22:50:42,Australia/Melbourne
2019-03-09 09:50:47+11:00,35447,-38.32639181055129,144.97694288380444,106.15938,-7.600000000000023,2462,24.0912,24091.2,144.0,70.0,,18,2019-03-08 22:50:47,Australia/Melbourne
2019-03-09 09:50:49+11:00,35449,-38.3263151999563,144.97705972753462,106.17266,-7.600000000000023,2462,24.2856,24285.6,143.0,71.0,,18,2019-03-08 22:50:49,Australia/Melbourne
2019-03-09 09:50:51+11:00,35451,-38.32623624242842,144.9771706201136,106.18574,-7.0,2465,24.7644,24764.4,143.0,80.0,,18,2019-03-08 22:50:51,Australia/Melbourne
2019-03-09 09:50:55+11:00,35455,-38.32607396878303,144.9774261843413,106.21441999999999,-7.800000000000012,2461,26.0388,26038.8,142.0,83.0,,18,2019-03-08 22:50:55,Australia/Melbourne
2019-03-09 09:50:56+11:00,35456,-38.32603432238103,144.9774923175573,106.2217,-8.0,2460,25.606800000000003,25606.8,142.0,82.0,,18,2019-03-08 22:50:56,Australia/Melbourne
2019-03-09 09:51:03+11:00,35463,-38.32573743537069,144.97793848626316,106.27276,-7.199999999999988,2464,26.424,26424.0,142.0,86.0,,18,2019-03-08 22:51:03,Australia/Melbourne
2019-03-09 09:51:04+11:00,35464,-38.32569351419807,144.97800537385046,106.28036000000002,-7.0,2465,26.992800000000006,26992.8,142.0,85.0,,18,2019-03-08 22:51:04,Australia/Melbourne
2019-03-09 09:51:11+11:00,35471,-38.32538397051394,144.97846830636263,106.33346,-7.399999999999977,2463,27.486,27486.0,143.0,87.0,,18,2019-03-08 22:51:11,Australia/Melbourne
2019-03-09 09:51:19+11:00,35479,-38.325023716315634,144.97900935821238,106.3954,-7.800000000000012,2461,28.296000000000006,28296.0,143.0,89.0,,18,2019-03-08 22:51:19,Australia/Melbourne
2019-03-09 09:51:25+11:00,35485,-38.32476194947958,144.9794045649469,106.44056,-7.0,2465,26.7588,26758.8,142.0,87.0,,18,2019-03-08 22:51:25,Australia/Melbourne
2019-03-09 09:51:26+11:00,35486,-38.32471677102149,144.97946927323937,106.4481,-6.800000000000012,2466,26.874000000000002,26874.0,141.0,87.0,,18,2019-03-08 22:51:26,Australia/Melbourne
2019-03-09 09:51:31+11:00,35491,-38.32449180074036,144.9797878693789,106.48552,-7.199999999999988,2464,27.3168,27316.8,140.0,86.0,,18,2019-03-08 22:51:31,Australia/Melbourne
2019-03-09 09:51:38+11:00,35498,-38.32417655736208,144.98024317435917,106.53854,-7.0,2465,27.234,27234.0,140.0,88.0,,18,2019-03-08 22:51:38,Australia/Melbourne
2019-03-09 09:51:43+11:00,35503,-38.32395913079382,144.98055833391842,106.57518,-7.399999999999977,2463,25.9812,25981.2,140.0,82.0,,18,2019-03-08 22:51:43,Australia/Melbourne
2019-03-09 09:51:50+11:00,35510,-38.32366350106896,144.98098061420026,106.62458,-7.399999999999977,2463,25.498800000000006,25498.8,137.0,82.0,,18,2019-03-08 22:51:50,Australia/Melbourne
2019-03-09 09:51:52+11:00,35512,-38.323582196608186,144.9811060074717,106.63878000000001,-7.399999999999977,2463,25.506,25506.0,136.0,82.0,,18,2019-03-08 22:51:52,Australia/Melbourne
2019-03-09 09:51:55+11:00,35515,-38.32346074283122,144.98128881677985,106.65972,-8.199999999999989,2459,25.2648,25264.8,133.0,82.0,,18,2019-03-08 22:51:55,Australia/Melbourne
2019-03-09 09:51:57+11:00,35517,-38.32337248139083,144.98141094110906,106.67421999999999,-8.399999999999977,2458,26.3664,26366.4,133.0,82.0,,18,2019-03-08 22:51:57,Australia/Melbourne
2019-03-09 09:52:02+11:00,35522,-38.32316033542156,144.98172325082126,106.71028000000001,-7.800000000000012,2461,25.786800000000003,25786.8,136.0,84.0,,18,2019-03-08 22:52:02,Australia/Melbourne
2019-03-09 09:52:04+11:00,35524,-38.32307584583759,144.9818486440927,106.7247,-7.600000000000023,2462,25.0884,25088.4,137.0,83.0,,18,2019-03-08 22:52:04,Australia/Melbourne
2019-03-09 09:52:10+11:00,35530,-38.322824388742454,144.98222147114575,106.76762,-7.399999999999977,2463,25.631999999999998,25632.0,138.0,83.0,,18,2019-03-08 22:52:10,Australia/Melbourne
2019-03-09 09:52:19+11:00,35539,-38.32243848592043,144.98277358710766,106.83216000000002,-7.399999999999977,2463,25.7328,25732.8,138.0,82.0,,18,2019-03-08 22:52:19,Australia/Melbourne
2019-03-09 09:52:24+11:00,35544,-38.322225585579865,144.98308572918174,106.86828,-7.0,2465,26.485200000000006,26485.2,138.0,85.0,,18,2019-03-08 22:52:24,Australia/Melbourne
2019-03-09 09:52:27+11:00,35547,-38.322098767384894,144.9832758307457,106.89006,-7.199999999999988,2464,26.3592,26359.2,137.0,85.0,,18,2019-03-08 22:52:27,Australia/Melbourne
2019-03-09 09:52:32+11:00,35552,-38.32188008353114,144.9835810996592,106.92613999999999,-6.800000000000012,2466,25.4484,25448.4,140.0,82.0,,18,2019-03-08 22:52:32,Australia/Melbourne
2019-03-09 09:52:36+11:00,35556,-38.321711858734496,144.9838166311383,106.95393999999999,-6.800000000000012,2466,24.9372,24937.2,141.0,80.0,,18,2019-03-08 22:52:36,Australia/Melbourne
2019-03-09 09:52:45+11:00,35565,-38.321337942034006,144.98435164801774,107.01648,-6.399999999999977,2468,24.552000000000003,24552.0,141.0,80.0,,18,2019-03-08 22:52:45,Australia/Melbourne
2019-03-09 09:52:46+11:00,35566,-38.32129720598459,144.98440713621676,107.02312,-6.199999999999988,2469,24.7032,24703.2,142.0,78.0,,18,2019-03-08 22:52:46,Australia/Melbourne
2019-03-09 09:52:47+11:00,35567,-38.32125403918326,144.98446136713028,107.02986000000001,-6.0,2470,24.7752,24775.2,142.0,79.0,,18,2019-03-08 22:52:47,Australia/Melbourne
2019-03-09 09:52:52+11:00,35572,-38.321035020053394,144.98474710620943,107.06473999999999,-5.600000000000024,2472,24.3216,24321.6,141.0,81.0,,18,2019-03-08 22:52:52,Australia/Melbourne
2019-03-09 09:52:59+11:00,35579,-38.320708964020014,144.98512085527182,107.11352,-5.399999999999976,2473,25.1928,25192.8,141.0,80.0,,18,2019-03-08 22:52:59,Australia/Melbourne
2019-03-09 09:53:07+11:00,35587,-38.3202987536788,144.985554786399,107.17278,-4.800000000000012,2476,27.378000000000004,27378.0,140.0,88.0,,18,2019-03-08 22:53:07,Australia/Melbourne
2019-03-09 09:53:08+11:00,35588,-38.320246785879135,144.9856100231409,107.1803,-4.800000000000012,2476,27.3564,27356.4,140.0,88.0,,18,2019-03-08 22:53:08,Australia/Melbourne
2019-03-09 09:53:13+11:00,35593,-38.319975379854434,144.98587237671018,107.21816000000001,-6.0,2470,27.6048,27604.8,138.0,88.0,,19,2019-03-08 22:53:13,Australia/Melbourne
2019-03-09 09:53:16+11:00,35596,-38.319807825610035,144.98602216131985,107.24091999999999,-6.600000000000023,2467,26.9244,26924.4,137.0,88.0,,19,2019-03-08 22:53:16,Australia/Melbourne
2019-03-09 09:53:25+11:00,35605,-38.31932620145381,144.98647998087108,107.3077,-6.600000000000023,2467,26.9532,26953.2,136.0,86.0,,19,2019-03-08 22:53:25,Australia/Melbourne
2019-03-09 09:53:26+11:00,35606,-38.319271886721246,144.98653111048046,107.3152,-6.800000000000012,2466,26.9208,26920.8,137.0,87.0,,19,2019-03-08 22:53:26,Australia/Melbourne
2019-03-09 09:53:28+11:00,35608,-38.319165352731936,144.98663580045104,107.33016,-7.199999999999988,2464,26.9244,26924.4,136.0,86.0,,19,2019-03-08 22:53:28,Australia/Melbourne
2019-03-09 09:53:32+11:00,35612,-38.31895220093429,144.98684610240159,107.36012,-6.0,2470,26.812800000000006,26812.8,134.0,86.0,,19,2019-03-08 22:53:32,Australia/Melbourne
2019-03-09 09:53:36+11:00,35616,-38.318736115470536,144.98703930526972,107.38948,-6.399999999999977,2468,26.3556,26355.6,134.0,84.0,,18,2019-03-08 22:53:36,Australia/Melbourne
2019-03-09 09:53:44+11:00,35624,-38.318321965634816,144.98743786476552,107.44716000000001,-6.600000000000023,2467,25.4628,25462.8,136.0,81.0,,18,2019-03-08 22:53:44,Australia/Melbourne
2019-03-09 09:53:52+11:00,35632,-38.31792483106256,144.98780876398087,107.5019,-5.600000000000024,2472,25.5132,25513.2,137.0,79.0,,18,2019-03-08 22:53:52,Australia/Melbourne
2019-03-09 09:53:59+11:00,35639,-38.31754052080214,144.98817245475945,107.55512,-6.399999999999977,2468,28.0548,28054.8,137.0,90.0,,18,2019-03-08 22:53:59,Australia/Melbourne
2019-03-09 09:54:07+11:00,35647,-38.31710608676076,144.9885840062052,107.6153,-6.399999999999977,2468,25.6284,25628.4,138.0,85.0,,18,2019-03-08 22:54:07,Australia/Melbourne
2019-03-09 09:54:09+11:00,35649,-38.3170004747808,144.988678637892,107.62966000000002,-6.399999999999977,2468,25.7004,25700.4,138.0,84.0,,18,2019-03-08 22:54:09,Australia/Melbourne
2019-03-09 09:54:18+11:00,35658,-38.31653511151672,144.98909915797412,107.6931,-6.199999999999988,2469,25.5456,25545.6,139.0,82.0,,18,2019-03-08 22:54:18,Australia/Melbourne
2019-03-09 09:54:26+11:00,35666,-38.31611811183393,144.98946100473404,107.74916,-6.0,2470,24.858,24858.0,137.0,79.0,,18,2019-03-08 22:54:26,Australia/Melbourne
2019-03-09 09:54:31+11:00,35671,-38.315858608111746,144.98967398889363,107.78343999999998,-7.0,2465,24.8976,24897.6,137.0,79.0,,18,2019-03-08 22:54:31,Australia/Melbourne
2019-03-09 09:54:34+11:00,35674,-38.315706308931105,144.98980491422114,107.80386000000001,-5.800000000000012,2471,24.742800000000006,24742.8,137.0,79.0,,18,2019-03-08 22:54:34,Australia/Melbourne
2019-03-09 09:54:35+11:00,35675,-38.315655933693044,144.98984908685088,107.81066000000001,-6.199999999999988,2469,24.534,24534.0,137.0,79.0,,18,2019-03-08 22:54:35,Australia/Melbourne
2019-03-09 09:54:39+11:00,35679,-38.31545015797018,144.99002334661782,107.83812,-7.0,2465,24.7572,24757.2,136.0,78.0,,18,2019-03-08 22:54:39,Australia/Melbourne
2019-03-09 09:54:41+11:00,35681,-38.3153463061899,144.990108422935,107.85184,-6.600000000000023,2467,24.620400000000004,24620.4,136.0,80.0,,18,2019-03-08 22:54:41,Australia/Melbourne
2019-03-09 09:54:46+11:00,35686,-38.315090239048,144.99033305793998,107.88638,-8.0,2460,25.4448,25444.8,137.0,81.0,,18,2019-03-08 22:54:46,Australia/Melbourne
2019-03-09 09:54:50+11:00,35690,-38.31487155519426,144.99051955528557,107.91562,-7.600000000000023,2462,26.5068,26506.8,138.0,85.0,,18,2019-03-08 22:54:50,Australia/Melbourne
2019-03-09 09:54:59+11:00,35699,-38.31436336040497,144.99094292521474,107.9831,-7.0,2465,27.1296,27129.6,138.0,87.0,,18,2019-03-08 22:54:59,Australia/Melbourne
2019-03-09 09:55:00+11:00,35700,-38.31430577673018,144.99099045060575,107.99073999999999,-6.600000000000023,2467,27.2016,27201.6,138.0,88.0,,18,2019-03-08 22:55:00,Australia/Melbourne
2019-03-09 09:55:08+11:00,35708,-38.313856003806,144.9913486093283,108.0497,-8.0,2460,26.4816,26481.6,138.0,85.0,,18,2019-03-08 22:55:08,Australia/Melbourne
2019-03-09 09:55:10+11:00,35710,-38.313737902790315,144.99142723158002,108.0645,-9.800000000000011,2451,26.7084,26708.4,138.0,86.0,,18,2019-03-08 22:55:10,Australia/Melbourne
2019-03-09 09:55:14+11:00,35714,-38.3135034609586,144.9915853980929,108.09398,-8.600000000000023,2457,26.265600000000006,26265.6,138.0,85.0,,18,2019-03-08 22:55:14,Australia/Melbourne
2019-03-09 09:55:18+11:00,35718,-38.31327052786946,144.99173417687416,108.12292,-7.800000000000012,2461,26.1648,26164.8,139.0,83.0,,18,2019-03-08 22:55:18,Australia/Melbourne
2019-03-09 09:55:19+11:00,35719,-38.31321269273758,144.9917703866959,108.13008,-7.600000000000023,2462,25.8444,25844.4,138.0,85.0,,18,2019-03-08 22:55:19,Australia/Melbourne
2019-03-09 09:55:27+11:00,35727,-38.31273986957967,144.99205252155662,108.18808,-7.800000000000012,2461,26.1756,26175.6,141.0,82.0,,18,2019-03-08 22:55:27,Australia/Melbourne
2019-03-09 09:55:29+11:00,35729,-38.312624199315906,144.99212234281003,108.20228,-8.199999999999989,2459,26.2332,26233.2,142.0,85.0,,18,2019-03-08 22:55:29,Australia/Melbourne
2019-03-09 09:55:38+11:00,35738,-38.3120911102742,144.99245451763272,108.2682,-7.199999999999988,2464,26.4024,26402.4,142.0,84.0,,18,2019-03-08 22:55:38,Australia/Melbourne
2019-03-09 09:55:47+11:00,35747,-38.311559529975064,144.99276682734492,108.33322,-7.399999999999977,2463,25.9992,25999.2,140.0,84.0,,18,2019-03-08 22:55:47,Australia/Melbourne
2019-03-09 09:55:53+11:00,35753,-38.31120011396706,144.99297386035323,108.37704,-7.399999999999977,2463,26.3556,26355.6,141.0,84.0,,18,2019-03-08 22:55:53,Australia/Melbourne
2019-03-09 09:56:01+11:00,35761,-38.31073500216007,144.99327653087676,108.43506000000001,-7.600000000000023,2462,26.2548,26254.8,143.0,84.0,,18,2019-03-08 22:56:01,Australia/Melbourne
2019-03-09 09:56:07+11:00,35767,-38.31036821007729,144.993470069021,108.4792,-7.800000000000012,2461,25.8588,25858.8,146.0,70.0,,18,2019-03-08 22:56:07,Australia/Melbourne
2019-03-09 09:56:10+11:00,35770,-38.310184394940734,144.99354969710112,108.50076000000001,-7.800000000000012,2461,26.1612,26161.2,146.0,20.0,,18,2019-03-08 22:56:10,Australia/Melbourne
2019-03-09 09:56:14+11:00,35774,-38.309930674731724,144.99365346506238,108.53034,-7.0,2465,27.4392,27439.2,143.0,87.0,,18,2019-03-08 22:56:14,Australia/Melbourne
2019-03-09 09:56:20+11:00,35780,-38.30953136086464,144.9937900900841,108.57623999999998,-7.199999999999988,2464,28.0548,28054.8,142.0,90.0,,18,2019-03-08 22:56:20,Australia/Melbourne
2019-03-09 09:56:26+11:00,35786,-38.30913380719721,144.99393275007606,108.6221,-7.800000000000012,2461,27.7596,27759.6,139.0,90.0,,18,2019-03-08 22:56:26,Australia/Melbourne
2019-03-09 09:56:27+11:00,35787,-38.30906725488603,144.99395353719592,108.6297,-8.0,2460,27.6372,27637.2,139.0,87.0,,18,2019-03-08 22:56:27,Australia/Melbourne
2019-03-09 09:56:35+11:00,35795,-38.30854313448072,144.9941358435899,108.69004,-8.0,2460,27.9468,27946.8,138.0,81.0,,18,2019-03-08 22:56:35,Australia/Melbourne
2019-03-09 09:56:43+11:00,35803,-38.307983642444015,144.9943133722991,108.75408,-8.0,2460,29.5128,29512.8,139.0,85.0,,18,2019-03-08 22:56:43,Australia/Melbourne
2019-03-09 09:56:47+11:00,35807,-38.307696394622326,144.99440574087205,108.78698,-9.0,2455,30.895200000000006,30895.2,137.0,71.0,,18,2019-03-08 22:56:47,Australia/Melbourne
2019-03-09 09:56:50+11:00,35810,-38.30745575018228,144.9944846983999,108.81456000000001,-10.199999999999989,2449,34.6572,34657.200000000004,136.0,0.0,,18,2019-03-08 22:56:50,Australia/Melbourne
2019-03-09 09:56:52+11:00,35812,-38.307276209816344,144.99453959986567,108.83506000000001,-12.199999999999989,2439,37.1268,37126.8,136.0,0.0,,18,2019-03-08 22:56:52,Australia/Melbourne
2019-03-09 09:56:54+11:00,35814,-38.30709264613689,144.99459148384634,108.85592,-13.600000000000026,2432,38.2608,38260.8,135.0,0.0,,18,2019-03-08 22:56:54,Australia/Melbourne
2019-03-09 09:56:56+11:00,35816,-38.30689072608948,144.99463289044795,108.87862,-15.600000000000026,2422,43.2036,43203.6,131.0,0.0,,18,2019-03-08 22:56:56,Australia/Melbourne
2019-03-09 09:56:57+11:00,35817,-38.306781761348255,144.99465426430106,108.89088,-16.600000000000026,2417,44.6976,44697.6,129.0,0.0,,18,2019-03-08 22:56:57,Australia/Melbourne
2019-03-09 09:56:59+11:00,35819,-38.30655570141971,144.99469558708367,108.91622,-18.19999999999999,2409,46.058400000000006,46058.4,127.0,0.0,,18,2019-03-08 22:56:59,Australia/Melbourne
2019-03-09 09:57:01+11:00,35821,-38.306328300386674,144.99473732896152,108.94171999999999,-19.19999999999999,2404,46.1736,46173.6,126.0,0.0,,18,2019-03-08 22:57:01,Australia/Melbourne
2019-03-09 09:57:03+11:00,35823,-38.306102156639106,144.99477345496416,108.96701999999999,-18.600000000000023,2407,45.28440000000001,45284.4,126.0,0.0,,18,2019-03-08 22:57:03,Australia/Melbourne
2019-03-09 09:57:04+11:00,35824,-38.30599176697433,144.99478049576285,108.9793,-18.0,2410,42.6276,42627.6,126.0,90.0,,18,2019-03-08 22:57:04,Australia/Melbourne
2019-03-09 09:57:06+11:00,35826,-38.30581683665514,144.9947818368673,108.99871999999999,-16.0,2420,30.502800000000004,30502.8,128.0,73.0,,18,2019-03-08 22:57:06,Australia/Melbourne
2019-03-09 09:57:07+11:00,35827,-38.30575162544847,144.99478594399991,109.00596000000002,-15.0,2425,26.3484,26348.4,129.0,64.0,,18,2019-03-08 22:57:07,Australia/Melbourne
2019-03-09 09:57:09+11:00,35829,-38.30564106814563,144.99478854238987,109.01823999999999,-13.0,2435,19.9692,19969.2,131.0,67.0,,18,2019-03-08 22:57:09,Australia/Melbourne
2019-03-09 09:57:10+11:00,35830,-38.30559496767819,144.99478736892343,109.02336000000001,-12.0,2440,17.7012,17701.2,131.0,61.0,,18,2019-03-08 22:57:10,Australia/Melbourne
2019-03-09 09:57:11+11:00,35831,-38.30555465072394,144.9947847705334,109.02784,-11.399999999999974,2443,14.3712,14371.2,132.0,70.0,,18,2019-03-08 22:57:11,Australia/Melbourne
2019-03-09 09:57:14+11:00,35834,-38.305474352091544,144.99478041194382,109.03674,-9.800000000000011,2451,10.224,10224.0,136.0,56.0,,18,2019-03-08 22:57:14,Australia/Melbourne
2019-03-09 09:57:16+11:00,35836,-38.305431604385376,144.99477345496416,109.04154,-8.600000000000023,2457,9.1584,9158.4,138.0,48.0,,18,2019-03-08 22:57:16,Australia/Melbourne
2019-03-09 09:57:18+11:00,35838,-38.30538500100374,144.99477228149772,109.04673999999999,-8.199999999999989,2459,7.29,7290.0,140.0,46.0,,18,2019-03-08 22:57:18,Australia/Melbourne
2019-03-09 09:57:20+11:00,35840,-38.30533797852696,144.99477948993444,109.052,-7.600000000000023,2462,9.2268,9226.8,143.0,41.0,,18,2019-03-08 22:57:20,Australia/Melbourne
2019-03-09 09:57:23+11:00,35843,-38.30526472069322,144.9947851896286,109.06016,-6.600000000000023,2467,9.3276,9327.6,147.0,42.0,,18,2019-03-08 22:57:23,Australia/Melbourne
2019-03-09 09:57:27+11:00,35847,-38.305171933025115,144.9947758857161,109.0705,-5.199999999999988,2474,9.5796,9579.6,150.0,41.0,,18,2019-03-08 22:57:27,Australia/Melbourne
2019-03-09 09:57:29+11:00,35849,-38.30512591637671,144.9947672523558,109.07566000000001,-4.600000000000024,2477,8.283600000000002,8283.6,152.0,41.0,,18,2019-03-08 22:57:29,Australia/Melbourne
2019-03-09 09:57:31+11:00,35851,-38.305073780938976,144.99475970864296,109.08148,-4.199999999999989,2479,9.7452,9745.2,153.0,40.0,,18,2019-03-08 22:57:31,Australia/Melbourne
2019-03-09 09:57:34+11:00,35854,-38.30499951727688,144.99475308693943,109.08973999999999,-3.3999999999999773,2483,9.0396,9039.6,154.0,39.0,,18,2019-03-08 22:57:34,Australia/Melbourne
2019-03-09 09:57:36+11:00,35856,-38.30495048314333,144.99474462121725,109.09523999999999,-3.0,2485,9.3888,9388.8,155.0,40.0,,18,2019-03-08 22:57:36,Australia/Melbourne
2019-03-09 09:57:40+11:00,35860,-38.304849397391074,144.99471017159522,109.10684,-2.1999999999999886,2489,10.5948,10594.8,156.0,42.0,,18,2019-03-08 22:57:40,Australia/Melbourne
2019-03-09 09:57:41+11:00,35861,-38.304822826758034,144.99470329843462,109.10986000000001,-1.6000000000000227,2492,10.5012,10501.2,156.0,44.0,,18,2019-03-08 22:57:41,Australia/Melbourne
2019-03-09 09:57:46+11:00,35866,-38.30469416454434,144.9946521688253,109.1249,-0.6000000000000227,2497,10.7316,10731.6,157.0,46.0,,18,2019-03-08 22:57:46,Australia/Melbourne
2019-03-09 09:57:50+11:00,35870,-38.304600957781076,144.99459978193045,109.13622,0.6000000000000227,2503,9.8892,9889.2,159.0,47.0,,18,2019-03-08 22:57:50,Australia/Melbourne
2019-03-09 09:57:51+11:00,35871,-38.30457614734769,144.994585365057,109.13926000000001,0.8000000000000114,2504,10.1808,10180.8,159.0,48.0,,18,2019-03-08 22:57:51,Australia/Melbourne
2019-03-09 09:57:55+11:00,35875,-38.304463578388095,144.9945069104433,109.15352,1.8000000000000114,2509,13.2408,13240.8,160.0,52.0,,19,2019-03-08 22:57:55,Australia/Melbourne
2019-03-09 09:57:57+11:00,35877,-38.304409431293614,144.99445913359526,109.16084,2.0,2510,11.682,11682.0,161.0,53.0,,19,2019-03-08 22:57:57,Australia/Melbourne
2019-03-09 09:58:01+11:00,35881,-38.3043060824275,144.99434689991173,109.17596,2.800000000000012,2514,12.5352,12535.2,162.0,58.0,,19,2019-03-08 22:58:01,Australia/Melbourne
2019-03-09 09:58:03+11:00,35883,-38.304257467389114,144.99428512528542,109.18358,3.3999999999999773,2517,14.7744,14774.4,162.0,61.0,,19,2019-03-08 22:58:03,Australia/Melbourne
2019-03-09 09:58:06+11:00,35886,-38.304178761318326,144.99419275671244,109.19548,4.0,2520,14.3892,14389.2,162.0,63.0,,19,2019-03-08 22:58:06,Australia/Melbourne
2019-03-09 09:58:10+11:00,35890,-38.30407381989062,144.99405420385298,109.2123,4.800000000000012,2524,16.729200000000002,16729.2,162.0,68.0,,19,2019-03-08 22:58:10,Australia/Melbourne
2019-03-09 09:58:12+11:00,35892,-38.304028222337365,144.99397968873382,109.22056,5.0,2525,17.0424,17042.4,162.0,72.0,,19,2019-03-08 22:58:12,Australia/Melbourne
2019-03-09 09:58:13+11:00,35893,-38.30400165170431,144.99393660575154,109.22532,5.199999999999988,2526,16.7364,16736.4,162.0,74.0,,19,2019-03-08 22:58:13,Australia/Melbourne
2019-03-09 09:58:16+11:00,35896,-38.30392805859447,144.9937996454537,109.23982,5.600000000000024,2528,17.3916,17391.600000000002,161.0,76.0,,19,2019-03-08 22:58:16,Australia/Melbourne
2019-03-09 09:58:21+11:00,35901,-38.30381414853037,144.99356327578425,109.26406000000001,6.399999999999977,2532,16.5708,16570.8,161.0,61.0,,19,2019-03-08 22:58:21,Australia/Melbourne
2019-03-09 09:58:23+11:00,35903,-38.30377190373839,144.9934732541442,109.27322,7.199999999999988,2536,16.578000000000007,16578.0,161.0,60.0,,19,2019-03-08 22:58:23,Australia/Melbourne
2019-03-09 09:58:24+11:00,35904,-38.30374885350466,144.99342975206673,109.2778,7.600000000000023,2538,16.614,16614.0,162.0,62.0,,19,2019-03-08 22:58:24,Australia/Melbourne
2019-03-09 09:58:28+11:00,35908,-38.30364131368697,144.99327602796257,109.29581999999999,8.800000000000011,2544,16.538400000000006,16538.4,163.0,60.0,,19,2019-03-08 22:58:28,Australia/Melbourne
2019-03-09 09:58:29+11:00,35909,-38.30361348576844,144.99323973432183,109.30026000000001,9.199999999999989,2546,15.912,15912.0,163.0,60.0,,19,2019-03-08 22:58:29,Australia/Melbourne
2019-03-09 09:58:32+11:00,35912,-38.30351491458714,144.99315172433853,109.31364,9.800000000000011,2549,16.4448,16444.8,164.0,58.0,,19,2019-03-08 22:58:32,Australia/Melbourne
2019-03-09 09:58:35+11:00,35915,-38.303410308435566,144.99305918812755,109.32778,10.399999999999975,2552,17.3376,17337.600000000002,165.0,60.0,,19,2019-03-08 22:58:35,Australia/Melbourne
2019-03-09 09:58:38+11:00,35918,-38.30329673364759,144.99296841211617,109.34268,11.0,2555,17.8812,17881.2,165.0,64.0,,19,2019-03-08 22:58:38,Australia/Melbourne
2019-03-09 09:58:41+11:00,35921,-38.303185002878315,144.99287948012355,109.35732,11.199999999999989,2556,19.1268,19126.8,165.0,66.0,,19,2019-03-08 22:58:41,Australia/Melbourne
2019-03-09 09:58:47+11:00,35927,-38.30293765291572,144.9926777277142,109.38996000000002,11.800000000000011,2559,20.1636,20163.6,165.0,75.0,,19,2019-03-08 22:58:47,Australia/Melbourne
2019-03-09 09:58:51+11:00,35931,-38.302763057872646,144.99252869747582,109.41332,12.0,2560,20.530800000000006,20530.8,165.0,77.0,,19,2019-03-08 22:58:51,Australia/Melbourne
2019-03-09 09:58:54+11:00,35934,-38.302632300183184,144.99241629615426,109.43083999999999,12.600000000000026,2563,21.276,21276.0,164.0,77.0,,19,2019-03-08 22:58:54,Australia/Melbourne
2019-03-09 09:59:01+11:00,35941,-38.30233122222126,144.9921469856054,109.47174,12.799999999999955,2564,20.2572,20257.2,162.0,77.0,,19,2019-03-08 22:59:01,Australia/Melbourne
2019-03-09 09:59:03+11:00,35943,-38.30224270932376,144.99207288958132,109.4835,13.200000000000045,2566,20.7252,20725.2,160.0,75.0,,19,2019-03-08 22:59:03,Australia/Melbourne
2019-03-09 09:59:07+11:00,35947,-38.30208278261125,144.99193576164544,109.50493999999999,14.200000000000045,2571,19.4328,19432.8,159.0,71.0,,19,2019-03-08 22:59:07,Australia/Melbourne
2019-03-09 09:59:09+11:00,35949,-38.302004244178534,144.99187423847616,109.51518,14.600000000000026,2573,18.2088,18208.8,158.0,67.0,,19,2019-03-08 22:59:09,Australia/Melbourne
2019-03-09 09:59:14+11:00,35954,-38.301826044917114,144.99172872863707,109.5387,15.200000000000045,2576,16.5564,16556.4,159.0,61.0,,19,2019-03-08 22:59:14,Australia/Melbourne
2019-03-09 09:59:16+11:00,35956,-38.301757145673044,144.99167759902775,109.54756,16.0,2580,17.46,17460.0,159.0,59.0,,19,2019-03-08 22:59:16,Australia/Melbourne
2019-03-09 09:59:18+11:00,35958,-38.301688078790896,144.99163451604542,109.5561,16.399999999999974,2582,15.7896,15789.6,159.0,58.0,,19,2019-03-08 22:59:18,Australia/Melbourne
2019-03-09 09:59:22+11:00,35962,-38.301556231454015,144.9915542174131,109.57234,17.399999999999974,2587,14.6916,14691.6,156.0,54.0,,19,2019-03-08 22:59:22,Australia/Melbourne
2019-03-09 09:59:23+11:00,35963,-38.30151909962297,144.99153217300773,109.5769,17.399999999999974,2587,15.5448,15544.8,156.0,54.0,,19,2019-03-08 22:59:23,Australia/Melbourne
2019-03-09 09:59:24+11:00,35964,-38.301484314724796,144.99151105061173,109.58118,17.79999999999995,2589,14.9544,14954.4,156.0,54.0,,19,2019-03-08 22:59:24,Australia/Melbourne
2019-03-09 09:59:27+11:00,35967,-38.301379960030324,144.9914527963847,109.59382,18.399999999999977,2592,14.738400000000002,14738.4,156.0,56.0,,19,2019-03-08 22:59:27,Australia/Melbourne
2019-03-09 09:59:30+11:00,35970,-38.301277030259364,144.99139948748052,109.60616,19.20000000000005,2596,14.4972,14497.2,158.0,54.0,,19,2019-03-08 22:59:30,Australia/Melbourne
2019-03-09 09:59:31+11:00,35971,-38.301247274503105,144.99138641171155,109.60966,19.600000000000023,2598,13.0248,13024.8,158.0,50.0,,19,2019-03-08 22:59:31,Australia/Melbourne
2019-03-09 09:59:36+11:00,35976,-38.30108525231481,144.9913258943707,109.62842,20.600000000000023,2603,13.3416,13341.6,158.0,48.0,,19,2019-03-08 22:59:36,Australia/Melbourne
2019-03-09 09:59:37+11:00,35977,-38.301052143797286,144.991318853572,109.63214,20.79999999999995,2604,13.8204,13820.4,158.0,49.0,,19,2019-03-08 22:59:37,Australia/Melbourne
2019-03-09 09:59:40+11:00,35980,-38.30095164477825,144.99130502343178,109.64336000000002,21.79999999999995,2609,13.7124,13712.4,158.0,52.0,,19,2019-03-08 22:59:40,Australia/Melbourne
2019-03-09 09:59:44+11:00,35984,-38.300804793834686,144.9912816379219,109.6598,22.600000000000023,2613,15.6996,15699.6,159.0,53.0,,19,2019-03-08 22:59:44,Australia/Melbourne
2019-03-09 09:59:46+11:00,35986,-38.30072776414454,144.99127711169422,109.66836,23.20000000000005,2616,15.3684,15368.4,159.0,54.0,,19,2019-03-08 22:59:46,Australia/Melbourne
2019-03-09 09:59:51+11:00,35991,-38.300548726692796,144.99127250164747,109.68828,24.20000000000005,2621,14.2884,14288.4,160.0,54.0,,19,2019-03-08 22:59:51,Australia/Melbourne
2019-03-09 09:59:54+11:00,35994,-38.300443701446056,144.99127618968487,109.69992,25.20000000000005,2626,14.94,14940.0,161.0,54.0,,19,2019-03-08 22:59:54,Australia/Melbourne
2019-03-09 09:59:59+11:00,35999,-38.300259718671434,144.99120946973562,109.72138,26.0,2630,15.0768,15076.8,162.0,57.0,,19,2019-03-08 22:59:59,Australia/Melbourne
2019-03-09 10:00:00+11:00,36000,-38.30023122020066,144.99118449166417,109.72522,26.20000000000005,2631,14.6736,14673.6,162.0,57.0,,19,2019-03-08 23:00:00,Australia/Melbourne
2019-03-09 10:00:04+11:00,36004,-38.30013583414257,144.9910461064428,109.7414,27.399999999999977,2637,14.864399999999998,14864.4,163.0,56.0,,19,2019-03-08 23:00:04,Australia/Melbourne
2019-03-09 10:00:07+11:00,36007,-38.30008705146611,144.9909306038171,109.75284,28.399999999999977,2642,13.6656,13665.6,163.0,51.0,,19,2019-03-08 23:00:07,Australia/Melbourne
2019-03-09 10:00:11+11:00,36011,-38.300025947391994,144.99077553860843,109.76803999999998,29.399999999999977,2647,13.4388,13438.8,165.0,51.0,,19,2019-03-08 23:00:11,Australia/Melbourne
2019-03-09 10:00:12+11:00,36012,-38.300013793632395,144.99073899351058,109.7715,29.600000000000023,2648,11.9268,11926.8,165.0,51.0,,19,2019-03-08 23:00:12,Australia/Melbourne
2019-03-09 10:00:16+11:00,36016,-38.299959814175956,144.99058820307258,109.786,30.600000000000023,2653,14.292000000000002,14292.0,165.0,54.0,,19,2019-03-08 23:00:16,Australia/Melbourne
2019-03-09 10:00:18+11:00,36018,-38.29992402344942,144.990499438718,109.79472,30.600000000000023,2653,15.7392,15739.2,166.0,59.0,,19,2019-03-08 23:00:18,Australia/Melbourne
2019-03-09 10:00:23+11:00,36023,-38.29982536844909,144.99025669880209,109.81862,31.20000000000005,2656,17.636400000000005,17636.4,165.0,66.0,,20,2019-03-08 23:00:23,Australia/Melbourne
2019-03-09 10:00:27+11:00,36027,-38.29973224550485,144.99006098136306,109.83862,31.79999999999995,2659,17.924400000000006,17924.4,164.0,65.0,,20,2019-03-08 23:00:27,Australia/Melbourne
2019-03-09 10:00:31+11:00,36031,-38.29963442869485,144.98985981568694,109.8593,32.600000000000016,2663,18.0684,18068.4,164.0,66.0,,20,2019-03-08 23:00:31,Australia/Melbourne
2019-03-09 10:00:32+11:00,36032,-38.29961305484176,144.9898054171354,109.8646,32.799999999999955,2664,18.5832,18583.2,164.0,67.0,,20,2019-03-08 23:00:32,Australia/Melbourne
2019-03-09 10:00:36+11:00,36036,-38.29955002292991,144.98957030475142,109.88636000000001,33.200000000000045,2666,18.4428,18442.8,164.0,76.0,,20,2019-03-08 23:00:36,Australia/Melbourne
2019-03-09 10:00:41+11:00,36041,-38.299532756209366,144.98922027647498,109.9171,32.600000000000016,2663,23.3244,23324.4,164.0,85.0,,20,2019-03-08 23:00:41,Australia/Melbourne
2019-03-09 10:00:47+11:00,36047,-38.29952328465879,144.9887245707214,109.96048,31.600000000000023,2658,27.460800000000006,27460.8,161.0,88.0,,20,2019-03-08 23:00:47,Australia/Melbourne
2019-03-09 10:00:48+11:00,36048,-38.299515657126896,144.98863672837615,109.96822,31.399999999999977,2657,27.7956,27795.6,161.0,90.0,,20,2019-03-08 23:00:48,Australia/Melbourne
2019-03-09 10:00:53+11:00,36053,-38.29941289499403,144.98820346780118,110.00796,31.20000000000005,2656,27.4392,27439.2,161.0,89.0,,20,2019-03-08 23:00:53,Australia/Melbourne
2019-03-09 10:00:59+11:00,36059,-38.29921675845981,144.9877250287682,110.05512,31.399999999999977,2657,27.7956,27795.6,158.0,81.0,,20,2019-03-08 23:00:59,Australia/Melbourne
2019-03-09 10:01:00+11:00,36060,-38.29918205738068,144.98764866963032,110.06282,31.399999999999977,2657,27.3816,27381.6,158.0,79.0,,20,2019-03-08 23:01:00,Australia/Melbourne
2019-03-09 10:01:06+11:00,36066,-38.298990530893214,144.9871957954019,110.10778,32.200000000000045,2661,26.0028,26002.8,155.0,76.0,,20,2019-03-08 23:01:06,Australia/Melbourne
2019-03-09 10:01:09+11:00,36069,-38.29890713095665,144.9869741778821,110.12928000000001,31.600000000000023,2658,25.65,25650.0,153.0,78.0,,20,2019-03-08 23:01:09,Australia/Melbourne
2019-03-09 10:01:13+11:00,36073,-38.29880520701408,144.98665784485638,110.15918,31.79999999999995,2659,26.7876,26787.6,150.0,82.0,,20,2019-03-08 23:01:13,Australia/Melbourne
2019-03-09 10:01:16+11:00,36076,-38.29872951842845,144.98641116544604,110.18234,31.399999999999977,2657,27.6912,27691.2,148.0,84.0,,19,2019-03-08 23:01:16,Australia/Melbourne
2019-03-09 10:01:19+11:00,36079,-38.29865676350892,144.98614084906876,110.20732,30.399999999999977,2652,30.186,30186.0,149.0,67.0,,19,2019-03-08 23:01:19,Australia/Melbourne
2019-03-09 10:01:22+11:00,36082,-38.298566741868854,144.9858400225639,110.23548000000001,29.0,2645,33.821999999999996,33822.0,148.0,0.0,,19,2019-03-08 23:01:22,Australia/Melbourne
2019-03-09 10:01:24+11:00,36084,-38.29850463196635,144.98562494292855,110.2555,27.600000000000023,2638,35.5644,35564.4,147.0,0.0,,19,2019-03-08 23:01:24,Australia/Melbourne
2019-03-09 10:01:25+11:00,36085,-38.298472026363015,144.98551388271153,110.26588,26.600000000000023,2633,36.6012,36601.2,147.0,0.0,,19,2019-03-08 23:01:25,Australia/Melbourne
2019-03-09 10:01:26+11:00,36086,-38.29842584207654,144.98538496904075,110.27826,25.20000000000005,2626,39.7008,39700.8,146.0,0.0,,19,2019-03-08 23:01:26,Australia/Melbourne
2019-03-09 10:01:27+11:00,36087,-38.29838032834232,144.98525882139802,110.29038,24.0,2620,40.3308,40330.8,145.0,0.0,,19,2019-03-08 23:01:27,Australia/Melbourne
2019-03-09 10:01:28+11:00,36088,-38.29833305440843,144.98513275757432,110.3026,23.20000000000005,2616,40.7268,40726.8,145.0,0.0,,19,2019-03-08 23:01:28,Australia/Melbourne
2019-03-09 10:01:29+11:00,36089,-38.29828930087388,144.98500920832157,110.31443999999999,22.399999999999977,2612,41.08320000000001,41083.2,145.0,0.0,,19,2019-03-08 23:01:29,Australia/Melbourne
2019-03-09 10:01:31+11:00,36091,-38.29819374717772,144.98476839624342,110.33802,21.0,2605,42.3504,42350.4,142.0,0.0,,19,2019-03-08 23:01:31,Australia/Melbourne
2019-03-09 10:01:33+11:00,36093,-38.29809366725385,144.98452339321375,110.36216,20.0,2600,43.0884,43088.4,139.0,0.0,,19,2019-03-08 23:01:33,Australia/Melbourne
2019-03-09 10:01:34+11:00,36094,-38.2980422861874,144.98439791612327,110.37454,19.600000000000023,2598,43.9812,43981.2,137.0,0.0,,19,2019-03-08 23:01:34,Australia/Melbourne
2019-03-09 10:01:37+11:00,36097,-38.29784221015871,144.9840452056378,110.41262,18.600000000000023,2593,45.8532,45853.2,140.0,0.0,,19,2019-03-08 23:01:37,Australia/Melbourne
2019-03-09 10:01:38+11:00,36098,-38.297760151326656,144.98393791727722,110.4257,18.0,2590,46.1664,46166.4,140.0,0.0,,19,2019-03-08 23:01:38,Australia/Melbourne
2019-03-09 10:01:39+11:00,36099,-38.297670800238855,144.98384211212397,110.43868,17.200000000000045,2586,46.4508,46450.8,138.0,0.0,,19,2019-03-08 23:01:39,Australia/Melbourne
2019-03-09 10:01:40+11:00,36100,-38.29757642000913,144.983752341941,110.45178,16.0,2580,47.15640000000001,47156.4,134.0,0.0,,19,2019-03-08 23:01:40,Australia/Melbourne
2019-03-09 10:01:41+11:00,36101,-38.29747734591365,144.9836682714522,110.465,15.0,2575,47.671200000000006,47671.2,126.0,0.0,,19,2019-03-08 23:01:41,Australia/Melbourne
2019-03-09 10:01:42+11:00,36102,-38.297371231019504,144.98359694145617,110.47833999999999,14.0,2570,48.0744,48074.4,121.0,0.0,,19,2019-03-08 23:01:42,Australia/Melbourne
2019-03-09 10:01:43+11:00,36103,-38.297258662059896,144.9835419561714,110.49172,13.200000000000045,2566,48.3516,48351.6,123.0,0.0,,19,2019-03-08 23:01:43,Australia/Melbourne
2019-03-09 10:01:45+11:00,36105,-38.2970186881721,144.98348311521113,110.51888,13.0,2565,49.2228,49222.8,123.0,0.0,,19,2019-03-08 23:01:45,Australia/Melbourne
2019-03-09 10:01:46+11:00,36106,-38.296894049271934,144.98346651904282,110.53278,12.399999999999974,2562,50.20200000000001,50202.0,123.0,0.0,,19,2019-03-08 23:01:46,Australia/Melbourne
2019-03-09 10:01:47+11:00,36107,-38.29677494242787,144.98347288928923,110.54602,11.800000000000011,2559,47.7432,47743.2,124.0,0.0,,19,2019-03-08 23:01:47,Australia/Melbourne
2019-03-09 10:01:48+11:00,36108,-38.296658853068955,144.98349878937006,110.5591,11.199999999999989,2556,47.988,47988.0,127.0,0.0,,19,2019-03-08 23:01:48,Australia/Melbourne
2019-03-09 10:01:49+11:00,36109,-38.29654578119517,144.98354170471433,110.5722,10.199999999999989,2551,48.03120000000001,48031.2,127.0,0.0,,19,2019-03-08 23:01:49,Australia/Melbourne
2019-03-09 10:01:51+11:00,36111,-38.296338496729724,144.9836897291243,110.59866,9.199999999999989,2546,48.25080000000001,48250.8,122.0,0.0,,19,2019-03-08 23:01:51,Australia/Melbourne
2019-03-09 10:01:52+11:00,36112,-38.29624612815678,144.98378788121045,110.61204,9.199999999999989,2546,48.132,48132.0,119.0,0.0,,19,2019-03-08 23:01:52,Australia/Melbourne
2019-03-09 10:01:53+11:00,36113,-38.296157950535424,144.98389173299074,110.62538,8.800000000000011,2544,47.5632,47563.2,115.0,0.0,,19,2019-03-08 23:01:53,Australia/Melbourne
2019-03-09 10:01:55+11:00,36115,-38.29599911347032,144.98410555534062,110.6511,8.0,2540,45.2916,45291.6,116.0,98.0,,19,2019-03-08 23:01:55,Australia/Melbourne
2019-03-09 10:01:56+11:00,36116,-38.295924263074994,144.98421049676838,110.66348,7.800000000000012,2539,44.5068,44506.8,119.0,93.0,,19,2019-03-08 23:01:56,Australia/Melbourne
2019-03-09 10:01:57+11:00,36117,-38.295848909765475,144.98431443236768,110.67582,8.0,2540,44.6112,44611.2,123.0,95.0,,19,2019-03-08 23:01:57,Australia/Melbourne
2019-03-09 10:01:59+11:00,36119,-38.29569577239454,144.9845099821687,110.69993999999998,8.600000000000023,2543,43.5672,43567.2,128.0,82.0,,19,2019-03-08 23:01:59,Australia/Melbourne
2019-03-09 10:02:02+11:00,36122,-38.29546183347703,144.98477593995634,110.7348,8.0,2540,41.868,41868.0,130.0,0.0,,19,2019-03-08 23:02:02,Australia/Melbourne
2019-03-09 10:02:04+11:00,36124,-38.29530056566,144.9849350284785,110.75748,7.600000000000023,2538,41.20200000000001,41202.0,133.0,88.0,,19,2019-03-08 23:02:04,Australia/Melbourne
2019-03-09 10:02:07+11:00,36127,-38.295053048059344,144.9851702246815,110.7918,6.800000000000012,2534,41.6196,41619.6,131.0,87.0,,19,2019-03-08 23:02:07,Australia/Melbourne
2019-03-09 10:02:08+11:00,36128,-38.294960847124464,144.98523132875562,110.80336000000001,6.399999999999977,2532,42.0084,42008.4,129.0,90.0,,19,2019-03-08 23:02:08,Australia/Melbourne
2019-03-09 10:02:09+11:00,36129,-38.29486018046737,144.98527625575662,110.8152,5.800000000000012,2529,42.7788,42778.8,124.0,90.0,,19,2019-03-08 23:02:09,Australia/Melbourne
2019-03-09 10:02:10+11:00,36130,-38.29475691542029,144.98530182056132,110.82686000000001,5.399999999999976,2527,42.5016,42501.6,123.0,88.0,,19,2019-03-08 23:02:10,Australia/Melbourne
2019-03-09 10:02:11+11:00,36131,-38.294655829668045,144.98530710116032,110.83808,5.199999999999988,2526,40.7916,40791.6,124.0,87.0,,19,2019-03-08 23:02:11,Australia/Melbourne
2019-03-09 10:02:12+11:00,36132,-38.294560946524136,144.9853084422648,110.84862,5.399999999999976,2527,38.5416,38541.6,126.0,81.0,,19,2019-03-08 23:02:12,Australia/Melbourne
2019-03-09 10:02:14+11:00,36134,-38.29439532011747,144.98531749472022,110.867,6.600000000000023,2533,32.6556,32655.6,130.0,73.0,,19,2019-03-08 23:02:14,Australia/Melbourne
2019-03-09 10:02:15+11:00,36135,-38.29432147555053,144.98533132486043,110.87528,7.399999999999977,2537,30.8124,30812.4,132.0,77.0,,19,2019-03-08 23:02:15,Australia/Melbourne
2019-03-09 10:02:16+11:00,36136,-38.294252911582596,144.98535186052322,110.8831,7.800000000000012,2539,28.908,28908.0,134.0,75.0,,19,2019-03-08 23:02:16,Australia/Melbourne
2019-03-09 10:02:19+11:00,36139,-38.29407311975957,144.98544632457197,110.90473999999999,8.800000000000011,2544,25.6176,25617.6,137.0,75.0,,19,2019-03-08 23:02:19,Australia/Melbourne
2019-03-09 10:02:23+11:00,36143,-38.29386969096959,144.9856236856431,110.93213999999999,9.0,2545,25.0128,25012.8,140.0,73.0,,19,2019-03-08 23:02:23,Australia/Melbourne
2019-03-09 10:02:25+11:00,36145,-38.293770952150226,144.98570817522702,110.94533999999999,9.0,2545,24.5772,24577.2,142.0,73.0,,19,2019-03-08 23:02:25,Australia/Melbourne
2019-03-09 10:02:27+11:00,36147,-38.29367296770215,144.9857924133539,110.95846,9.399999999999975,2547,24.2136,24213.6,145.0,71.0,,19,2019-03-08 23:02:27,Australia/Melbourne
2019-03-09 10:02:28+11:00,36148,-38.293625693768256,144.98583574779332,110.96492,9.800000000000011,2549,23.7132,23713.2,147.0,70.0,,19,2019-03-08 23:02:28,Australia/Melbourne
2019-03-09 10:02:32+11:00,36152,-38.29344900324941,144.9859818443656,110.98832,11.0,2555,19.8792,19879.2,149.0,61.0,,19,2019-03-08 23:02:32,Australia/Melbourne
2019-03-09 10:02:33+11:00,36153,-38.293409775942564,144.9860188923776,110.99373999999999,11.399999999999974,2557,19.9296,19929.6,150.0,56.0,,19,2019-03-08 23:02:33,Australia/Melbourne
2019-03-09 10:02:37+11:00,36157,-38.293261080980294,144.98617412522438,111.01512,12.600000000000026,2563,19.3716,19371.6,152.0,57.0,,19,2019-03-08 23:02:37,Australia/Melbourne
2019-03-09 10:02:41+11:00,36161,-38.293127892538905,144.98635500669482,111.0368,13.399999999999974,2567,19.8288,19828.8,156.0,59.0,,19,2019-03-08 23:02:41,Australia/Melbourne
2019-03-09 10:02:42+11:00,36162,-38.2930953707546,144.98640772886577,111.04266000000001,13.799999999999955,2569,21.1212,21121.2,157.0,59.0,,19,2019-03-08 23:02:42,Australia/Melbourne
2019-03-09 10:02:44+11:00,36164,-38.293040972203016,144.98651141300797,111.05356,14.200000000000045,2571,19.306800000000006,19306.8,160.0,44.0,,19,2019-03-08 23:02:44,Australia/Melbourne
2019-03-09 10:02:47+11:00,36167,-38.292973833158605,144.98667209409174,111.0695,14.600000000000026,2573,19.134,19134.0,162.0,55.0,,19,2019-03-08 23:02:47,Australia/Melbourne
2019-03-09 10:02:52+11:00,36172,-38.29282430000603,144.98694618232548,111.09873999999999,14.200000000000045,2571,22.8348,22834.8,164.0,64.0,,19,2019-03-08 23:02:52,Australia/Melbourne
2019-03-09 10:02:53+11:00,36173,-38.29278079792857,144.98699815012517,111.10538,14.0,2570,24.3468,24346.8,164.0,64.0,,19,2019-03-08 23:02:53,Australia/Melbourne
2019-03-09 10:02:57+11:00,36177,-38.292537806555636,144.98713670298457,111.13524,13.600000000000026,2568,27.8316,27831.6,164.0,78.0,,19,2019-03-08 23:02:57,Australia/Melbourne
2019-03-09 10:03:00+11:00,36180,-38.29232825897635,144.98713636770844,111.15856000000001,14.0,2570,28.7208,28720.8,164.0,81.0,,19,2019-03-08 23:03:00,Australia/Melbourne
2019-03-09 10:03:01+11:00,36181,-38.29225676134229,144.98712865635753,111.16651999999999,13.799999999999955,2569,28.7892,28789.2,163.0,83.0,,19,2019-03-08 23:03:01,Australia/Melbourne
2019-03-09 10:03:06+11:00,36186,-38.291883431375034,144.9871508684009,111.20812,12.600000000000026,2563,31.3956,31395.6,161.0,80.0,,19,2019-03-08 23:03:06,Australia/Melbourne
2019-03-09 10:03:07+11:00,36187,-38.291806317865856,144.98716880567372,111.2168,12.399999999999974,2562,31.737600000000004,31737.6,160.0,83.0,,19,2019-03-08 23:03:07,Australia/Melbourne
2019-03-09 10:03:09+11:00,36189,-38.291651587933295,144.98722035437822,111.23458,12.0,2560,32.1804,32180.4,159.0,84.0,,19,2019-03-08 23:03:09,Australia/Melbourne
2019-03-09 10:03:11+11:00,36191,-38.29149601981044,144.98729067854583,111.25291999999999,11.600000000000026,2558,33.1776,33177.6,157.0,86.0,,19,2019-03-08 23:03:11,Australia/Melbourne
2019-03-09 10:03:12+11:00,36192,-38.29142058268189,144.98733292333782,111.26208000000001,11.199999999999989,2556,33.040800000000004,33040.8,156.0,85.0,,19,2019-03-08 23:03:12,Australia/Melbourne
2019-03-09 10:03:13+11:00,36193,-38.291346402838826,144.9873804487288,111.2713,10.399999999999975,2552,33.372,33372.0,156.0,70.0,,19,2019-03-08 23:03:13,Australia/Melbourne
2019-03-09 10:03:16+11:00,36196,-38.29113107174635,144.98756895773113,111.30036000000001,9.199999999999989,2546,35.2152,35215.200000000004,154.0,75.0,,19,2019-03-08 23:03:16,Australia/Melbourne
2019-03-09 10:03:17+11:00,36197,-38.29106099903584,144.9876407906413,111.31036,8.600000000000023,2543,35.8164,35816.4,153.0,76.0,,19,2019-03-08 23:03:17,Australia/Melbourne
2019-03-09 10:03:21+11:00,36201,-38.29078380949795,144.98792569153008,111.34996,9.0,2545,36.018,36018.0,150.0,76.0,,19,2019-03-08 23:03:21,Australia/Melbourne
2019-03-09 10:03:26+11:00,36206,-38.290423806756735,144.9882804974914,111.40056000000001,7.800000000000012,2539,38.5776,38577.6,148.0,81.0,,19,2019-03-08 23:03:26,Australia/Melbourne
2019-03-09 10:03:28+11:00,36208,-38.29026890918613,144.98844302259388,111.42286000000001,6.399999999999977,2532,40.9716,40971.6,146.0,77.0,,19,2019-03-08 23:03:28,Australia/Melbourne
2019-03-09 10:03:30+11:00,36210,-38.29010579735041,144.98862264677882,111.44684,5.0,2525,43.61040000000001,43610.4,144.0,90.0,,19,2019-03-08 23:03:30,Australia/Melbourne
2019-03-09 10:03:32+11:00,36212,-38.2899316214025,144.9888062942773,111.47198,3.3999999999999773,2517,45.58320000000001,45583.2,141.0,74.0,,19,2019-03-08 23:03:32,Australia/Melbourne
2019-03-09 10:03:33+11:00,36213,-38.289833636954434,144.98888273723426,111.48473999999999,2.3999999999999773,2512,45.6516,45651.6,140.0,74.0,,19,2019-03-08 23:03:33,Australia/Melbourne
2019-03-09 10:03:34+11:00,36214,-38.28972827643156,144.98893856070939,111.49741999999999,1.3999999999999773,2507,45.7308,45730.8,139.0,0.0,,19,2019-03-08 23:03:34,Australia/Melbourne
2019-03-09 10:03:35+11:00,36215,-38.289616713300354,144.98897762037814,111.51028000000001,0.6000000000000227,2503,46.3824,46382.4,138.0,0.0,,19,2019-03-08 23:03:35,Australia/Melbourne
2019-03-09 10:03:36+11:00,36216,-38.28950338996947,144.98900209553543,111.52301999999999,0.3999999999999773,2502,45.8964,45896.4,138.0,95.0,,19,2019-03-08 23:03:36,Australia/Melbourne
2019-03-09 10:03:37+11:00,36217,-38.289397358894355,144.98902263119817,111.53493999999999,0.6000000000000227,2503,43.0632,43063.2,138.0,94.0,,19,2019-03-08 23:03:37,Australia/Melbourne
2019-03-09 10:03:39+11:00,36219,-38.28919854015112,144.98907468281686,111.55748,1.3999999999999773,2507,39.74760000000001,39747.6,138.0,84.0,,19,2019-03-08 23:03:39,Australia/Melbourne
2019-03-09 10:03:40+11:00,36220,-38.289103405550115,144.9891069531441,111.56841999999999,2.800000000000012,2514,39.3228,39322.8,139.0,82.0,,19,2019-03-08 23:03:40,Australia/Melbourne
2019-03-09 10:03:41+11:00,36221,-38.289015730842955,144.9891479406506,111.57878000000001,3.3999999999999773,2517,36.9612,36961.2,139.0,79.0,,19,2019-03-08 23:03:41,Australia/Melbourne
2019-03-09 10:03:42+11:00,36222,-38.288934091106064,144.9891937896609,111.5887,3.8000000000000114,2519,35.63639999999999,35636.4,140.0,80.0,,19,2019-03-08 23:03:42,Australia/Melbourne
2019-03-09 10:03:43+11:00,36223,-38.28886058181524,144.98924843966958,111.59816,4.199999999999989,2521,33.84,33840.0,141.0,80.0,,19,2019-03-08 23:03:43,Australia/Melbourne
2019-03-09 10:03:48+11:00,36228,-38.288531927391894,144.9895790219307,111.64483999999999,4.800000000000012,2524,32.4144,32414.4,142.0,75.0,,19,2019-03-08 23:03:48,Australia/Melbourne
2019-03-09 10:03:49+11:00,36229,-38.28847560100258,144.98965236358342,111.6538,5.0,2525,32.4252,32425.2,143.0,84.0,,19,2019-03-08 23:03:49,Australia/Melbourne
2019-03-09 10:03:53+11:00,36233,-38.288273261860006,144.98994438908994,111.6878,6.0,2530,29.2932,29293.2,143.0,79.0,,19,2019-03-08 23:03:53,Australia/Melbourne
2019-03-09 10:03:54+11:00,36234,-38.28822766430676,144.99001203104854,111.6956,6.399999999999977,2532,28.1376,28137.6,144.0,74.0,,19,2019-03-08 23:03:54,Australia/Melbourne
2019-03-09 10:03:57+11:00,36237,-38.288109982386224,144.99020204879344,111.71673999999999,7.600000000000023,2538,24.2424,24242.4,146.0,67.0,,19,2019-03-08 23:03:57,Australia/Melbourne
2019-03-09 10:03:59+11:00,36239,-38.28803664073347,144.99030942097306,111.72916,8.199999999999989,2541,22.6188,22618.8,147.0,69.0,,19,2019-03-08 23:03:59,Australia/Melbourne
2019-03-09 10:04:01+11:00,36241,-38.287971764802926,144.9904133565724,111.74076000000001,8.800000000000011,2544,20.736,20736.0,147.0,65.0,,19,2019-03-08 23:04:01,Australia/Melbourne
2019-03-09 10:04:05+11:00,36245,-38.28785047866404,144.99061401933432,111.76288,9.800000000000011,2549,19.3968,19396.8,148.0,63.0,,19,2019-03-08 23:04:05,Australia/Melbourne
2019-03-09 10:04:06+11:00,36246,-38.28782105818391,144.9906630534679,111.76828,10.0,2550,19.3392,19339.2,147.0,62.0,,19,2019-03-08 23:04:06,Australia/Melbourne
2019-03-09 10:04:14+11:00,36254,-38.28755878843367,144.99107971787453,111.8149,10.600000000000025,2553,23.274,23274.0,149.0,75.0,,19,2019-03-08 23:04:14,Australia/Melbourne
2019-03-09 10:04:18+11:00,36258,-38.28737463802099,144.99130150303245,111.84318,9.399999999999975,2547,26.081999999999997,26082.0,149.0,78.0,,19,2019-03-08 23:04:18,Australia/Melbourne
2019-03-09 10:04:19+11:00,36259,-38.28731764107943,144.99134668149054,111.85063999999998,9.399999999999975,2547,26.9712,26971.2,150.0,77.0,,19,2019-03-08 23:04:19,Australia/Melbourne
2019-03-09 10:04:22+11:00,36262,-38.28714002855122,144.99145237728953,111.87248000000001,9.800000000000011,2549,25.9884,25988.4,150.0,76.0,,19,2019-03-08 23:04:22,Australia/Melbourne
2019-03-09 10:04:24+11:00,36264,-38.28702930361033,144.99151750467718,111.88600000000001,10.0,2550,23.3928,23392.8,150.0,73.0,,19,2019-03-08 23:04:24,Australia/Melbourne
2019-03-09 10:04:31+11:00,36271,-38.28668950125575,144.99174180440602,111.92846000000002,10.600000000000025,2553,22.0212,22021.2,148.0,63.0,,19,2019-03-08 23:04:31,Australia/Melbourne
2019-03-09 10:04:34+11:00,36274,-38.28655111603439,144.9918455723673,111.9463,11.0,2555,21.834000000000003,21834.0,148.0,63.0,,19,2019-03-08 23:04:34,Australia/Melbourne
2019-03-09 10:04:41+11:00,36281,-38.286215672269456,144.99207724817097,111.9887,11.800000000000011,2559,21.3372,21337.2,149.0,63.0,,19,2019-03-08 23:04:41,Australia/Melbourne
2019-03-09 10:04:43+11:00,36283,-38.286123052239425,144.9921463150531,112.00062,12.0,2560,21.7692,21769.2,150.0,64.0,,19,2019-03-08 23:04:43,Australia/Melbourne
2019-03-09 10:04:48+11:00,36288,-38.285891208797686,144.99232359230518,112.03066000000001,12.799999999999955,2564,21.8376,21837.6,153.0,63.0,,19,2019-03-08 23:04:48,Australia/Melbourne
2019-03-09 10:04:50+11:00,36290,-38.28580068424343,144.99240690842268,112.04308,13.200000000000045,2566,21.9024,21902.4,154.0,63.0,,19,2019-03-08 23:04:50,Australia/Melbourne
2019-03-09 10:04:51+11:00,36291,-38.28575517050922,144.99244781211019,112.04928000000001,13.399999999999974,2567,21.9744,21974.4,154.0,64.0,,19,2019-03-08 23:04:51,Australia/Melbourne
2019-03-09 10:04:59+11:00,36299,-38.285400448367,144.99274905771014,112.09666000000001,14.200000000000045,2571,21.131999999999998,21132.0,155.0,61.0,,19,2019-03-08 23:04:59,Australia/Melbourne
2019-03-09 10:05:07+11:00,36307,-38.28503105789422,144.99301769770682,112.14406000000001,14.799999999999955,2574,20.779200000000003,20779.2,155.0,62.0,,19,2019-03-08 23:05:07,Australia/Melbourne
2019-03-09 10:05:10+11:00,36310,-38.28488621860743,144.99309556558728,112.16154,15.200000000000045,2576,21.5892,21589.2,154.0,62.0,,19,2019-03-08 23:05:10,Australia/Melbourne
2019-03-09 10:05:15+11:00,36315,-38.284613387659185,144.99323680065572,112.19426000000001,15.200000000000045,2576,24.771600000000007,24771.6,154.0,71.0,,19,2019-03-08 23:05:15,Australia/Melbourne
2019-03-09 10:05:21+11:00,36321,-38.28423712402582,144.99341977760196,112.23898,14.0,2570,28.6956,28695.6,154.0,83.0,,19,2019-03-08 23:05:21,Australia/Melbourne
2019-03-09 10:05:23+11:00,36323,-38.284099576994784,144.99349068850282,112.25546000000001,14.0,2570,30.1068,30106.8,153.0,78.0,,19,2019-03-08 23:05:23,Australia/Melbourne
2019-03-09 10:05:29+11:00,36329,-38.283662041649215,144.9937703087926,112.30991999999999,13.399999999999974,2567,34.0632,34063.200000000004,151.0,87.0,,19,2019-03-08 23:05:29,Australia/Melbourne
2019-03-09 10:05:30+11:00,36330,-38.28359230421484,144.9938310775906,112.3193,13.0,2565,34.1064,34106.4,151.0,88.0,,19,2019-03-08 23:05:30,Australia/Melbourne
2019-03-09 10:05:34+11:00,36334,-38.28333942219615,144.99410566873846,112.35628,12.0,2560,32.3496,32349.6,149.0,87.0,,19,2019-03-08 23:05:34,Australia/Melbourne
2019-03-09 10:05:35+11:00,36335,-38.28328418545425,144.99418043531475,112.36523999999999,11.800000000000011,2559,32.3136,32313.6,149.0,83.0,,19,2019-03-08 23:05:35,Australia/Melbourne
2019-03-09 10:05:40+11:00,36340,-38.28303675167263,144.99458402395246,112.41004,10.600000000000025,2553,32.464800000000004,32464.8,146.0,84.0,,19,2019-03-08 23:05:40,Australia/Melbourne
2019-03-09 10:05:44+11:00,36344,-38.2828463986516,144.99491745606062,112.4461,10.800000000000011,2554,32.5512,32551.2,143.0,0.0,,19,2019-03-08 23:05:44,Australia/Melbourne
2019-03-09 10:05:45+11:00,36345,-38.28278705477715,144.99499163590372,112.45534,10.800000000000011,2554,33.1524,33152.4,142.0,88.0,,19,2019-03-08 23:05:45,Australia/Melbourne
2019-03-09 10:05:46+11:00,36346,-38.28272025100887,144.99506196007133,112.46498000000001,10.199999999999989,2551,34.7616,34761.6,141.0,89.0,,19,2019-03-08 23:05:46,Australia/Melbourne
2019-03-09 10:05:47+11:00,36347,-38.282649088650935,144.99512675218284,112.4747,9.600000000000025,2548,35.442,35442.0,141.0,90.0,,19,2019-03-08 23:05:47,Australia/Melbourne
2019-03-09 10:05:49+11:00,36349,-38.28249821439385,144.99523605220017,112.49398000000001,8.199999999999989,2541,34.531200000000005,34531.200000000004,141.0,92.0,,19,2019-03-08 23:05:49,Australia/Melbourne
2019-03-09 10:05:50+11:00,36350,-38.282419927418225,144.99528148211542,112.50354,8.0,2540,34.4844,34484.4,141.0,90.0,,19,2019-03-08 23:05:50,Australia/Melbourne
2019-03-09 10:05:56+11:00,36356,-38.28196906484664,144.99562153592706,112.56192,6.800000000000012,2534,35.8164,35816.4,139.0,92.0,,19,2019-03-08 23:05:56,Australia/Melbourne
2019-03-09 10:05:58+11:00,36358,-38.281826823949814,144.99575732275844,112.58168,5.399999999999976,2527,35.5968,35596.8,138.0,75.0,,19,2019-03-08 23:05:58,Australia/Melbourne
2019-03-09 10:06:00+11:00,36360,-38.2816806435585,144.99589185230434,112.60173999999999,4.199999999999989,2521,35.9532,35953.200000000004,137.0,0.0,,19,2019-03-08 23:06:00,Australia/Melbourne
2019-03-09 10:06:05+11:00,36365,-38.28130236826836,144.99621807597578,112.6525,3.8000000000000114,2519,37.3464,37346.4,139.0,96.0,,19,2019-03-08 23:06:05,Australia/Melbourne
2019-03-09 10:06:08+11:00,36368,-38.28106859698892,144.99642100185156,112.68393999999999,3.0,2515,38.0196,38019.6,140.0,101.0,,19,2019-03-08 23:06:08,Australia/Melbourne
2019-03-09 10:06:12+11:00,36372,-38.28078000806272,144.99666742980483,112.72256000000002,3.8000000000000114,2519,31.05,31050.0,141.0,82.0,,19,2019-03-08 23:06:12,Australia/Melbourne
2019-03-09 10:06:13+11:00,36373,-38.28072368167341,144.99672878533605,112.7308,4.800000000000012,2524,29.1096,29109.6,142.0,78.0,,19,2019-03-08 23:06:13,Australia/Melbourne
2019-03-09 10:06:15+11:00,36375,-38.28062603250146,144.99684194102883,112.74548,6.399999999999977,2532,25.254,25254.0,141.0,71.0,,19,2019-03-08 23:06:15,Australia/Melbourne
2019-03-09 10:06:16+11:00,36376,-38.28058521263301,144.9968947470188,112.75196,6.800000000000012,2534,24.0264,24026.4,141.0,66.0,,19,2019-03-08 23:06:16,Australia/Melbourne
2019-03-09 10:06:18+11:00,36378,-38.280510362237685,144.99699801206592,112.76423999999999,7.600000000000023,2538,21.9348,21934.8,141.0,83.0,,19,2019-03-08 23:06:18,Australia/Melbourne
2019-03-09 10:06:20+11:00,36380,-38.28044867143035,144.99709515832362,112.77516000000001,8.199999999999989,2541,20.0664,20066.4,142.0,68.0,,19,2019-03-08 23:06:20,Australia/Melbourne
2019-03-09 10:06:21+11:00,36381,-38.28041665256024,144.99714352190497,112.78068,8.600000000000023,2543,20.0556,20055.6,143.0,64.0,,19,2019-03-08 23:06:21,Australia/Melbourne
2019-03-09 10:06:25+11:00,36385,-38.280302407220006,144.9973275884986,112.80118,9.600000000000025,2548,17.524800000000006,17524.8,146.0,57.0,,19,2019-03-08 23:06:25,Australia/Melbourne
2019-03-09 10:06:26+11:00,36386,-38.280276758596294,144.99737218022346,112.80601999999999,9.800000000000011,2549,17.1396,17139.600000000002,146.0,57.0,,19,2019-03-08 23:06:26,Australia/Melbourne
2019-03-09 10:06:28+11:00,36388,-38.280231999233365,144.99745138920844,112.81454,11.0,2555,14.904000000000002,14904.0,147.0,53.0,,19,2019-03-08 23:06:28,Australia/Melbourne
2019-03-09 10:06:31+11:00,36391,-38.280165614560254,144.99755985103545,112.82654,12.0,2560,15.2136,15213.6,147.0,49.0,,19,2019-03-08 23:06:31,Australia/Melbourne
2019-03-09 10:06:35+11:00,36395,-38.280067211017005,144.9977100547403,112.84366000000001,13.399999999999974,2567,15.5088,15508.8,150.0,51.0,,19,2019-03-08 23:06:35,Australia/Melbourne
2019-03-09 10:06:39+11:00,36399,-38.27997040003538,144.99787232838568,112.86148,14.0,2570,16.1352,16135.2,154.0,52.0,,19,2019-03-08 23:06:39,Australia/Melbourne
2019-03-09 10:06:40+11:00,36400,-38.279944835230715,144.99790853820738,112.86573999999999,14.600000000000026,2573,15.786,15786.0,155.0,53.0,,19,2019-03-08 23:06:40,Australia/Melbourne
2019-03-09 10:06:42+11:00,36402,-38.279888089746244,144.9979828018695,112.87478,15.0,2575,16.182000000000002,16182.0,156.0,52.0,,19,2019-03-08 23:06:42,Australia/Melbourne
2019-03-09 10:06:46+11:00,36406,-38.27977878972889,144.99813920818266,112.89308,15.399999999999974,2577,15.944400000000002,15944.4,159.0,53.0,,19,2019-03-08 23:06:46,Australia/Melbourne
2019-03-09 10:06:47+11:00,36407,-38.27974953688681,144.99817315489054,112.89748,15.799999999999955,2579,15.48,15480.0,159.0,53.0,,19,2019-03-08 23:06:47,Australia/Melbourne
2019-03-09 10:06:50+11:00,36410,-38.279664795845754,144.99828052707016,112.91078,16.399999999999974,2582,15.2136,15213.6,160.0,51.0,,19,2019-03-08 23:06:50,Australia/Melbourne
2019-03-09 10:06:51+11:00,36411,-38.27963881194592,144.9983153119683,112.91496,16.799999999999955,2584,15.1272,15127.2,161.0,51.0,,19,2019-03-08 23:06:51,Australia/Melbourne
2019-03-09 10:06:52+11:00,36412,-38.27961031347513,144.99834909103808,112.9193,17.79999999999995,2589,15.6564,15656.4,162.0,51.0,,19,2019-03-08 23:06:52,Australia/Melbourne
2019-03-09 10:06:58+11:00,36418,-38.27943672426046,144.99854229390618,112.94492,18.79999999999995,2594,14.1156,14115.6,164.0,49.0,,19,2019-03-08 23:06:58,Australia/Melbourne
2019-03-09 10:07:01+11:00,36421,-38.27934904955328,144.99862661585212,112.95712,19.79999999999995,2599,14.886,14886.0,166.0,47.0,,19,2019-03-08 23:07:01,Australia/Melbourne
2019-03-09 10:07:04+11:00,36424,-38.27925492078065,144.99872334301472,112.97058,20.600000000000023,2603,17.6544,17654.4,167.0,52.0,,19,2019-03-08 23:07:04,Australia/Melbourne
2019-03-09 10:07:06+11:00,36426,-38.27918878756464,144.9987843632698,112.97963999999999,21.0,2605,16.1676,16167.6,168.0,41.0,,19,2019-03-08 23:07:06,Australia/Melbourne
2019-03-09 10:07:11+11:00,36431,-38.27901871874929,144.99895988032222,113.00398,21.79999999999995,2609,18.1944,18194.4,168.0,57.0,,19,2019-03-08 23:07:11,Australia/Melbourne
2019-03-09 10:07:17+11:00,36437,-38.27877011150122,144.9992107506841,113.03923999999999,21.399999999999977,2607,22.741200000000006,22741.2,167.0,71.0,,19,2019-03-08 23:07:17,Australia/Melbourne
2019-03-09 10:07:25+11:00,36445,-38.27839275822043,144.99960059300062,113.09326000000001,21.0,2605,24.742800000000006,24742.8,165.0,79.0,,19,2019-03-08 23:07:25,Australia/Melbourne
2019-03-09 10:07:31+11:00,36451,-38.278099140152335,144.99992438592017,113.13646000000001,20.399999999999977,2602,27.0972,27097.2,162.0,77.0,,19,2019-03-08 23:07:31,Australia/Melbourne
2019-03-09 10:07:32+11:00,36452,-38.27804583124816,144.99998020939532,113.14412,20.399999999999977,2602,27.2952,27295.2,161.0,81.0,,19,2019-03-08 23:07:32,Australia/Melbourne
2019-03-09 10:07:35+11:00,36455,-38.277874672785394,145.00015614554286,113.16858,19.79999999999995,2599,29.9772,29977.2,159.0,73.0,,19,2019-03-08 23:07:35,Australia/Melbourne
2019-03-09 10:07:38+11:00,36458,-38.277678955346346,145.00033275224268,113.19526,18.79999999999995,2594,32.91480000000001,32914.8,156.0,74.0,,19,2019-03-08 23:07:38,Australia/Melbourne
2019-03-09 10:07:39+11:00,36459,-38.27760804444552,145.00038656406102,113.20442,18.399999999999977,2592,33.3072,33307.200000000004,154.0,88.0,,19,2019-03-08 23:07:39,Australia/Melbourne
2019-03-09 10:07:41+11:00,36461,-38.27745264396072,145.00047516077757,113.22336000000001,18.79999999999995,2594,34.272,34272.0,151.0,90.0,,19,2019-03-08 23:07:41,Australia/Melbourne
2019-03-09 10:07:42+11:00,36462,-38.277367232367396,145.0005060900003,113.2332,19.0,2595,35.24760000000001,35247.6,150.0,92.0,,19,2019-03-08 23:07:42,Australia/Melbourne
2019-03-09 10:07:45+11:00,36465,-38.27709708362818,145.00056954100728,113.2637,17.399999999999974,2587,36.594,36594.0,147.0,84.0,,19,2019-03-08 23:07:45,Australia/Melbourne
2019-03-09 10:07:48+11:00,36468,-38.27682081609965,145.00062511302534,113.29476000000001,17.399999999999974,2587,36.7776,36777.6,144.0,85.0,,19,2019-03-08 23:07:48,Australia/Melbourne
2019-03-09 10:07:51+11:00,36471,-38.27654915861785,145.00071354210374,113.32592,16.399999999999974,2582,37.57680000000001,37576.8,140.0,86.0,,19,2019-03-08 23:07:51,Australia/Melbourne
2019-03-09 10:07:52+11:00,36472,-38.276459639891975,145.0007569603622,113.33653999999999,16.0,2580,37.998000000000005,37998.0,140.0,86.0,,19,2019-03-08 23:07:52,Australia/Melbourne
2019-03-09 10:07:53+11:00,36473,-38.276376072317355,145.00081228092313,113.34702,15.399999999999974,2577,37.7496,37749.6,139.0,86.0,,19,2019-03-08 23:07:53,Australia/Melbourne
2019-03-09 10:07:54+11:00,36474,-38.27629543840885,145.0008817669004,113.35784,14.799999999999955,2574,38.501999999999995,38502.0,139.0,71.0,,19,2019-03-08 23:07:54,Australia/Melbourne
2019-03-09 10:07:57+11:00,36477,-38.27607600018382,145.00113129615784,113.3906,13.200000000000045,2566,39.0492,39049.2,138.0,0.0,,19,2019-03-08 23:07:57,Australia/Melbourne
2019-03-09 10:07:59+11:00,36479,-38.27594348229468,145.0013136025518,113.4123,11.199999999999989,2556,38.4948,38494.8,138.0,0.0,,19,2019-03-08 23:07:59,Australia/Melbourne
2019-03-09 10:08:01+11:00,36481,-38.275803169235594,145.0014847610146,113.43392,10.800000000000011,2554,39.2148,39214.8,134.0,0.0,,19,2019-03-08 23:08:01,Australia/Melbourne
2019-03-09 10:08:02+11:00,36482,-38.27572639100253,145.00155793502927,113.44458,10.0,2550,38.3508,38350.8,132.0,0.0,,19,2019-03-08 23:08:02,Australia/Melbourne
2019-03-09 10:08:04+11:00,36484,-38.27555020339786,145.00165734440088,113.46608,9.0,2545,38.31480000000001,38314.8,131.0,0.0,,19,2019-03-08 23:08:04,Australia/Melbourne
2019-03-09 10:08:05+11:00,36485,-38.27545096166432,145.0016768742353,113.47721999999999,9.199999999999989,2546,39.942,39942.0,132.0,0.0,,19,2019-03-08 23:08:05,Australia/Melbourne
2019-03-09 10:08:08+11:00,36488,-38.275180393829935,145.0016378145665,113.50778000000001,10.399999999999975,2552,34.668000000000006,34668.0,132.0,82.0,,19,2019-03-08 23:08:08,Australia/Melbourne
2019-03-09 10:08:09+11:00,36489,-38.27510478906333,145.00161040574312,113.5165,10.800000000000011,2554,33.246,33246.0,132.0,77.0,,19,2019-03-08 23:08:09,Australia/Melbourne
2019-03-09 10:08:12+11:00,36492,-38.27488635666669,145.00153513625264,113.54162,11.399999999999974,2557,29.754,29754.0,134.0,71.0,,19,2019-03-08 23:08:12,Australia/Melbourne
2019-03-09 10:08:13+11:00,36493,-38.274817205965526,145.00151175074282,113.54956000000001,12.0,2560,28.764000000000006,28764.0,134.0,75.0,,19,2019-03-08 23:08:13,Australia/Melbourne
2019-03-09 10:08:16+11:00,36496,-38.2746818382293,145.0014783069491,113.56486000000001,12.600000000000026,2563,26.8344,26834.4,135.0,72.0,,19,2019-03-08 23:08:16,Australia/Melbourne
2019-03-09 10:08:19+11:00,36499,-38.27449056319893,145.00145215541124,113.58628,13.200000000000045,2566,24.822,24822.0,136.0,71.0,,19,2019-03-08 23:08:19,Australia/Melbourne
2019-03-09 10:08:20+11:00,36500,-38.274431051686406,145.00145492143932,113.59286000000002,13.600000000000026,2568,23.605200000000004,23605.2,137.0,70.0,,19,2019-03-08 23:08:20,Australia/Melbourne
2019-03-09 10:08:21+11:00,36501,-38.274374138563864,145.00145274214447,113.59918,14.0,2570,23.1588,23158.8,139.0,68.0,,19,2019-03-08 23:08:21,Australia/Melbourne
2019-03-09 10:08:25+11:00,36505,-38.27416182495653,145.00145374797285,113.62274,15.399999999999974,2577,20.8224,20822.4,142.0,61.0,,19,2019-03-08 23:08:25,Australia/Melbourne
2019-03-09 10:08:27+11:00,36507,-38.274060403928154,145.0014581065625,113.634,16.200000000000045,2581,20.4516,20451.6,143.0,60.0,,19,2019-03-08 23:08:27,Australia/Melbourne
2019-03-09 10:08:31+11:00,36511,-38.273867284879096,145.0014837551862,113.65556000000001,16.600000000000026,2583,18.8928,18892.8,146.0,57.0,,19,2019-03-08 23:08:31,Australia/Melbourne
2019-03-09 10:08:33+11:00,36513,-38.273780448362224,145.00150470994413,113.66538,17.200000000000045,2586,18.5868,18586.8,147.0,56.0,,19,2019-03-08 23:08:33,Australia/Melbourne
2019-03-09 10:08:34+11:00,36514,-38.273734766989946,145.00150923617184,113.67046,17.600000000000023,2588,18.7056,18705.6,147.0,55.0,,19,2019-03-08 23:08:34,Australia/Melbourne
2019-03-09 10:08:35+11:00,36515,-38.27368640340865,145.00151401385662,113.67586000000001,17.79999999999995,2589,19.7712,19771.2,148.0,54.0,,19,2019-03-08 23:08:35,Australia/Melbourne
2019-03-09 10:08:38+11:00,36518,-38.273548521101475,145.00152038410306,113.69116000000001,18.600000000000023,2593,18.216,18216.0,151.0,55.0,,19,2019-03-08 23:08:38,Australia/Melbourne
2019-03-09 10:08:39+11:00,36519,-38.27350451610983,145.00152038410306,113.69606,18.79999999999995,2594,17.46,17460.0,151.0,54.0,,19,2019-03-08 23:08:39,Australia/Melbourne
2019-03-09 10:08:40+11:00,36520,-38.27345883473754,145.00152373686433,113.70112,19.20000000000005,2596,18.540000000000006,18540.0,153.0,54.0,,19,2019-03-08 23:08:40,Australia/Melbourne
2019-03-09 10:08:43+11:00,36523,-38.273326149210334,145.00154326669872,113.71596,19.79999999999995,2599,18.0828,18082.8,155.0,53.0,,19,2019-03-08 23:08:43,Australia/Melbourne
2019-03-09 10:08:45+11:00,36525,-38.273236295208335,145.001559862867,113.72601999999999,20.399999999999977,2602,18.8604,18860.4,158.0,54.0,,19,2019-03-08 23:08:45,Australia/Melbourne
2019-03-09 10:08:47+11:00,36527,-38.273139568045735,145.00156883150342,113.73678000000001,21.0,2605,19.4256,19425.6,160.0,56.0,,19,2019-03-08 23:08:47,Australia/Melbourne
2019-03-09 10:08:51+11:00,36531,-38.272945946082466,145.0015891995281,113.75836000000001,21.79999999999995,2609,18.81,18810.0,163.0,54.0,,19,2019-03-08 23:08:51,Australia/Melbourne
2019-03-09 10:08:55+11:00,36535,-38.27274176292122,145.00162130221725,113.7812,21.600000000000023,2608,21.5964,21596.4,164.0,61.0,,19,2019-03-08 23:08:55,Australia/Melbourne
2019-03-09 10:09:02+11:00,36542,-38.272326607257135,145.00167511403558,113.82751999999999,20.399999999999977,2602,25.254,25254.0,162.0,73.0,,19,2019-03-08 23:09:02,Australia/Melbourne
2019-03-09 10:09:10+11:00,36550,-38.27181371860206,145.00175138935447,113.88486,20.600000000000023,2603,26.4672,26467.2,160.0,70.0,,19,2019-03-08 23:09:10,Australia/Melbourne
2019-03-09 10:09:15+11:00,36555,-38.27147894538939,145.00180872157216,113.9224,20.20000000000005,2601,27.3564,27356.4,157.0,81.0,,19,2019-03-08 23:09:15,Australia/Melbourne
2019-03-09 10:09:16+11:00,36556,-38.271412728354335,145.00183688476682,113.93014,20.0,2600,28.1268,28126.8,156.0,81.0,,19,2019-03-08 23:09:16,Australia/Melbourne
2019-03-09 10:09:17+11:00,36557,-38.27134793624282,145.00187317840755,113.93799999999999,19.600000000000023,2598,28.267200000000006,28267.2,156.0,82.0,,19,2019-03-08 23:09:17,Australia/Melbourne
2019-03-09 10:09:19+11:00,36559,-38.27122581191361,145.00197652727363,113.9543,18.79999999999995,2594,29.257200000000005,29257.2,153.0,85.0,,19,2019-03-08 23:09:19,Australia/Melbourne
2019-03-09 10:09:21+11:00,36561,-38.27112866565585,145.0021188519895,113.97084,18.399999999999977,2592,29.9448,29944.8,152.0,88.0,,19,2019-03-08 23:09:21,Australia/Melbourne
2019-03-09 10:09:23+11:00,36563,-38.271061778068535,145.00229252502322,113.98778,17.600000000000023,2588,30.5388,30538.8,150.0,88.0,,19,2019-03-08 23:09:23,Australia/Melbourne
2019-03-09 10:09:25+11:00,36565,-38.27103378251196,145.00248212367296,114.00471999999999,17.399999999999974,2587,30.2364,30236.4,148.0,89.0,,19,2019-03-08 23:09:25,Australia/Melbourne
2019-03-09 10:09:28+11:00,36568,-38.27105507254601,145.00278504565358,114.03132,17.0,2585,30.9132,30913.2,146.0,48.0,,19,2019-03-08 23:09:28,Australia/Melbourne
2019-03-09 10:09:29+11:00,36569,-38.27106571756303,145.00288495793941,114.04014,17.0,2585,31.3344,31334.4,144.0,48.0,,19,2019-03-08 23:09:29,Australia/Melbourne
2019-03-09 10:09:31+11:00,36571,-38.27108407393098,145.00309241004288,114.05842,17.0,2585,32.421600000000005,32421.6,141.0,0.0,,20,2019-03-08 23:09:31,Australia/Melbourne
2019-03-09 10:09:33+11:00,36573,-38.27109999954701,145.00330103561282,114.07676000000001,16.799999999999955,2584,33.1056,33105.6,138.0,0.0,,20,2019-03-08 23:09:33,Australia/Melbourne
2019-03-09 10:09:34+11:00,36574,-38.271106956526644,145.0034001097083,114.08546,16.200000000000045,2581,31.471200000000003,31471.2,137.0,0.0,,20,2019-03-08 23:09:34,Australia/Melbourne
2019-03-09 10:09:36+11:00,36576,-38.271122043952346,145.00361527316272,114.10434,15.399999999999974,2577,33.27120000000001,33271.200000000004,137.0,79.0,,20,2019-03-08 23:09:36,Australia/Melbourne
2019-03-09 10:09:38+11:00,36578,-38.27114081941546,145.0038321968168,114.12346,14.799999999999955,2574,34.128,34128.0,136.0,79.0,,20,2019-03-08 23:09:38,Australia/Melbourne
2019-03-09 10:09:41+11:00,36581,-38.27116596512497,145.00415481626987,114.1518,13.600000000000026,2568,33.7464,33746.4,134.0,0.0,,20,2019-03-08 23:09:41,Australia/Melbourne
2019-03-09 10:09:45+11:00,36585,-38.27119463123381,145.00458707101646,114.18978,13.0,2565,34.6896,34689.6,133.0,101.0,,20,2019-03-08 23:09:45,Australia/Melbourne
2019-03-09 10:09:52+11:00,36592,-38.271308289840825,145.0053019635379,114.25384,13.0,2565,29.754,29754.0,132.0,90.0,,20,2019-03-08 23:09:52,Australia/Melbourne
2019-03-09 10:09:56+11:00,36596,-38.27141247689725,145.00561276450753,114.2834,14.600000000000026,2573,25.6104,25610.4,132.0,76.0,,20,2019-03-08 23:09:56,Australia/Melbourne
2019-03-09 10:09:57+11:00,36597,-38.271438712254174,145.0056851003319,114.29036,14.799999999999955,2574,25.1172,25117.2,133.0,75.0,,20,2019-03-08 23:09:57,Australia/Melbourne
2019-03-09 10:09:59+11:00,36599,-38.271488333120935,145.00582306645808,114.30363999999999,15.399999999999974,2577,23.4036,23403.6,136.0,71.0,,20,2019-03-08 23:09:59,Australia/Melbourne
2019-03-09 10:10:01+11:00,36601,-38.27153644524515,145.00595021992922,114.31598000000001,16.0,2580,22.0032,22003.2,138.0,66.0,,20,2019-03-08 23:10:01,Australia/Melbourne
2019-03-09 10:10:03+11:00,36603,-38.271573912352316,145.00607477501038,114.32766,16.600000000000026,2583,21.2328,21232.8,138.0,63.0,,20,2019-03-08 23:10:03,Australia/Melbourne
2019-03-09 10:10:04+11:00,36604,-38.271585563197725,145.00614074058834,114.33358,16.799999999999955,2584,21.3516,21351.6,138.0,62.0,,20,2019-03-08 23:10:04,Australia/Melbourne
2019-03-09 10:10:09+11:00,36609,-38.271581791341305,145.00649956986308,114.3652,16.200000000000045,2581,24.6276,24627.6,139.0,70.0,,20,2019-03-08 23:10:09,Australia/Melbourne
2019-03-09 10:10:12+11:00,36612,-38.27150844968856,145.00673158094287,114.38718,14.600000000000026,2573,27.5724,27572.4,138.0,66.0,,20,2019-03-08 23:10:12,Australia/Melbourne
2019-03-09 10:10:13+11:00,36613,-38.27147215604782,145.00681556761262,114.39556,14.0,2570,29.491200000000006,29491.2,137.0,66.0,,20,2019-03-08 23:10:13,Australia/Melbourne
2019-03-09 10:10:14+11:00,36614,-38.271429240703576,145.00690114684403,114.40446000000001,13.0,2565,31.302000000000003,31302.0,137.0,0.0,,20,2019-03-08 23:10:14,Australia/Melbourne
2019-03-09 10:10:16+11:00,36616,-38.27133645303547,145.00708001665768,114.42318,11.600000000000026,2558,33.57,33570.0,138.0,0.0,,20,2019-03-08 23:10:16,Australia/Melbourne
2019-03-09 10:10:18+11:00,36618,-38.27123704366386,145.00727581791583,114.44356,11.0,2555,37.0152,37015.2,141.0,0.0,,20,2019-03-08 23:10:18,Australia/Melbourne
2019-03-09 10:10:20+11:00,36620,-38.271129420027144,145.007485114038,114.46542,10.199999999999989,2551,40.0536,40053.6,140.0,86.0,,20,2019-03-08 23:10:20,Australia/Melbourne
2019-03-09 10:10:22+11:00,36622,-38.27101835981011,145.0077041331679,114.48822,8.800000000000011,2544,41.1516,41151.6,139.0,87.0,,20,2019-03-08 23:10:22,Australia/Melbourne
2019-03-09 10:10:24+11:00,36624,-38.270901767537,145.0079140998423,114.5107,7.800000000000012,2539,39.7008,39700.8,138.0,87.0,,20,2019-03-08 23:10:24,Australia/Melbourne
2019-03-09 10:10:25+11:00,36625,-38.27084342949093,145.0080145150423,114.52162,7.600000000000023,2538,39.0636,39063.6,138.0,83.0,,20,2019-03-08 23:10:25,Australia/Melbourne
2019-03-09 10:10:29+11:00,36629,-38.27062038704753,145.0084019266069,114.5636,7.600000000000023,2538,36.36360000000001,36363.6,135.0,79.0,,20,2019-03-08 23:10:29,Australia/Melbourne
2019-03-09 10:10:31+11:00,36631,-38.27051050029696,145.0085828918964,114.5836,5.600000000000024,2528,36.1152,36115.2,131.0,66.0,,20,2019-03-08 23:10:31,Australia/Melbourne
2019-03-09 10:10:32+11:00,36632,-38.27045375481247,145.0086739193648,114.59374,4.199999999999989,2521,36.9936,36993.6,131.0,66.0,,20,2019-03-08 23:10:32,Australia/Melbourne
2019-03-09 10:10:34+11:00,36634,-38.270329870283604,145.00886435620487,114.61533999999999,2.800000000000012,2514,39.5676,39567.6,132.0,0.0,,20,2019-03-08 23:10:34,Australia/Melbourne
2019-03-09 10:10:36+11:00,36636,-38.27018695883453,145.00905621796846,114.63846,1.3999999999999773,2507,41.72040000000001,41720.4,134.0,0.0,,20,2019-03-08 23:10:36,Australia/Melbourne
2019-03-09 10:10:37+11:00,36637,-38.270112946629524,145.00915663316846,114.65048,0.3999999999999773,2502,42.4296,42429.6,134.0,0.0,,20,2019-03-08 23:10:37,Australia/Melbourne
2019-03-09 10:10:38+11:00,36638,-38.270041532814496,145.00926182605326,114.66262,-0.8000000000000114,2496,42.4656,42465.6,133.0,0.0,,20,2019-03-08 23:10:38,Australia/Melbourne
2019-03-09 10:10:40+11:00,36640,-38.2699070032686,145.00947212800384,114.68632,-2.1999999999999886,2489,41.1552,41155.2,131.0,0.0,,20,2019-03-08 23:10:40,Australia/Melbourne
2019-03-09 10:10:43+11:00,36643,-38.26971891336143,145.00975895673037,114.71898,-2.0,2490,37.5948,37594.8,129.0,0.0,,20,2019-03-08 23:10:43,Australia/Melbourne
2019-03-09 10:10:46+11:00,36646,-38.26954079791904,145.01000949181616,114.7485,-1.6000000000000227,2492,34.0704,34070.4,126.0,0.0,,20,2019-03-08 23:10:46,Australia/Melbourne
2019-03-09 10:10:48+11:00,36648,-38.26943401247264,145.01016380265355,114.76646,-1.6000000000000227,2492,31.3452,31345.2,127.0,69.0,,20,2019-03-08 23:10:48,Australia/Melbourne
2019-03-09 10:10:50+11:00,36650,-38.26933728531003,145.01030369661746,114.78273999999999,-1.1999999999999886,2494,28.098000000000003,28098.0,130.0,64.0,,20,2019-03-08 23:10:50,Australia/Melbourne
2019-03-09 10:10:51+11:00,36651,-38.269290681928396,145.010368488729,114.79042,-0.6000000000000227,2497,27.1368,27136.8,131.0,81.0,,20,2019-03-08 23:10:51,Australia/Melbourne
2019-03-09 10:10:53+11:00,36653,-38.26921097002924,145.01049019396302,114.80426000000001,0.6000000000000227,2503,24.3432,24343.2,133.0,74.0,,20,2019-03-08 23:10:53,Australia/Melbourne
2019-03-09 10:10:55+11:00,36655,-38.269136706367135,145.01059111207726,114.81634,1.8000000000000114,2509,22.1184,22118.4,133.0,68.0,,20,2019-03-08 23:10:55,Australia/Melbourne
2019-03-09 10:10:58+11:00,36658,-38.269038973376155,145.01073000021282,114.83262,3.1999999999999886,2516,18.9036,18903.6,135.0,58.0,,20,2019-03-08 23:10:58,Australia/Melbourne
2019-03-09 10:10:59+11:00,36659,-38.26900628395378,145.01077517867088,114.838,4.0,2520,18.828000000000007,18828.0,136.0,57.0,,20,2019-03-08 23:10:59,Australia/Melbourne
2019-03-09 10:11:00+11:00,36660,-38.268975103273995,145.01081977039576,114.8432,4.600000000000024,2523,18.597600000000003,18597.6,137.0,55.0,,20,2019-03-08 23:11:00,Australia/Melbourne
2019-03-09 10:11:05+11:00,36665,-38.268827917054296,145.01103384420276,114.8681,6.0,2530,17.5104,17510.4,139.0,52.0,,20,2019-03-08 23:11:05,Australia/Melbourne
2019-03-09 10:11:07+11:00,36667,-38.26876429840922,145.01110064797103,114.87726,6.600000000000023,2533,16.8084,16808.4,139.0,51.0,,20,2019-03-08 23:11:07,Australia/Melbourne
2019-03-09 10:11:08+11:00,36668,-38.268725154921405,145.01112897880375,114.88226,6.600000000000023,2533,17.3808,17380.8,139.0,51.0,,20,2019-03-08 23:11:08,Australia/Melbourne
2019-03-09 10:11:10+11:00,36670,-38.268647287040956,145.01120315864682,114.8931,6.800000000000012,2534,19.4868,19486.8,141.0,54.0,,20,2019-03-08 23:11:10,Australia/Melbourne
2019-03-09 10:11:12+11:00,36672,-38.26858785934746,145.01132109202445,114.90536000000002,6.600000000000023,2533,22.7448,22744.8,142.0,62.0,,20,2019-03-08 23:11:12,Australia/Melbourne
2019-03-09 10:11:17+11:00,36677,-38.268396835774176,145.01167816109958,114.94332,4.199999999999989,2521,29.3976,29397.6,144.0,71.0,,20,2019-03-08 23:11:17,Australia/Melbourne
2019-03-09 10:11:18+11:00,36678,-38.268340341746814,145.01174530014396,114.95192,2.6000000000000227,2513,31.1868,31186.8,143.0,0.0,,20,2019-03-08 23:11:18,Australia/Melbourne
2019-03-09 10:11:21+11:00,36681,-38.26815686188638,145.01197018660602,114.98024,1.1999999999999886,2506,35.1684,35168.4,142.0,0.0,,20,2019-03-08 23:11:21,Australia/Melbourne
2019-03-09 10:11:22+11:00,36682,-38.26808695681393,145.0120489764959,114.99062,0.19999999999998866,2501,36.8928,36892.8,142.0,0.0,,20,2019-03-08 23:11:22,Australia/Melbourne
2019-03-09 10:11:23+11:00,36683,-38.268013028427966,145.01212810166183,115.00136,-1.3999999999999773,2493,38.2176,38217.6,141.0,0.0,,20,2019-03-08 23:11:23,Australia/Melbourne
2019-03-09 10:11:24+11:00,36684,-38.26793583109975,145.0122113339603,115.01262,-2.800000000000012,2486,40.0428,40042.8,140.0,0.0,,20,2019-03-08 23:11:24,Australia/Melbourne
2019-03-09 10:11:27+11:00,36687,-38.267683368176215,145.01245222985744,115.04768,-3.0,2485,41.7888,41788.8,139.0,71.0,,20,2019-03-08 23:11:27,Australia/Melbourne
2019-03-09 10:11:30+11:00,36690,-38.26742931269109,145.01267971470952,115.0822,-4.0,2480,40.8564,40856.4,136.0,0.0,,20,2019-03-08 23:11:30,Australia/Melbourne
2019-03-09 10:11:32+11:00,36692,-38.267260417342186,145.01283285208046,115.10524,-4.399999999999976,2478,41.36040000000001,41360.4,133.0,0.0,,20,2019-03-08 23:11:32,Australia/Melbourne
2019-03-09 10:11:35+11:00,36695,-38.267008122056716,145.0130623485893,115.1397,-5.199999999999988,2474,41.61600000000001,41616.0,134.0,93.0,,20,2019-03-08 23:11:35,Australia/Melbourne
2019-03-09 10:11:38+11:00,36698,-38.26676026917993,145.01329804770646,115.1741,-6.399999999999977,2468,40.4244,40424.4,132.0,93.0,,20,2019-03-08 23:11:38,Australia/Melbourne
2019-03-09 10:11:40+11:00,36700,-38.26659900136292,145.01344992779198,115.1964,-7.600000000000023,2462,39.8592,39859.2,131.0,90.0,,20,2019-03-08 23:11:40,Australia/Melbourne
2019-03-09 10:11:41+11:00,36701,-38.26652079820633,145.01352804712948,115.20743999999999,-8.0,2460,39.5388,39538.8,130.0,91.0,,20,2019-03-08 23:11:41,Australia/Melbourne
2019-03-09 10:11:44+11:00,36704,-38.266307143494494,145.01377782784402,115.2397,-8.800000000000011,2456,38.3436,38343.6,130.0,86.0,,20,2019-03-08 23:11:44,Australia/Melbourne
2019-03-09 10:11:47+11:00,36707,-38.26611544936896,145.01404420472682,115.27126000000001,-9.0,2455,37.71,37710.0,132.0,85.0,,20,2019-03-08 23:11:47,Australia/Melbourne
2019-03-09 10:11:53+11:00,36713,-38.26573298312724,145.01455130986866,115.3327,-9.0,2455,35.118,35118.0,131.0,91.0,,20,2019-03-08 23:11:53,Australia/Melbourne
2019-03-09 10:11:54+11:00,36714,-38.26567430980504,145.01463110558691,115.34223999999999,-8.800000000000011,2456,34.2684,34268.4,131.0,87.0,,20,2019-03-08 23:11:54,Australia/Melbourne
2019-03-09 10:11:57+11:00,36717,-38.2655016425997,145.01485548913482,115.36968,-7.399999999999977,2463,32.3424,32342.4,132.0,85.0,,20,2019-03-08 23:11:57,Australia/Melbourne
2019-03-09 10:12:00+11:00,36720,-38.265331741422415,145.0150497816503,115.39506000000002,-7.399999999999977,2463,29.6784,29678.4,132.0,79.0,,20,2019-03-08 23:12:00,Australia/Melbourne
2019-03-09 10:12:05+11:00,36725,-38.265043823048465,145.01531708054242,115.43468,-7.0,2465,27.612,27612.0,135.0,73.0,,20,2019-03-08 23:12:05,Australia/Melbourne
2019-03-09 10:12:07+11:00,36727,-38.26492840424179,145.01541808247566,115.45024,-7.199999999999988,2464,28.5048,28504.8,135.0,90.0,,20,2019-03-08 23:12:07,Australia/Melbourne
2019-03-09 10:12:15+11:00,36735,-38.26446756720543,145.01581639051437,115.51216,-6.800000000000012,2466,27.5508,27550.8,137.0,82.0,,20,2019-03-08 23:12:15,Australia/Melbourne
2019-03-09 10:12:16+11:00,36736,-38.26441115699709,145.01586433500054,115.5197,-6.800000000000012,2466,27.1692,27169.2,137.0,78.0,,20,2019-03-08 23:12:16,Australia/Melbourne
2019-03-09 10:12:20+11:00,36740,-38.26419498771429,145.0160574540496,115.54906000000001,-6.600000000000023,2467,26.8992,26899.2,140.0,78.0,,20,2019-03-08 23:12:20,Australia/Melbourne
2019-03-09 10:12:25+11:00,36745,-38.263934226706624,145.016306983307,115.58532,-6.800000000000012,2466,25.5024,25502.4,142.0,74.0,,20,2019-03-08 23:12:25,Australia/Melbourne
2019-03-09 10:12:28+11:00,36748,-38.26377958059311,145.01644503325227,115.6063,-6.399999999999977,2468,25.1604,25160.4,143.0,74.0,,20,2019-03-08 23:12:28,Australia/Melbourne
2019-03-09 10:12:33+11:00,36753,-38.26353751122952,145.01669514924288,115.64096,-5.800000000000012,2471,25.254,25254.0,142.0,82.0,,20,2019-03-08 23:12:33,Australia/Melbourne
2019-03-09 10:12:39+11:00,36759,-38.26324498280883,145.0169791281223,115.68186000000001,-5.399999999999976,2473,24.2424,24242.4,144.0,75.0,,20,2019-03-08 23:12:39,Australia/Melbourne
2019-03-09 10:12:40+11:00,36760,-38.263202318921685,145.01702656969428,115.68816,-5.0,2475,23.4828,23482.8,145.0,76.0,,20,2019-03-08 23:12:40,Australia/Melbourne
2019-03-09 10:12:45+11:00,36765,-38.26298413798214,145.0172454211861,115.71906000000001,-4.199999999999989,2479,21.5352,21535.2,148.0,70.0,,20,2019-03-08 23:12:45,Australia/Melbourne
2019-03-09 10:12:47+11:00,36767,-38.2629029173404,145.01732714474198,115.73056000000001,-3.3999999999999773,2483,20.4156,20415.6,151.0,68.0,,20,2019-03-08 23:12:47,Australia/Melbourne
2019-03-09 10:12:48+11:00,36768,-38.26286394149065,145.01736310310665,115.73592,-3.0,2485,19.6056,19605.6,151.0,66.0,,20,2019-03-08 23:12:48,Australia/Melbourne
2019-03-09 10:12:51+11:00,36771,-38.2627610117197,145.01747148111463,115.75076000000001,-2.0,2490,17.658,17658.0,154.0,60.0,,20,2019-03-08 23:12:51,Australia/Melbourne
2019-03-09 10:12:52+11:00,36772,-38.262728406116366,145.01750274561346,115.7553,-1.3999999999999773,2493,17.0388,17038.8,154.0,58.0,,20,2019-03-08 23:12:52,Australia/Melbourne
2019-03-09 10:12:54+11:00,36774,-38.262661434710026,145.01756544224918,115.76454,-0.3999999999999773,2498,16.6968,16696.8,155.0,55.0,,20,2019-03-08 23:12:54,Australia/Melbourne
2019-03-09 10:12:59+11:00,36779,-38.262503938749425,145.01772427931428,115.78692,0.8000000000000114,2504,15.5556,15555.6,155.0,52.0,,20,2019-03-08 23:12:59,Australia/Melbourne
2019-03-09 10:13:03+11:00,36783,-38.26237385161221,145.01785503700376,115.80533999999999,2.0,2510,17.2836,17283.600000000002,155.0,56.0,,20,2019-03-08 23:13:03,Australia/Melbourne
2019-03-09 10:13:07+11:00,36787,-38.26224049553275,145.01799979247153,115.82481999999999,3.0,2515,17.6796,17679.600000000002,157.0,57.0,,20,2019-03-08 23:13:07,Australia/Melbourne
2019-03-09 10:13:11+11:00,36791,-38.26210563071072,145.01814010553062,115.8442,4.199999999999989,2521,16.8588,16858.8,160.0,55.0,,20,2019-03-08 23:13:11,Australia/Melbourne
2019-03-09 10:13:15+11:00,36795,-38.26197462156415,145.01826818101108,115.86256000000002,5.399999999999976,2527,16.6104,16610.4,162.0,43.0,,20,2019-03-08 23:13:15,Australia/Melbourne
2019-03-09 10:13:16+11:00,36796,-38.26194553636015,145.01830330118537,115.86702,5.800000000000012,2529,16.5528,16552.8,163.0,52.0,,20,2019-03-08 23:13:16,Australia/Melbourne
2019-03-09 10:13:17+11:00,36797,-38.261911422014244,145.01833657734096,115.8718,6.0,2530,16.718400000000006,16718.4,164.0,54.0,,20,2019-03-08 23:13:17,Australia/Melbourne
2019-03-09 10:13:22+11:00,36802,-38.26174571178853,145.01849960535762,115.89512,6.800000000000012,2534,15.7284,15728.4,165.0,53.0,,20,2019-03-08 23:13:22,Australia/Melbourne
2019-03-09 10:13:28+11:00,36808,-38.26156600378454,145.01871870830655,115.9228,7.800000000000012,2539,17.6436,17643.600000000002,165.0,57.0,,20,2019-03-08 23:13:28,Australia/Melbourne
2019-03-09 10:13:36+11:00,36816,-38.261274481192224,145.0190682336688,115.9673,8.800000000000011,2544,21.0852,21085.2,165.0,67.0,,20,2019-03-08 23:13:36,Australia/Melbourne
2019-03-09 10:13:37+11:00,36817,-38.261234164237976,145.019111149013,115.97316,9.0,2545,21.2832,21283.2,165.0,68.0,,20,2019-03-08 23:13:37,Australia/Melbourne
2019-03-09 10:13:40+11:00,36820,-38.261116985231645,145.019248444587,115.99088,9.0,2545,21.5388,21538.8,164.0,69.0,,20,2019-03-08 23:13:40,Australia/Melbourne
2019-03-09 10:13:43+11:00,36823,-38.26100148260594,145.0193970557302,116.00913999999999,9.399999999999975,2547,21.7368,21736.8,164.0,69.0,,20,2019-03-08 23:13:43,Australia/Melbourne
2019-03-09 10:13:51+11:00,36831,-38.26067836023867,145.019814055413,116.0603,8.800000000000011,2544,24.03,24030.0,162.0,76.0,,20,2019-03-08 23:13:51,Australia/Melbourne
2019-03-09 10:13:59+11:00,36839,-38.26034635305405,145.02025368623438,116.1136,8.600000000000023,2543,24.138,24138.0,161.0,77.0,,20,2019-03-08 23:13:59,Australia/Melbourne
2019-03-09 10:14:04+11:00,36844,-38.26012574136257,145.02052106894553,116.14746,9.399999999999975,2547,24.66,24660.0,158.0,78.0,,20,2019-03-08 23:14:04,Australia/Melbourne
2019-03-09 10:14:06+11:00,36846,-38.260037563741214,145.02063665539023,116.16152,9.399999999999975,2547,25.1748,25174.8,158.0,81.0,,20,2019-03-08 23:14:06,Australia/Melbourne
2019-03-09 10:14:12+11:00,36852,-38.259765906259425,145.02096019685268,116.20292,9.399999999999975,2547,25.02,25020.0,155.0,81.0,,20,2019-03-08 23:14:12,Australia/Melbourne
2019-03-09 10:14:13+11:00,36853,-38.25971980579197,145.021013924852,116.20988,9.199999999999989,2546,25.1136,25113.6,155.0,81.0,,20,2019-03-08 23:14:13,Australia/Melbourne
2019-03-09 10:14:20+11:00,36860,-38.25941638089717,145.0213958043605,116.25733999999999,10.199999999999989,2551,23.2092,23209.2,153.0,76.0,,20,2019-03-08 23:14:20,Australia/Melbourne
2019-03-09 10:14:26+11:00,36866,-38.25919124297798,145.02166528254747,116.2917,11.199999999999989,2556,19.7532,19753.2,152.0,65.0,,20,2019-03-08 23:14:26,Australia/Melbourne
2019-03-09 10:14:27+11:00,36867,-38.2591590564698,145.02171590924263,116.29738,11.800000000000011,2559,20.1996,20199.6,151.0,65.0,,20,2019-03-08 23:14:27,Australia/Melbourne
2019-03-09 10:14:29+11:00,36869,-38.25908906757832,145.0218060147017,116.30843999999999,12.399999999999974,2562,19.71,19710.0,151.0,64.0,,20,2019-03-08 23:14:29,Australia/Melbourne
2019-03-09 10:14:31+11:00,36871,-38.2590224314481,145.02189804799858,116.31938,13.600000000000026,2568,19.6812,19681.2,153.0,64.0,,20,2019-03-08 23:14:31,Australia/Melbourne
2019-03-09 10:14:32+11:00,36872,-38.25898555107415,145.021938867867,116.3248,13.600000000000026,2568,19.637999999999998,19638.0,153.0,63.0,,20,2019-03-08 23:14:32,Australia/Melbourne
2019-03-09 10:14:34+11:00,36874,-38.25891899876297,145.02202386036515,116.33528000000001,14.200000000000045,2571,18.918,18918.0,154.0,62.0,,20,2019-03-08 23:14:34,Australia/Melbourne
2019-03-09 10:14:36+11:00,36876,-38.25885378755629,145.02210726030168,116.34556,14.399999999999974,2572,18.288,18288.0,157.0,61.0,,20,2019-03-08 23:14:36,Australia/Melbourne
2019-03-09 10:14:37+11:00,36877,-38.25881950557232,145.02214833162725,116.3508,14.799999999999955,2574,18.4428,18442.8,157.0,60.0,,20,2019-03-08 23:14:37,Australia/Melbourne
2019-03-09 10:14:42+11:00,36882,-38.2586410548538,145.02236366271973,116.37813999999999,15.200000000000045,2576,19.7424,19742.4,160.0,63.0,,20,2019-03-08 23:14:42,Australia/Melbourne
2019-03-09 10:14:44+11:00,36884,-38.25857282616197,145.02244379371402,116.38846,16.0,2580,19.3644,19364.4,160.0,62.0,,20,2019-03-08 23:14:44,Australia/Melbourne
2019-03-09 10:14:52+11:00,36892,-38.2582837343216,145.02279801294208,116.43308,17.0,2585,20.6748,20674.8,161.0,66.0,,20,2019-03-08 23:14:52,Australia/Melbourne
2019-03-09 10:15:01+11:00,36901,-38.257939405739315,145.02322079613805,116.48628000000001,16.799999999999955,2584,22.8816,22881.6,159.0,73.0,,20,2019-03-08 23:15:01,Australia/Melbourne
2019-03-09 10:15:08+11:00,36908,-38.257611589506276,145.02361088991162,116.5362,15.600000000000026,2578,27.396,27396.0,157.0,89.0,,20,2019-03-08 23:15:08,Australia/Melbourne
2019-03-09 10:15:10+11:00,36910,-38.25750882737338,145.02373142167926,116.55171999999999,15.0,2575,28.4328,28432.8,155.0,91.0,,20,2019-03-08 23:15:10,Australia/Melbourne
2019-03-09 10:15:14+11:00,36914,-38.25729014351964,145.02399721182886,116.58533999999999,14.0,2570,31.0428,31042.8,152.0,92.0,,20,2019-03-08 23:15:14,Australia/Melbourne
2019-03-09 10:15:16+11:00,36916,-38.25716919265688,145.02412972971797,116.60308,14.200000000000045,2571,31.7988,31798.8,150.0,93.0,,20,2019-03-08 23:15:16,Australia/Melbourne
2019-03-09 10:15:20+11:00,36920,-38.25690357014537,145.0243611540645,116.6389,12.0,2560,31.0608,31060.8,149.0,82.0,,20,2019-03-08 23:15:20,Australia/Melbourne
2019-03-09 10:15:21+11:00,36921,-38.25683877803385,145.02440876327455,116.6472,11.600000000000026,2558,30.384,30384.0,147.0,0.0,,20,2019-03-08 23:15:21,Australia/Melbourne
2019-03-09 10:15:27+11:00,36927,-38.25645698234439,145.02465276047587,116.6947,12.0,2560,27.0072,27007.2,148.0,81.0,,20,2019-03-08 23:15:27,Australia/Melbourne
2019-03-09 10:15:31+11:00,36931,-38.2562249712646,145.02478251233697,116.72284,13.200000000000045,2566,24.6708,24670.8,148.0,72.0,,20,2019-03-08 23:15:31,Australia/Melbourne
2019-03-09 10:15:35+11:00,36935,-38.256004275754094,145.02491720952094,116.75006,13.799999999999955,2569,25.1064,25106.4,148.0,72.0,,20,2019-03-08 23:15:35,Australia/Melbourne
2019-03-09 10:15:41+11:00,36941,-38.255677968263626,145.02510680817068,116.78988,14.600000000000026,2573,23.598000000000003,23598.0,149.0,69.0,,20,2019-03-08 23:15:41,Australia/Melbourne
2019-03-09 10:15:43+11:00,36943,-38.25557260774076,145.02516732551157,116.80272,15.399999999999974,2577,23.5692,23569.2,149.0,68.0,,20,2019-03-08 23:15:43,Australia/Melbourne
2019-03-09 10:15:44+11:00,36944,-38.255519298836596,145.0251971650869,116.80918,15.600000000000026,2578,23.2776,23277.6,150.0,69.0,,20,2019-03-08 23:15:44,Australia/Melbourne
2019-03-09 10:15:53+11:00,36953,-38.25504630804062,145.02547376789155,116.867,16.0,2580,22.7016,22701.6,151.0,66.0,,20,2019-03-08 23:15:53,Australia/Melbourne
2019-03-09 10:15:57+11:00,36957,-38.25484765693545,145.0255917850882,116.89136,16.600000000000026,2583,21.96,21960.0,151.0,64.0,,20,2019-03-08 23:15:57,Australia/Melbourne
2019-03-09 10:15:59+11:00,36959,-38.25474900193512,145.02565716393292,116.90371999999999,17.200000000000045,2586,21.9888,21988.8,152.0,64.0,,20,2019-03-08 23:15:59,Australia/Melbourne
2019-03-09 10:16:02+11:00,36962,-38.254600809887044,145.02573897130787,116.92166,17.79999999999995,2589,21.4128,21412.8,152.0,62.0,,20,2019-03-08 23:16:02,Australia/Melbourne
2019-03-09 10:16:06+11:00,36966,-38.2544169947505,145.02583125606182,116.9436,18.79999999999995,2594,19.3032,19303.2,152.0,57.0,,20,2019-03-08 23:16:06,Australia/Melbourne
2019-03-09 10:16:10+11:00,36970,-38.25424332171679,145.0259327609092,116.96484,19.79999999999995,2599,19.35,19350.0,153.0,55.0,,20,2019-03-08 23:16:10,Australia/Melbourne
2019-03-09 10:16:14+11:00,36974,-38.254056572914116,145.02603912726045,116.98758,20.20000000000005,2601,20.7144,20714.4,153.0,60.0,,20,2019-03-08 23:16:14,Australia/Melbourne
2019-03-09 10:16:19+11:00,36979,-38.253821209073074,145.02617885358632,117.01646,21.0,2605,20.9412,20941.2,157.0,46.0,,20,2019-03-08 23:16:19,Australia/Melbourne
2019-03-09 10:16:22+11:00,36982,-38.25367536395788,145.02628488466144,117.0351,21.20000000000005,2606,22.2156,22215.6,159.0,64.0,,20,2019-03-08 23:16:22,Australia/Melbourne
2019-03-09 10:16:28+11:00,36988,-38.25337294489145,145.0265014730394,117.0737,22.0,2610,23.7996,23799.6,161.0,68.0,,20,2019-03-08 23:16:28,Australia/Melbourne
2019-03-09 10:16:30+11:00,36990,-38.25326783582568,145.02657137811184,117.08688,22.0,2610,23.824800000000003,23824.8,160.0,69.0,,20,2019-03-08 23:16:30,Australia/Melbourne
2019-03-09 10:16:37+11:00,36997,-38.252898193895824,145.0268173031509,117.13323999999999,22.0,2610,23.0796,23079.6,160.0,68.0,,20,2019-03-08 23:16:37,Australia/Melbourne
2019-03-09 10:16:44+11:00,37004,-38.25249921530485,145.0270809140056,117.18318000000001,21.20000000000005,2606,27.5148,27514.8,158.0,79.0,,20,2019-03-08 23:16:44,Australia/Melbourne
2019-03-09 10:16:46+11:00,37006,-38.25237105600536,145.02716314047575,117.19912,20.79999999999995,2604,28.2816,28281.6,157.0,83.0,,20,2019-03-08 23:16:46,Australia/Melbourne
2019-03-09 10:16:50+11:00,37010,-38.25211515650153,145.02733153291047,117.23112,19.600000000000023,2598,28.9404,28940.4,156.0,84.0,,20,2019-03-08 23:16:50,Australia/Melbourne
2019-03-09 10:16:53+11:00,37013,-38.2519250549376,145.02745927311483,117.25502,20.20000000000005,2601,28.2168,28216.8,154.0,82.0,,20,2019-03-08 23:16:53,Australia/Melbourne
2019-03-09 10:16:56+11:00,37016,-38.25173973105848,145.02758491784334,117.27833999999999,20.79999999999995,2604,27.3564,27356.4,152.0,79.0,,20,2019-03-08 23:16:56,Australia/Melbourne
2019-03-09 10:17:01+11:00,37021,-38.25143655762077,145.02776068635285,117.31538,20.600000000000023,2603,26.9712,26971.2,150.0,79.0,,20,2019-03-08 23:17:01,Australia/Melbourne
2019-03-09 10:17:10+11:00,37030,-38.25088209472597,145.02804047428071,117.38162,21.20000000000005,2606,26.2476,26247.6,150.0,76.0,,20,2019-03-08 23:17:10,Australia/Melbourne
2019-03-09 10:17:11+11:00,37031,-38.25082032009959,145.02806721255183,117.38886000000001,21.20000000000005,2606,26.582400000000003,26582.4,150.0,77.0,,20,2019-03-08 23:17:11,Australia/Melbourne
2019-03-09 10:17:16+11:00,37036,-38.25051060877741,145.02820341847837,117.42526000000001,21.600000000000023,2608,26.928,26928.0,150.0,85.0,,20,2019-03-08 23:17:16,Australia/Melbourne
2019-03-09 10:17:17+11:00,37037,-38.25044598430395,145.02822881564498,117.43278000000001,21.79999999999995,2609,26.7768,26776.8,150.0,85.0,,20,2019-03-08 23:17:17,Australia/Melbourne
2019-03-09 10:17:19+11:00,37039,-38.250318663194776,145.02829201519492,117.44796,21.79999999999995,2609,27.162,27162.0,149.0,87.0,,20,2019-03-08 23:17:19,Australia/Melbourne
2019-03-09 10:17:28+11:00,37048,-38.24975011870265,145.02853743731976,117.51463999999999,21.0,2605,26.7012,26701.2,148.0,86.0,,20,2019-03-08 23:17:28,Australia/Melbourne
2019-03-09 10:17:37+11:00,37057,-38.249185094609864,145.02872804179788,117.57954,23.0,2615,25.344,25344.0,150.0,82.0,,20,2019-03-08 23:17:37,Australia/Melbourne
2019-03-09 10:17:46+11:00,37066,-38.24864136055112,145.02890364266932,117.64183999999999,23.20000000000005,2616,24.0516,24051.6,150.0,78.0,,20,2019-03-08 23:17:46,Australia/Melbourne
2019-03-09 10:17:48+11:00,37068,-38.248523510992534,145.02894144505262,117.65534,24.0,2620,23.958,23958.0,149.0,78.0,,20,2019-03-08 23:17:48,Australia/Melbourne
2019-03-09 10:17:49+11:00,37069,-38.24846416711807,145.02896022051573,117.66212,24.0,2620,23.8716,23871.6,149.0,77.0,,20,2019-03-08 23:17:49,Australia/Melbourne
2019-03-09 10:17:55+11:00,37075,-38.24810391291976,145.0290767289698,117.70342,24.79999999999995,2624,25.3764,25376.4,149.0,74.0,,20,2019-03-08 23:17:55,Australia/Melbourne
2019-03-09 10:18:02+11:00,37082,-38.24765497818589,145.0291945785284,117.75428000000001,23.79999999999995,2619,26.3664,26366.4,149.0,77.0,,20,2019-03-08 23:18:02,Australia/Melbourne
2019-03-09 10:18:09+11:00,37089,-38.247207049280405,145.0293108355254,117.80504,23.20000000000005,2616,26.3664,26366.4,147.0,77.0,,20,2019-03-08 23:18:09,Australia/Melbourne
2019-03-09 10:18:16+11:00,37096,-38.246749565005295,145.02942566759884,117.8568,23.600000000000023,2618,26.982,26982.0,145.0,79.0,,20,2019-03-08 23:18:16,Australia/Melbourne
2019-03-09 10:18:23+11:00,37103,-38.24627296999097,145.02954033203426,117.91063999999999,23.79999999999995,2619,28.4328,28432.8,145.0,82.0,,20,2019-03-08 23:18:23,Australia/Melbourne
2019-03-09 10:18:27+11:00,37107,-38.24599175713957,145.02960353158412,117.94236000000001,23.600000000000023,2618,28.5336,28533.6,148.0,84.0,,20,2019-03-08 23:18:27,Australia/Melbourne
2019-03-09 10:18:30+11:00,37110,-38.24578061699867,145.02963789738718,117.96598,23.399999999999977,2617,27.9612,27961.2,147.0,70.0,,20,2019-03-08 23:18:30,Australia/Melbourne
2019-03-09 10:18:31+11:00,37111,-38.245712472125895,145.02965105697513,117.97363999999999,22.79999999999995,2614,27.7812,27781.2,147.0,70.0,,20,2019-03-08 23:18:31,Australia/Melbourne
2019-03-09 10:18:36+11:00,37116,-38.245363952592015,145.02969757653773,118.01254,22.600000000000023,2613,28.6056,28605.6,147.0,83.0,,20,2019-03-08 23:18:36,Australia/Melbourne
2019-03-09 10:18:43+11:00,37123,-38.244863972067826,145.0297680683434,118.06838,21.600000000000023,2608,28.8288,28828.8,147.0,87.0,,20,2019-03-08 23:18:43,Australia/Melbourne
2019-03-09 10:18:44+11:00,37124,-38.244793396443136,145.02977577969432,118.07626,21.399999999999977,2607,28.1268,28126.8,147.0,87.0,,20,2019-03-08 23:18:44,Australia/Melbourne
2019-03-09 10:18:52+11:00,37132,-38.24422971345484,145.02983587794006,118.13904,22.0,2610,29.0988,29098.8,146.0,84.0,,20,2019-03-08 23:18:52,Australia/Melbourne
2019-03-09 10:18:59+11:00,37139,-38.24370961636305,145.02984484657645,118.1968,20.79999999999995,2604,28.5912,28591.2,147.0,71.0,,20,2019-03-08 23:18:59,Australia/Melbourne
2019-03-09 10:19:05+11:00,37145,-38.243269314989455,145.0298597663641,118.24574,20.79999999999995,2604,29.4228,29422.8,145.0,85.0,,20,2019-03-08 23:19:05,Australia/Melbourne
2019-03-09 10:19:06+11:00,37146,-38.243195302784436,145.02986068837342,118.25393999999999,20.399999999999977,2602,29.0304,29030.4,144.0,69.0,,20,2019-03-08 23:19:06,Australia/Melbourne
2019-03-09 10:19:11+11:00,37151,-38.242840161547065,145.0298729259521,118.29342,20.399999999999977,2602,28.5012,28501.2,142.0,0.0,,20,2019-03-08 23:19:11,Australia/Melbourne
2019-03-09 10:19:17+11:00,37157,-38.242401536554105,145.02984467893842,118.3422,19.20000000000005,2596,30.384,30384.0,141.0,71.0,,20,2019-03-08 23:19:17,Australia/Melbourne
2019-03-09 10:19:23+11:00,37163,-38.241937598213546,145.0297943875194,118.3939,18.0,2590,31.824,31824.0,139.0,0.0,,20,2019-03-08 23:19:23,Australia/Melbourne
2019-03-09 10:19:25+11:00,37165,-38.241773899644606,145.02977619878945,118.41214,17.200000000000045,2586,32.9652,32965.200000000004,136.0,0.0,,20,2019-03-08 23:19:25,Australia/Melbourne
2019-03-09 10:19:27+11:00,37167,-38.24160408228636,145.0297615304589,118.43104,16.600000000000026,2583,33.8364,33836.4,133.0,0.0,,20,2019-03-08 23:19:27,Australia/Melbourne
2019-03-09 10:19:31+11:00,37171,-38.24126117862761,145.02972909249362,118.4692,15.600000000000026,2578,34.8048,34804.8,132.0,0.0,,20,2019-03-08 23:19:31,Australia/Melbourne
2019-03-09 10:19:33+11:00,37173,-38.24108390137553,145.02970738336444,118.48898,15.0,2575,35.4744,35474.4,132.0,0.0,,20,2019-03-08 23:19:33,Australia/Melbourne
2019-03-09 10:19:35+11:00,37175,-38.24090335518122,145.0296845845878,118.50912,14.399999999999974,2572,36.1116,36111.6,131.0,0.0,,20,2019-03-08 23:19:35,Australia/Melbourne
2019-03-09 10:19:38+11:00,37178,-38.240628764033325,145.02965642139316,118.5397,13.200000000000045,2566,36.4536,36453.6,127.0,0.0,,20,2019-03-08 23:19:38,Australia/Melbourne
2019-03-09 10:19:40+11:00,37180,-38.240450816228986,145.02963722683492,118.55951999999999,12.399999999999974,2562,36.0324,36032.4,122.0,0.0,,20,2019-03-08 23:19:40,Australia/Melbourne
2019-03-09 10:19:41+11:00,37181,-38.24036305770278,145.02963127568364,118.56928,12.0,2560,35.6796,35679.6,122.0,0.0,,20,2019-03-08 23:19:41,Australia/Melbourne
2019-03-09 10:19:42+11:00,37182,-38.240275550633676,145.02962440252304,118.579,11.800000000000011,2559,35.1756,35175.6,121.0,0.0,,20,2019-03-08 23:19:42,Australia/Melbourne
2019-03-09 10:19:47+11:00,37187,-38.23984631337226,145.02957545220855,118.62686000000001,10.800000000000011,2554,35.013600000000004,35013.6,124.0,101.0,,20,2019-03-08 23:19:47,Australia/Melbourne
2019-03-09 10:19:48+11:00,37188,-38.239757800474756,145.0295643042773,118.63673999999999,10.399999999999975,2552,35.118,35118.0,126.0,103.0,,20,2019-03-08 23:19:48,Australia/Melbourne
2019-03-09 10:19:51+11:00,37191,-38.239500308409326,145.02953329123557,118.66546,9.800000000000011,2549,33.8796,33879.6,129.0,99.0,,20,2019-03-08 23:19:51,Australia/Melbourne
2019-03-09 10:19:54+11:00,37194,-38.239242900162935,145.02950563095507,118.69413999999999,10.399999999999975,2552,34.6896,34689.6,127.0,91.0,,20,2019-03-08 23:19:54,Australia/Melbourne
2019-03-09 10:19:55+11:00,37195,-38.23915396817029,145.02949364483356,118.70406000000001,10.399999999999975,2552,35.2152,35215.200000000004,124.0,91.0,,20,2019-03-08 23:19:55,Australia/Melbourne
2019-03-09 10:19:59+11:00,37199,-38.23880192823707,145.0294332951307,118.74351999999999,8.600000000000023,2543,34.9092,34909.200000000004,126.0,87.0,,20,2019-03-08 23:19:59,Australia/Melbourne
2019-03-09 10:20:02+11:00,37202,-38.23854527436197,145.02938551828262,118.77233999999999,9.800000000000011,2549,34.833600000000004,34833.6,126.0,92.0,,20,2019-03-08 23:20:02,Australia/Melbourne
2019-03-09 10:20:05+11:00,37205,-38.238282920792706,145.02931301482022,118.80214,8.399999999999977,2542,35.8992,35899.200000000004,128.0,92.0,,20,2019-03-08 23:20:05,Australia/Melbourne
2019-03-09 10:20:08+11:00,37208,-38.238027105107896,145.02922106534245,118.83166000000001,9.399999999999975,2547,35.19719999999999,35197.200000000004,130.0,85.0,,20,2019-03-08 23:20:08,Australia/Melbourne
2019-03-09 10:20:11+11:00,37211,-38.23777447454631,145.0291001982987,118.86164,9.0,2545,36.4572,36457.2,131.0,93.0,,20,2019-03-08 23:20:11,Australia/Melbourne
2019-03-09 10:20:14+11:00,37214,-38.23753768578172,145.02896424382925,118.8905,8.199999999999989,2541,34.8192,34819.200000000004,133.0,90.0,,20,2019-03-08 23:20:14,Australia/Melbourne
2019-03-09 10:20:17+11:00,37217,-38.23730852454901,145.02882669679818,118.91864,8.0,2540,33.3108,33310.8,134.0,86.0,,20,2019-03-08 23:20:17,Australia/Melbourne
2019-03-09 10:20:21+11:00,37221,-38.2370085362345,145.0286645907909,118.95484,8.199999999999989,2541,32.2416,32241.6,137.0,83.0,,20,2019-03-08 23:20:21,Australia/Melbourne
2019-03-09 10:20:24+11:00,37224,-38.23678951710463,145.02855361439288,118.98106000000001,8.399999999999977,2542,31.9284,31928.4,139.0,83.0,,20,2019-03-08 23:20:24,Australia/Melbourne
2019-03-09 10:20:27+11:00,37227,-38.2365611102432,145.0284596532583,119.00771999999999,7.0,2535,31.86,31860.0,139.0,82.0,,20,2019-03-08 23:20:27,Australia/Melbourne
2019-03-09 10:20:30+11:00,37230,-38.236329769715674,145.02837885171175,119.03436,7.199999999999988,2536,32.1084,32108.4,140.0,83.0,,20,2019-03-08 23:20:30,Australia/Melbourne
2019-03-09 10:20:36+11:00,37236,-38.23585812002421,145.02823753282428,119.08816000000002,7.0,2535,33.0264,33026.4,138.0,86.0,,20,2019-03-08 23:20:36,Australia/Melbourne
2019-03-09 10:20:39+11:00,37239,-38.23561454191804,145.0281667895615,119.1159,5.800000000000012,2529,32.961600000000004,32961.6,136.0,85.0,,20,2019-03-08 23:20:39,Australia/Melbourne
2019-03-09 10:20:44+11:00,37244,-38.235216150060296,145.02804391086104,119.16142,7.0,2535,32.525999999999996,32526.0,135.0,85.0,,20,2019-03-08 23:20:44,Australia/Melbourne
2019-03-09 10:20:45+11:00,37245,-38.23513777926564,145.02802169881758,119.17034,7.199999999999988,2536,32.8428,32842.8,135.0,83.0,,20,2019-03-08 23:20:45,Australia/Melbourne
2019-03-09 10:20:51+11:00,37251,-38.2346595916897,145.02787082456052,119.22504,6.399999999999977,2532,32.947199999999995,32947.200000000004,138.0,86.0,,20,2019-03-08 23:20:51,Australia/Melbourne
2019-03-09 10:20:54+11:00,37254,-38.2344182766974,145.02779765054584,119.25258000000001,6.399999999999977,2532,32.8428,32842.8,139.0,85.0,,20,2019-03-08 23:20:54,Australia/Melbourne
2019-03-09 10:20:58+11:00,37258,-38.23410697281361,145.02769622951746,119.28826000000001,6.0,2530,32.940000000000005,32940.0,138.0,85.0,,20,2019-03-08 23:20:58,Australia/Melbourne
2019-03-09 10:21:03+11:00,37263,-38.23371319100261,145.0275526475161,119.33373999999999,5.399999999999976,2527,32.0688,32068.8,138.0,83.0,,20,2019-03-08 23:21:03,Australia/Melbourne
2019-03-09 10:21:11+11:00,37271,-38.23313123546541,145.02735332585868,119.40066000000002,6.0,2530,29.2968,29296.8,138.0,77.0,,20,2019-03-08 23:21:11,Australia/Melbourne
2019-03-09 10:21:12+11:00,37272,-38.233062336221344,145.0273270905018,119.40863999999999,5.800000000000012,2529,28.9296,28929.6,138.0,75.0,,20,2019-03-08 23:21:12,Australia/Melbourne
2019-03-09 10:21:16+11:00,37276,-38.23278732597828,145.02722541801631,119.44044,7.199999999999988,2536,28.1844,28184.4,139.0,83.0,,20,2019-03-08 23:21:16,Australia/Melbourne
2019-03-09 10:21:21+11:00,37281,-38.2324528042227,145.0271111726761,119.4789,7.600000000000023,2538,27.9216,27921.6,141.0,77.0,,20,2019-03-08 23:21:21,Australia/Melbourne
2019-03-09 10:21:29+11:00,37289,-38.231921559199684,145.02691905945542,119.54024,8.0,2540,27.7704,27770.4,141.0,80.0,,20,2019-03-08 23:21:29,Australia/Melbourne
2019-03-09 10:21:30+11:00,37290,-38.23185492306948,145.02689550630745,119.54791999999999,8.0,2540,27.7704,27770.4,141.0,80.0,,20,2019-03-08 23:21:30,Australia/Melbourne
2019-03-09 10:21:31+11:00,37291,-38.231788203120225,145.02687522210184,119.55552,8.199999999999989,2541,27.6552,27655.2,141.0,82.0,,20,2019-03-08 23:21:31,Australia/Melbourne
2019-03-09 10:21:38+11:00,37298,-38.231322588399046,145.02671252936125,119.60914,7.800000000000012,2539,27.8424,27842.4,139.0,79.0,,20,2019-03-08 23:21:38,Australia/Melbourne
2019-03-09 10:21:43+11:00,37303,-38.23097792454064,145.02659509889781,119.64878,7.199999999999988,2536,29.1708,29170.8,141.0,85.0,,20,2019-03-08 23:21:43,Australia/Melbourne
2019-03-09 10:21:47+11:00,37307,-38.23069486767053,145.02648630179462,119.6816,7.199999999999988,2536,29.304,29304.0,141.0,83.0,,20,2019-03-08 23:21:47,Australia/Melbourne
2019-03-09 10:21:51+11:00,37311,-38.230416001752026,145.02639141865075,119.71366,6.0,2530,28.990800000000004,28990.8,141.0,47.0,,20,2019-03-08 23:21:51,Australia/Melbourne
2019-03-09 10:21:54+11:00,37314,-38.23020938783885,145.0263144727796,119.73756000000002,6.600000000000023,2533,29.0412,29041.2,142.0,83.0,,20,2019-03-08 23:21:54,Australia/Melbourne
2019-03-09 10:22:01+11:00,37321,-38.229706976562746,145.02618505619463,119.79462,5.800000000000012,2529,29.9916,29991.6,145.0,21.0,,20,2019-03-08 23:22:01,Australia/Melbourne
2019-03-09 10:22:04+11:00,37324,-38.22947706095874,145.02620458602902,119.82026,5.199999999999988,2526,30.8376,30837.6,144.0,92.0,,20,2019-03-08 23:22:04,Australia/Melbourne
2019-03-09 10:22:05+11:00,37325,-38.2294018752873,145.0262226909399,119.82876,4.600000000000024,2523,30.6792,30679.2,144.0,92.0,,20,2019-03-08 23:22:05,Australia/Melbourne
2019-03-09 10:22:06+11:00,37326,-38.22932568378747,145.02624481916428,119.83742,4.399999999999976,2522,31.021200000000004,31021.2,143.0,0.0,,20,2019-03-08 23:22:06,Australia/Melbourne
2019-03-09 10:22:10+11:00,37330,-38.2290268689394,145.0263849645853,119.87281999999999,3.1999999999999886,2516,31.910400000000006,31910.4,142.0,96.0,,20,2019-03-08 23:22:10,Australia/Melbourne
2019-03-09 10:22:11+11:00,37331,-38.22895344346762,145.02642578445375,119.88174,2.6000000000000227,2513,32.421600000000005,32421.6,141.0,92.0,,20,2019-03-08 23:22:11,Australia/Melbourne
2019-03-09 10:22:12+11:00,37332,-38.228878006339066,145.02646702341738,119.89084,2.0,2510,32.9724,32972.4,141.0,97.0,,20,2019-03-08 23:22:12,Australia/Melbourne
2019-03-09 10:22:16+11:00,37336,-38.22856955230236,145.02664849162105,119.9286,0.8000000000000114,2504,34.164,34164.0,139.0,86.0,,20,2019-03-08 23:22:16,Australia/Melbourne
2019-03-09 10:22:19+11:00,37339,-38.22833812795579,145.02677832730112,119.9567,0.19999999999998866,2501,33.4188,33418.8,135.0,0.0,,20,2019-03-08 23:22:19,Australia/Melbourne
2019-03-09 10:22:21+11:00,37341,-38.22818633168936,145.02685787156224,119.97493999999999,-0.3999999999999773,2498,32.9076,32907.6,131.0,0.0,,20,2019-03-08 23:22:21,Australia/Melbourne
2019-03-09 10:22:23+11:00,37343,-38.22803520597517,145.02693900838494,119.99316,-1.0,2495,33.1416,33141.6,128.0,0.0,,20,2019-03-08 23:22:23,Australia/Melbourne
2019-03-09 10:22:25+11:00,37345,-38.22788307443261,145.02702333033085,120.01158000000001,-1.1999999999999886,2494,33.372,33372.0,128.0,0.0,,20,2019-03-08 23:22:25,Australia/Melbourne
2019-03-09 10:22:27+11:00,37347,-38.22772390209138,145.02710907720032,120.03078000000001,-1.6000000000000227,2492,34.275600000000004,34275.6,130.0,101.0,,20,2019-03-08 23:22:27,Australia/Melbourne
2019-03-09 10:22:29+11:00,37349,-38.22756892070174,145.02721083350482,120.05013999999998,-3.0,2485,34.6824,34682.4,131.0,91.0,,20,2019-03-08 23:22:29,Australia/Melbourne
2019-03-09 10:22:31+11:00,37351,-38.227427517995245,145.02733622677627,120.06934,-3.8000000000000114,2481,34.542,34542.0,131.0,93.0,,20,2019-03-08 23:22:31,Australia/Melbourne
2019-03-09 10:22:35+11:00,37355,-38.227175809443004,145.02764736302197,120.10848,-4.199999999999989,2479,35.478,35478.0,128.0,94.0,,20,2019-03-08 23:22:35,Australia/Melbourne
2019-03-09 10:22:36+11:00,37356,-38.22712518274785,145.0277423299849,120.11851999999999,-4.800000000000012,2476,35.5572,35557.200000000004,127.0,93.0,,20,2019-03-08 23:22:36,Australia/Melbourne
2019-03-09 10:22:41+11:00,37361,-38.22690691798925,145.02826049923897,120.16998000000001,-5.800000000000012,2471,36.792,36792.0,129.0,97.0,,20,2019-03-08 23:22:41,Australia/Melbourne
2019-03-09 10:22:45+11:00,37365,-38.226750679314144,145.0286837015301,120.21092,-7.199999999999988,2464,37.0908,37090.8,128.0,72.0,,20,2019-03-08 23:22:45,Australia/Melbourne
2019-03-09 10:22:50+11:00,37370,-38.22655705735088,145.02919256687161,120.26038,-8.600000000000023,2457,34.7364,34736.4,130.0,90.0,,20,2019-03-08 23:22:50,Australia/Melbourne
2019-03-09 10:22:53+11:00,37373,-38.22642420418561,145.0294554233551,120.28776,-8.600000000000023,2457,31.7052,31705.2,134.0,82.0,,20,2019-03-08 23:22:53,Australia/Melbourne
2019-03-09 10:22:55+11:00,37375,-38.22632697410881,145.0295991729945,120.30434,-7.199999999999988,2464,29.2176,29217.6,135.0,54.0,,20,2019-03-08 23:22:55,Australia/Melbourne
2019-03-09 10:22:58+11:00,37378,-38.22617459110916,145.0297762826085,120.3273,-6.199999999999988,2469,26.524800000000006,26524.8,137.0,85.0,,20,2019-03-08 23:22:58,Australia/Melbourne
2019-03-09 10:23:00+11:00,37380,-38.22608096525072,145.0298772007227,120.34093999999999,-5.0,2475,23.6664,23666.4,137.0,78.0,,20,2019-03-08 23:23:00,Australia/Melbourne
2019-03-09 10:23:02+11:00,37382,-38.226000750437386,145.0299604330212,120.35243999999999,-4.0,2480,20.4588,20458.8,139.0,66.0,,20,2019-03-08 23:23:02,Australia/Melbourne
2019-03-09 10:23:05+11:00,37385,-38.225886588916175,145.03007425926623,120.36856,-3.0,2485,19.4256,19425.6,143.0,63.0,,20,2019-03-08 23:23:05,Australia/Melbourne
2019-03-09 10:23:09+11:00,37389,-38.22574719786644,145.03020937554535,120.38804,-2.0,2490,17.3808,17380.8,143.0,57.0,,20,2019-03-08 23:23:09,Australia/Melbourne
2019-03-09 10:23:11+11:00,37391,-38.22567754425109,145.03027693368497,120.39776,-1.6000000000000227,2492,17.1108,17110.8,146.0,56.0,,20,2019-03-08 23:23:11,Australia/Melbourne
2019-03-09 10:23:12+11:00,37392,-38.22564066387714,145.0303084496409,120.4027,-1.0,2495,17.46,17460.0,146.0,56.0,,20,2019-03-08 23:23:12,Australia/Melbourne
2019-03-09 10:23:14+11:00,37394,-38.225568160414696,145.03037424758077,120.4126,-0.6000000000000227,2497,17.298,17298.0,149.0,55.0,,20,2019-03-08 23:23:14,Australia/Melbourne
2019-03-09 10:23:15+11:00,37395,-38.22553865611553,145.03041489981115,120.41742,-0.8000000000000114,2496,17.46,17460.0,150.0,55.0,,20,2019-03-08 23:23:15,Australia/Melbourne
2019-03-09 10:23:18+11:00,37398,-38.22545022703707,145.03052185289562,120.43101999999999,0.19999999999998866,2501,16.7796,16779.600000000002,152.0,54.0,,20,2019-03-08 23:23:18,Australia/Melbourne
2019-03-09 10:23:19+11:00,37399,-38.22541854344309,145.03055982291696,120.43583999999998,1.1999999999999886,2506,17.2332,17233.2,153.0,54.0,,20,2019-03-08 23:23:19,Australia/Melbourne
2019-03-09 10:23:23+11:00,37403,-38.22527596727013,145.03071019425988,120.45643999999999,1.6000000000000227,2508,18.4968,18496.8,156.0,58.0,,20,2019-03-08 23:23:23,Australia/Melbourne
2019-03-09 10:23:25+11:00,37405,-38.225200027227395,145.03078931942582,120.46734,1.6000000000000227,2508,20.0016,20001.6,157.0,63.0,,20,2019-03-08 23:23:25,Australia/Melbourne
2019-03-09 10:23:33+11:00,37413,-38.224860141053796,145.03115586005148,120.51688,0.6000000000000227,2503,23.6448,23644.8,159.0,78.0,,20,2019-03-08 23:23:33,Australia/Melbourne
2019-03-09 10:23:40+11:00,37420,-38.224532241001725,145.03151938319206,120.56526000000001,1.1999999999999886,2506,24.4548,24454.8,159.0,79.0,,20,2019-03-08 23:23:40,Australia/Melbourne
2019-03-09 10:23:44+11:00,37424,-38.224361585453146,145.03170018084347,120.58993999999998,1.8000000000000114,2509,21.024,21024.0,156.0,70.0,,20,2019-03-08 23:23:44,Australia/Melbourne
2019-03-09 10:23:46+11:00,37426,-38.22428447194397,145.03177192993462,120.60056000000002,2.6000000000000227,2513,19.3896,19389.6,154.0,65.0,,20,2019-03-08 23:23:46,Australia/Melbourne
2019-03-09 10:23:47+11:00,37427,-38.2242491003126,145.03180931322274,120.60568,2.800000000000012,2514,18.7812,18781.2,154.0,63.0,,20,2019-03-08 23:23:47,Australia/Melbourne
2019-03-09 10:23:50+11:00,37430,-38.22414860129357,145.03190956078467,120.61988,3.8000000000000114,2519,16.2684,16268.4,154.0,55.0,,20,2019-03-08 23:23:50,Australia/Melbourne
2019-03-09 10:23:51+11:00,37431,-38.224119851365685,145.0319502130151,120.62466,4.0,2520,16.8012,16801.2,154.0,55.0,,20,2019-03-08 23:23:51,Australia/Melbourne
2019-03-09 10:23:53+11:00,37433,-38.224060507491224,145.03202129155397,120.63372,4.399999999999976,2522,17.316,17316.0,153.0,53.0,,20,2019-03-08 23:23:53,Australia/Melbourne
2019-03-09 10:23:56+11:00,37436,-38.22399102151394,145.03212304785848,120.64551999999999,4.800000000000012,2524,13.7448,13744.8,154.0,0.0,,20,2019-03-08 23:23:56,Australia/Melbourne
2019-03-09 10:23:59+11:00,37439,-38.22393947280944,145.03221181221306,120.65518,4.800000000000012,2524,10.584000000000001,10584.0,154.0,37.0,,20,2019-03-08 23:23:59,Australia/Melbourne
2019-03-09 10:24:02+11:00,37442,-38.22389496490359,145.03226445056498,120.66196,6.0,2530,8.0136,8013.6,154.0,0.0,,20,2019-03-08 23:24:02,Australia/Melbourne
2019-03-09 10:24:05+11:00,37445,-38.22382011450827,145.03233452327552,120.67228,6.199999999999988,2531,13.896,13896.0,154.0,0.0,,20,2019-03-08 23:24:05,Australia/Melbourne
2019-03-09 10:24:08+11:00,37448,-38.22373646311462,145.03244172781706,120.68554,6.399999999999977,2532,16.401600000000002,16401.600000000002,155.0,51.0,,20,2019-03-08 23:24:08,Australia/Melbourne
2019-03-09 10:24:10+11:00,37450,-38.223714083433144,145.032547255978,120.6952,6.399999999999977,2532,16.8588,16858.8,155.0,53.0,,20,2019-03-08 23:24:10,Australia/Melbourne
2019-03-09 10:24:13+11:00,37453,-38.223791616037495,145.03265605308115,120.70884,6.800000000000012,2534,16.3692,16369.2,155.0,53.0,,20,2019-03-08 23:24:13,Australia/Melbourne
2019-03-09 10:24:14+11:00,37454,-38.22383427992463,145.03267189487815,120.71376000000001,7.199999999999988,2536,17.2152,17215.2,155.0,54.0,,20,2019-03-08 23:24:14,Australia/Melbourne
2019-03-09 10:24:16+11:00,37456,-38.22393243201078,145.03268388099968,120.72466000000001,7.0,2535,19.008000000000006,19008.0,156.0,58.0,,20,2019-03-08 23:24:16,Australia/Melbourne
2019-03-09 10:24:17+11:00,37457,-38.22398196905851,145.0326987169683,120.7303,6.600000000000023,2533,19.6344,19634.4,156.0,60.0,,20,2019-03-08 23:24:17,Australia/Melbourne
2019-03-09 10:24:19+11:00,37459,-38.224072828888886,145.03275613300502,120.74166,6.199999999999988,2531,19.544400000000003,19544.4,156.0,64.0,,20,2019-03-08 23:24:19,Australia/Melbourne
2019-03-09 10:24:22+11:00,37462,-38.22419377975166,145.0328610744327,120.75792,6.800000000000012,2534,18.5616,18561.6,156.0,61.0,,20,2019-03-08 23:24:22,Australia/Melbourne
2019-03-09 10:24:26+11:00,37466,-38.224354879930615,145.0329782534391,120.77866000000002,7.800000000000012,2539,18.3924,18392.4,156.0,67.0,,20,2019-03-08 23:24:26,Australia/Melbourne
2019-03-09 10:24:28+11:00,37468,-38.22443291544914,145.0330406986177,120.78891999999999,8.0,2540,18.6804,18680.4,156.0,68.0,,20,2019-03-08 23:24:28,Australia/Melbourne
2019-03-09 10:24:30+11:00,37470,-38.22450709529221,145.03310658037663,120.79896,8.199999999999989,2541,17.8956,17895.600000000002,156.0,68.0,,20,2019-03-08 23:24:30,Australia/Melbourne
2019-03-09 10:24:35+11:00,37475,-38.22470591403544,145.03329777158797,120.82666,8.399999999999977,2542,20.1636,20163.6,156.0,75.0,,20,2019-03-08 23:24:35,Australia/Melbourne
2019-03-09 10:24:40+11:00,37480,-38.224921328946955,145.0334650743753,120.85473999999999,9.399999999999975,2547,19.4652,19465.2,156.0,77.0,,20,2019-03-08 23:24:40,Australia/Melbourne
2019-03-09 10:24:42+11:00,37482,-38.225007494911544,145.03353313542905,120.86603999999998,9.800000000000011,2549,19.7604,19760.4,155.0,75.0,,20,2019-03-08 23:24:42,Australia/Melbourne
2019-03-09 10:24:48+11:00,37488,-38.225256018340595,145.0337553396821,120.89988,9.800000000000011,2549,20.4336,20433.6,152.0,76.0,,20,2019-03-08 23:24:48,Australia/Melbourne
2019-03-09 10:24:49+11:00,37489,-38.22530061006546,145.0337938964367,120.90586,9.800000000000011,2549,21.1248,21124.8,152.0,75.0,,20,2019-03-08 23:24:49,Australia/Melbourne
2019-03-09 10:24:56+11:00,37496,-38.225631779059775,145.0340852513909,120.95064,10.399999999999975,2552,23.8896,23889.6,152.0,76.0,,20,2019-03-08 23:24:56,Australia/Melbourne
2019-03-09 10:24:57+11:00,37497,-38.22568307630718,145.03412255086002,120.9572,10.399999999999975,2552,23.7888,23788.8,152.0,77.0,,20,2019-03-08 23:24:57,Australia/Melbourne
2019-03-09 10:25:04+11:00,37504,-38.22602447122336,145.03440854139626,121.00266,10.800000000000011,2554,22.968000000000004,22968.0,152.0,73.0,,20,2019-03-08 23:25:04,Australia/Melbourne
2019-03-09 10:25:11+11:00,37511,-38.22633770294488,145.03468682058158,121.04516,11.199999999999989,2556,21.204,21204.0,153.0,69.0,,20,2019-03-08 23:25:11,Australia/Melbourne
2019-03-09 10:25:13+11:00,37513,-38.226426718756564,145.0347615033388,121.05702,11.399999999999974,2557,21.168000000000003,21168.0,152.0,68.0,,20,2019-03-08 23:25:13,Australia/Melbourne
2019-03-09 10:25:19+11:00,37519,-38.22669125162065,145.03498764708638,121.09246,11.800000000000011,2559,20.9556,20955.6,152.0,68.0,,20,2019-03-08 23:25:19,Australia/Melbourne
2019-03-09 10:25:28+11:00,37528,-38.22710732929409,145.03533692099154,121.14786000000001,11.600000000000026,2558,23.5728,23572.8,149.0,76.0,,20,2019-03-08 23:25:28,Australia/Melbourne
2019-03-09 10:25:36+11:00,37536,-38.22753941640258,145.03570144996047,121.20548000000001,11.399999999999974,2557,27.3528,27352.8,148.0,79.0,,20,2019-03-08 23:25:36,Australia/Melbourne
2019-03-09 10:25:42+11:00,37542,-38.22788617573679,145.0360223930329,121.25313999999999,10.399999999999975,2552,29.271600000000007,29271.6,146.0,86.0,,20,2019-03-08 23:25:42,Australia/Melbourne
2019-03-09 10:25:43+11:00,37543,-38.22794744744897,145.0360792223364,121.26156,10.0,2550,30.1716,30171.6,146.0,87.0,,20,2019-03-08 23:25:43,Australia/Melbourne
2019-03-09 10:25:46+11:00,37546,-38.22813025675714,145.03624350763857,121.28643999999998,9.199999999999989,2546,30.0456,30045.6,145.0,88.0,,20,2019-03-08 23:25:46,Australia/Melbourne
2019-03-09 10:25:50+11:00,37550,-38.228378528729074,145.03645573742688,121.31968,8.199999999999989,2541,29.8368,29836.8,144.0,86.0,,20,2019-03-08 23:25:50,Australia/Melbourne
2019-03-09 10:25:52+11:00,37552,-38.228505598381155,145.03655590116978,121.3363,8.0,2540,29.984400000000004,29984.4,143.0,88.0,,20,2019-03-08 23:25:52,Australia/Melbourne
2019-03-09 10:25:57+11:00,37557,-38.22882260195911,145.03683099523187,121.37892,7.199999999999988,2536,30.5928,30592.8,143.0,90.0,,20,2019-03-08 23:25:57,Australia/Melbourne
2019-03-09 10:26:00+11:00,37560,-38.229017229750745,145.037000477314,121.40513999999999,6.199999999999988,2531,31.8132,31813.2,142.0,91.0,,20,2019-03-08 23:26:00,Australia/Melbourne
2019-03-09 10:26:05+11:00,37565,-38.22936030104757,145.0373068358749,121.45173999999999,5.0,2525,32.8788,32878.8,141.0,0.0,,20,2019-03-08 23:26:05,Australia/Melbourne
2019-03-09 10:26:07+11:00,37567,-38.229498770087964,145.03741789609194,121.46992,3.6000000000000227,2518,32.3712,32371.2,138.0,0.0,,20,2019-03-08 23:26:07,Australia/Melbourne
2019-03-09 10:26:08+11:00,37568,-38.22956725023687,145.03747011534867,121.47878,3.1999999999999886,2516,31.7808,31780.8,138.0,0.0,,20,2019-03-08 23:26:08,Australia/Melbourne
2019-03-09 10:26:10+11:00,37570,-38.229697421193116,145.03758000209928,121.49614,2.6000000000000227,2513,31.032,31032.0,137.0,0.0,,20,2019-03-08 23:26:10,Australia/Melbourne
2019-03-09 10:26:14+11:00,37574,-38.229954745620496,145.0377984344959,121.53052,2.6000000000000227,2513,30.6396,30639.6,140.0,90.0,,20,2019-03-08 23:26:14,Australia/Melbourne
2019-03-09 10:26:16+11:00,37576,-38.230074439197786,145.03790781833231,121.5469,3.0,2515,29.25,29250.0,141.0,85.0,,20,2019-03-08 23:26:16,Australia/Melbourne
2019-03-09 10:26:18+11:00,37578,-38.230192204937346,145.03800697624686,121.56258000000001,3.6000000000000227,2518,28.134,28134.0,140.0,83.0,,20,2019-03-08 23:26:18,Australia/Melbourne
2019-03-09 10:26:22+11:00,37582,-38.23040602728725,145.03819540143013,121.5915,4.800000000000012,2524,25.4232,25423.2,141.0,74.0,,20,2019-03-08 23:26:22,Australia/Melbourne
2019-03-09 10:26:23+11:00,37583,-38.23045765981078,145.03823739476505,121.59832,5.199999999999988,2526,25.1028,25102.8,141.0,72.0,,20,2019-03-08 23:26:23,Australia/Melbourne
2019-03-09 10:26:25+11:00,37585,-38.23054944165051,145.0383164361119,121.61068,5.399999999999976,2527,22.6512,22651.2,140.0,26.0,,20,2019-03-08 23:26:25,Australia/Melbourne
2019-03-09 10:26:27+11:00,37587,-38.23064105585217,145.0383941363543,121.6229,5.800000000000012,2529,21.765600000000006,21765.6,140.0,82.0,,20,2019-03-08 23:26:27,Australia/Melbourne
2019-03-09 10:26:31+11:00,37591,-38.23080500587821,145.03852766007185,121.64452,7.199999999999988,2536,18.9828,18982.8,143.0,72.0,,20,2019-03-08 23:26:31,Australia/Melbourne
2019-03-09 10:26:34+11:00,37594,-38.23090969584882,145.0386221241206,121.65881999999999,8.0,2540,17.622,17622.0,145.0,66.0,,20,2019-03-08 23:26:34,Australia/Melbourne
2019-03-09 10:26:35+11:00,37595,-38.23094322346151,145.03865456208587,121.6635,8.399999999999977,2542,17.28,17280.0,145.0,64.0,,20,2019-03-08 23:26:35,Australia/Melbourne
2019-03-09 10:26:38+11:00,37598,-38.231043554842465,145.03874961286786,121.67742,9.399999999999975,2547,16.7256,16725.600000000002,147.0,63.0,,20,2019-03-08 23:26:38,Australia/Melbourne
2019-03-09 10:26:42+11:00,37602,-38.231181856244795,145.03887626342475,121.69636000000001,10.600000000000025,2553,17.352,17352.0,149.0,64.0,,20,2019-03-08 23:26:42,Australia/Melbourne
2019-03-09 10:26:45+11:00,37605,-38.231291323900216,145.03896770998838,121.71092,11.199999999999989,2556,17.37,17370.0,152.0,66.0,,20,2019-03-08 23:26:45,Australia/Melbourne
2019-03-09 10:26:47+11:00,37607,-38.23136533610523,145.03903317265213,121.72093999999998,11.600000000000026,2558,17.9424,17942.4,153.0,66.0,,20,2019-03-08 23:26:47,Australia/Melbourne
2019-03-09 10:26:49+11:00,37609,-38.23144135996699,145.03910240717232,121.73132,12.200000000000045,2561,18.2088,18208.8,155.0,68.0,,20,2019-03-08 23:26:49,Australia/Melbourne
2019-03-09 10:26:52+11:00,37612,-38.231544373556964,145.03920181654394,121.7457,12.799999999999955,2564,16.5744,16574.4,158.0,47.0,,20,2019-03-08 23:26:52,Australia/Melbourne
2019-03-09 10:26:57+11:00,37617,-38.23171687312424,145.03934640437362,121.76868,14.0,2570,16.0452,16045.2,160.0,60.0,,20,2019-03-08 23:26:57,Australia/Melbourne
2019-03-09 10:27:01+11:00,37621,-38.23185333050787,145.0394590571523,121.78676000000002,15.0,2575,15.505200000000002,15505.2,161.0,58.0,,20,2019-03-08 23:27:01,Australia/Melbourne
2019-03-09 10:27:03+11:00,37623,-38.2319210562855,145.03951320424676,121.7957,15.200000000000045,2576,16.1172,16117.2,162.0,59.0,,20,2019-03-08 23:27:03,Australia/Melbourne
2019-03-09 10:27:04+11:00,37624,-38.23194913566113,145.03954430110755,121.79982,15.600000000000026,2578,15.4116,15411.6,162.0,58.0,,20,2019-03-08 23:27:04,Australia/Melbourne
2019-03-09 10:27:08+11:00,37628,-38.232079222798355,145.03966391086578,121.81768000000001,16.200000000000045,2581,16.5276,16527.600000000002,163.0,62.0,,20,2019-03-08 23:27:08,Australia/Melbourne
2019-03-09 10:27:11+11:00,37631,-38.23218232020736,145.03975418396294,121.8316,16.0,2580,16.253999999999998,16254.0,163.0,64.0,,20,2019-03-08 23:27:11,Australia/Melbourne
2019-03-09 10:27:18+11:00,37638,-38.232425646856434,145.03995593637228,121.86388,17.399999999999974,2587,16.6572,16657.2,163.0,62.0,,20,2019-03-08 23:27:18,Australia/Melbourne
2019-03-09 10:27:25+11:00,37645,-38.232668470591314,145.04016959108412,121.89674,18.20000000000005,2591,16.1352,16135.2,163.0,59.0,,20,2019-03-08 23:27:25,Australia/Melbourne
2019-03-09 10:27:26+11:00,37646,-38.23270157910883,145.04019876010716,121.9012,18.600000000000023,2593,15.724800000000002,15724.8,163.0,59.0,,20,2019-03-08 23:27:26,Australia/Melbourne
2019-03-09 10:27:29+11:00,37649,-38.23274558410049,145.04033278673887,121.9142,19.0,2595,14.644799999999998,14644.8,163.0,57.0,,20,2019-03-08 23:27:29,Australia/Melbourne
2019-03-09 10:27:32+11:00,37652,-38.23271884582937,145.0404487084597,121.92483999999999,19.600000000000023,2598,11.8728,11872.8,162.0,52.0,,20,2019-03-08 23:27:32,Australia/Melbourne
2019-03-09 10:27:33+11:00,37653,-38.2327035907656,145.04048952832818,121.92878,20.0,2600,13.1292,13129.2,162.0,48.0,,20,2019-03-08 23:27:33,Australia/Melbourne
2019-03-09 10:27:35+11:00,37655,-38.232648354023695,145.04055993631482,121.93751999999999,20.79999999999995,2604,15.4512,15451.2,162.0,57.0,,20,2019-03-08 23:27:35,Australia/Melbourne
2019-03-09 10:27:37+11:00,37657,-38.23259177617729,145.0406481139362,121.94746,21.0,2605,18.0396,18039.6,161.0,63.0,,20,2019-03-08 23:27:37,Australia/Melbourne
2019-03-09 10:27:45+11:00,37665,-38.23231659829617,145.04099763929844,121.99072,21.0,2605,20.1024,20102.4,160.0,74.0,,20,2019-03-08 23:27:45,Australia/Melbourne
2019-03-09 10:27:52+11:00,37672,-38.232073355466135,145.04130634479225,122.02893999999999,20.399999999999977,2602,19.4508,19450.8,161.0,73.0,,20,2019-03-08 23:27:52,Australia/Melbourne
2019-03-09 10:28:00+11:00,37680,-38.23179113678634,145.04167959094048,122.07423999999999,21.399999999999977,2607,20.304000000000002,20304.0,161.0,74.0,,20,2019-03-08 23:28:00,Australia/Melbourne
2019-03-09 10:28:08+11:00,37688,-38.23149357922375,145.0420751329511,122.12213999999999,21.20000000000005,2606,21.2076,21207.6,158.0,83.0,,20,2019-03-08 23:28:08,Australia/Melbourne
2019-03-09 10:28:09+11:00,37689,-38.231454435735934,145.04212274216115,122.12816,21.399999999999977,2607,21.2616,21261.6,158.0,83.0,,20,2019-03-08 23:28:09,Australia/Melbourne
2019-03-09 10:28:11+11:00,37691,-38.23138310573995,145.04221779294315,122.13966,21.79999999999995,2609,20.8764,20876.4,157.0,0.0,,20,2019-03-08 23:28:11,Australia/Melbourne
2019-03-09 10:28:15+11:00,37695,-38.23122158646584,145.0424159411341,122.1646,21.399999999999977,2607,22.7772,22777.2,154.0,83.0,,20,2019-03-08 23:28:15,Australia/Melbourne
2019-03-09 10:28:21+11:00,37701,-38.23095336556434,145.04275247454643,122.20652,20.600000000000023,2603,25.1352,25135.2,152.0,85.0,,20,2019-03-08 23:28:21,Australia/Melbourne
2019-03-09 10:28:22+11:00,37702,-38.230910366401076,145.04281324334445,122.21366,20.20000000000005,2601,25.524,25524.0,151.0,85.0,,20,2019-03-08 23:28:22,Australia/Melbourne
2019-03-09 10:28:28+11:00,37708,-38.230611383914955,145.0432080309838,122.2616,19.600000000000023,2598,29.8044,29804.4,148.0,96.0,,20,2019-03-08 23:28:28,Australia/Melbourne
2019-03-09 10:28:29+11:00,37709,-38.230555225163705,145.04328011535108,122.27046000000001,19.399999999999977,2597,30.6252,30625.2,147.0,98.0,,20,2019-03-08 23:28:29,Australia/Melbourne
2019-03-09 10:28:31+11:00,37711,-38.23043561540543,145.04342344589531,122.28873999999999,18.399999999999977,2592,31.8708,31870.8,146.0,80.0,,20,2019-03-08 23:28:31,Australia/Melbourne
2019-03-09 10:28:34+11:00,37714,-38.2302531413734,145.04364070482555,122.31652,17.399999999999974,2587,32.7924,32792.4,144.0,0.0,,20,2019-03-08 23:28:34,Australia/Melbourne
2019-03-09 10:28:35+11:00,37715,-38.23019279167056,145.04371387884018,122.3258,17.200000000000045,2586,33.102000000000004,33102.0,143.0,0.0,,20,2019-03-08 23:28:35,Australia/Melbourne
2019-03-09 10:28:38+11:00,37718,-38.230023058131344,145.04392812028527,122.35238,17.399999999999974,2587,31.0464,31046.4,140.0,0.0,,20,2019-03-08 23:28:38,Australia/Melbourne
2019-03-09 10:28:43+11:00,37723,-38.229758776724346,145.04425610415637,122.39343999999998,17.79999999999995,2589,27.594,27594.0,141.0,77.0,,20,2019-03-08 23:28:43,Australia/Melbourne
2019-03-09 10:28:45+11:00,37725,-38.229667581617825,145.04436833783984,122.40754,17.600000000000023,2588,25.4556,25455.6,138.0,0.0,,20,2019-03-08 23:28:45,Australia/Melbourne
2019-03-09 10:28:48+11:00,37728,-38.229560796171434,145.04450982436538,122.42468000000001,18.20000000000005,2591,20.6064,20606.4,135.0,0.0,,20,2019-03-08 23:28:48,Australia/Melbourne
2019-03-09 10:28:49+11:00,37729,-38.22952777147293,145.04455433227122,122.43002,18.399999999999977,2592,20.3364,20336.4,135.0,0.0,,20,2019-03-08 23:28:49,Australia/Melbourne
2019-03-09 10:28:53+11:00,37733,-38.22945266962051,145.04465466365218,122.44212,19.600000000000023,2598,5.6339999999999995,5634.0,133.0,0.0,,20,2019-03-08 23:28:53,Australia/Melbourne
2019-03-09 10:29:15+11:00,37755,-38.22941771708429,145.04470327869058,122.44308000000001,20.0,2600,6.9084,6908.4000000000015,141.0,0.0,,21,2019-03-08 23:29:15,Australia/Melbourne
2019-03-09 10:29:16+11:00,37756,-38.22939433157443,145.04472037777305,122.44606,20.0,2600,8.55,8550.0,140.0,0.0,,21,2019-03-08 23:29:16,Australia/Melbourne
2019-03-09 10:29:20+11:00,37760,-38.229287043213844,145.04485406912863,122.46282,19.399999999999977,2597,17.567999999999998,17568.0,138.0,57.0,,21,2019-03-08 23:29:20,Australia/Melbourne
2019-03-09 10:29:26+11:00,37766,-38.22903910651803,145.04514232277867,122.50016,19.600000000000023,2598,24.6168,24616.8,141.0,76.0,,21,2019-03-08 23:29:26,Australia/Melbourne
2019-03-09 10:29:29+11:00,37769,-38.22889761999249,145.04531582817438,122.52202,18.600000000000023,2593,26.334000000000003,26334.0,144.0,82.0,,21,2019-03-08 23:29:29,Australia/Melbourne
2019-03-09 10:29:32+11:00,37772,-38.22874641045928,145.04550299607214,122.54548,18.399999999999977,2592,28.3572,28357.2,145.0,90.0,,21,2019-03-08 23:29:32,Australia/Melbourne
2019-03-09 10:29:38+11:00,37778,-38.22842990979552,145.04590113647282,122.59498,17.79999999999995,2589,29.4444,29444.4,146.0,20.0,,21,2019-03-08 23:29:38,Australia/Melbourne
2019-03-09 10:29:45+11:00,37785,-38.228074349462986,145.0463584531099,122.6512,17.399999999999974,2587,28.9368,28936.8,144.0,87.0,,21,2019-03-08 23:29:45,Australia/Melbourne
2019-03-09 10:29:49+11:00,37789,-38.227886678650975,145.04663849249482,122.6834,17.399999999999974,2587,28.8036,28803.6,141.0,85.0,,21,2019-03-08 23:29:49,Australia/Melbourne
2019-03-09 10:29:52+11:00,37792,-38.22772968560457,145.0468306057155,122.70763999999998,17.200000000000045,2586,28.8864,28886.4,140.0,86.0,,21,2019-03-08 23:29:52,Australia/Melbourne
2019-03-09 10:29:58+11:00,37798,-38.227429362013936,145.0472247228026,122.75563999999999,17.200000000000045,2586,29.0412,29041.2,138.0,85.0,,21,2019-03-08 23:29:58,Australia/Melbourne
2019-03-09 10:30:01+11:00,37801,-38.22726801037789,145.04742806777358,122.7809,16.200000000000045,2581,30.6216,30621.6,139.0,88.0,,21,2019-03-08 23:30:01,Australia/Melbourne
2019-03-09 10:30:03+11:00,37803,-38.22715770453215,145.04756988957524,122.79834,15.0,2575,31.5108,31510.8,138.0,92.0,,21,2019-03-08 23:30:03,Australia/Melbourne
2019-03-09 10:30:06+11:00,37806,-38.22699526324868,145.0477823708206,122.82423999999999,15.200000000000045,2576,32.0796,32079.6,137.0,96.0,,21,2019-03-08 23:30:06,Australia/Melbourne
2019-03-09 10:30:09+11:00,37809,-38.226820584386594,145.04800717346367,122.85188,14.0,2570,33.39,33390.0,136.0,78.0,,21,2019-03-08 23:30:09,Australia/Melbourne
2019-03-09 10:30:11+11:00,37811,-38.22670424357057,145.04816047847268,122.8705,13.399999999999974,2567,33.6492,33649.200000000004,133.0,0.0,,21,2019-03-08 23:30:11,Australia/Melbourne
2019-03-09 10:30:12+11:00,37812,-38.22664481587708,145.04823926836252,122.88004,13.399999999999974,2567,34.218,34218.0,130.0,0.0,,21,2019-03-08 23:30:12,Australia/Melbourne
2019-03-09 10:30:14+11:00,37814,-38.22652663104236,145.0483982730657,122.89916,14.0,2570,34.5816,34581.6,126.0,0.0,,21,2019-03-08 23:30:14,Australia/Melbourne
2019-03-09 10:30:16+11:00,37816,-38.22640492580831,145.04855593666434,122.91846,13.200000000000045,2566,34.955999999999996,34956.0,129.0,101.0,,21,2019-03-08 23:30:16,Australia/Melbourne
2019-03-09 10:30:17+11:00,37817,-38.22634331882,145.048631709069,122.928,13.0,2565,34.5384,34538.4,131.0,99.0,,21,2019-03-08 23:30:17,Australia/Melbourne
2019-03-09 10:30:23+11:00,37823,-38.225993374362595,145.04908743314442,122.98366000000001,13.0,2565,31.1364,31136.4,129.0,93.0,,21,2019-03-08 23:30:23,Australia/Melbourne
2019-03-09 10:30:26+11:00,37826,-38.22584291920065,145.04928834736347,123.00792,13.799999999999955,2569,28.962,28962.0,132.0,85.0,,21,2019-03-08 23:30:26,Australia/Melbourne
2019-03-09 10:30:27+11:00,37827,-38.225793465971954,145.04934735596183,123.01546,14.0,2570,28.0512,28051.2,133.0,83.0,,21,2019-03-08 23:30:27,Australia/Melbourne
2019-03-09 10:30:30+11:00,37830,-38.22566002607345,145.0495253037661,123.03696,14.600000000000026,2573,25.5816,25581.6,135.0,82.0,,21,2019-03-08 23:30:30,Australia/Melbourne
2019-03-09 10:30:33+11:00,37833,-38.22553547099233,145.049694115296,123.05718,15.200000000000045,2576,24.2136,24213.6,137.0,76.0,,21,2019-03-08 23:30:33,Australia/Melbourne
2019-03-09 10:30:37+11:00,37837,-38.225388620048754,145.04989662207663,123.08124,16.200000000000045,2581,20.88,20880.0,138.0,68.0,,21,2019-03-08 23:30:37,Australia/Melbourne
2019-03-09 10:30:41+11:00,37841,-38.225253336131566,145.05008186213672,123.10333999999999,17.200000000000045,2586,20.1708,20170.8,136.0,60.0,,21,2019-03-08 23:30:41,Australia/Melbourne
2019-03-09 10:30:43+11:00,37843,-38.22517655789852,145.05018839612603,123.116,18.0,2590,21.1212,21121.2,140.0,66.0,,21,2019-03-08 23:30:43,Australia/Melbourne
2019-03-09 10:30:44+11:00,37844,-38.22513640858233,145.0502417050302,123.12244,18.20000000000005,2591,21.0708,21070.8,141.0,66.0,,21,2019-03-08 23:30:44,Australia/Melbourne
2019-03-09 10:30:45+11:00,37845,-38.22509785182774,145.05028906278312,123.1284,18.399999999999977,2592,20.750400000000006,20750.4,141.0,67.0,,21,2019-03-08 23:30:45,Australia/Melbourne
2019-03-09 10:30:48+11:00,37848,-38.224987462162964,145.05043448880315,123.14608,19.0,2595,20.2356,20235.6,146.0,67.0,,21,2019-03-08 23:30:48,Australia/Melbourne
2019-03-09 10:30:50+11:00,37850,-38.224912947043784,145.0505188945681,123.1572,19.399999999999977,2597,19.5516,19551.6,149.0,66.0,,21,2019-03-08 23:30:50,Australia/Melbourne
2019-03-09 10:30:51+11:00,37851,-38.2248794194311,145.05055795423687,123.16224,19.600000000000023,2598,18.6084,18608.4,150.0,65.0,,21,2019-03-08 23:30:51,Australia/Melbourne
2019-03-09 10:30:54+11:00,37854,-38.22478168644011,145.0506874546409,123.17793999999999,20.20000000000005,2601,18.6408,18640.8,153.0,61.0,,21,2019-03-08 23:30:54,Australia/Melbourne
2019-03-09 10:30:55+11:00,37855,-38.224746314808726,145.05073020234704,123.18338,20.600000000000023,2603,19.1232,19123.2,154.0,61.0,,21,2019-03-08 23:30:55,Australia/Melbourne
2019-03-09 10:30:58+11:00,37858,-38.224647156894214,145.05085551179943,123.19892,21.399999999999977,2607,18.36,18360.0,155.0,59.0,,21,2019-03-08 23:30:58,Australia/Melbourne
2019-03-09 10:30:59+11:00,37859,-38.224613545462496,145.0508968345821,123.2041,21.79999999999995,2609,18.486,18486.0,156.0,59.0,,21,2019-03-08 23:30:59,Australia/Melbourne
2019-03-09 10:31:00+11:00,37860,-38.22458856739104,145.0509417615831,123.2089,22.0,2610,17.9892,17989.2,156.0,59.0,,21,2019-03-08 23:31:00,Australia/Melbourne
2019-03-09 10:31:04+11:00,37864,-38.2244684547186,145.05109447985888,123.22778000000001,22.79999999999995,2614,17.7516,17751.600000000002,157.0,56.0,,21,2019-03-08 23:31:04,Australia/Melbourne
2019-03-09 10:31:05+11:00,37865,-38.2244391180575,145.0511328689754,123.23246,23.0,2615,17.442,17442.0,157.0,55.0,,21,2019-03-08 23:31:05,Australia/Melbourne
2019-03-09 10:31:10+11:00,37870,-38.22429059073329,145.05132179707292,123.25582,24.0,2620,17.3988,17398.8,159.0,57.0,,21,2019-03-08 23:31:10,Australia/Melbourne
2019-03-09 10:31:12+11:00,37872,-38.224229821935296,145.05139782093462,123.2653,24.399999999999977,2622,17.6868,17686.8,160.0,57.0,,21,2019-03-08 23:31:12,Australia/Melbourne
2019-03-09 10:31:15+11:00,37875,-38.22413451969624,145.05151810124516,123.28022,25.20000000000005,2626,18.396,18396.0,161.0,58.0,,21,2019-03-08 23:31:15,Australia/Melbourne
2019-03-09 10:31:21+11:00,37881,-38.22394710034132,145.0517719052732,123.31068,26.399999999999977,2632,18.1836,18183.6,162.0,59.0,,21,2019-03-08 23:31:21,Australia/Melbourne
2019-03-09 10:31:22+11:00,37882,-38.22391734458506,145.05181767046454,123.31588,26.399999999999977,2632,18.7128,18712.8,162.0,60.0,,21,2019-03-08 23:31:22,Australia/Melbourne
2019-03-09 10:31:30+11:00,37890,-38.22364065796137,145.05216266959906,123.35896,26.399999999999977,2632,20.0268,20026.8,161.0,65.0,,21,2019-03-08 23:31:30,Australia/Melbourne
2019-03-09 10:31:37+11:00,37897,-38.22337411344051,145.05251009948554,123.40142,27.20000000000005,2636,23.3532,23353.2,161.0,76.0,,21,2019-03-08 23:31:37,Australia/Melbourne
2019-03-09 10:31:38+11:00,37898,-38.223329270258546,145.052561564371,123.40813999999999,27.0,2635,24.0012,24001.2,161.0,76.0,,21,2019-03-08 23:31:38,Australia/Melbourne
2019-03-09 10:31:45+11:00,37905,-38.22302307933569,145.05295182578266,123.45634,26.600000000000023,2633,25.631999999999998,25632.0,160.0,82.0,,21,2019-03-08 23:31:45,Australia/Melbourne
2019-03-09 10:31:54+11:00,37914,-38.22261035442352,145.05347670055926,123.52123999999999,27.20000000000005,2636,25.7544,25754.4,158.0,88.0,,21,2019-03-08 23:31:54,Australia/Melbourne
2019-03-09 10:32:01+11:00,37921,-38.222267450764775,145.0538997352123,123.57434,26.399999999999977,2632,27.2484,27248.4,155.0,90.0,,21,2019-03-08 23:32:01,Australia/Melbourne
2019-03-09 10:32:03+11:00,37923,-38.22217097505928,145.054025715217,123.58972,26.399999999999977,2632,27.5652,27565.2,154.0,90.0,,21,2019-03-08 23:32:03,Australia/Melbourne
2019-03-09 10:32:10+11:00,37930,-38.221839889884,145.05446090362966,123.64266,25.20000000000005,2626,26.7696,26769.6,151.0,90.0,,21,2019-03-08 23:32:10,Australia/Melbourne
2019-03-09 10:32:12+11:00,37932,-38.22174433618785,145.0545722991228,123.65706000000002,26.0,2630,25.7328,25732.8,151.0,89.0,,21,2019-03-08 23:32:12,Australia/Melbourne
2019-03-09 10:32:19+11:00,37939,-38.22141266427934,145.0550022907555,123.70971999999999,25.600000000000023,2628,26.171999999999997,26172.0,148.0,81.0,,21,2019-03-08 23:32:19,Australia/Melbourne
2019-03-09 10:32:23+11:00,37943,-38.22121543809772,145.05524720996618,123.74038,26.20000000000005,2631,26.316,26316.0,148.0,80.0,,21,2019-03-08 23:32:23,Australia/Melbourne
2019-03-09 10:32:27+11:00,37947,-38.2210282701999,145.05550545640293,123.7711,26.20000000000005,2631,26.773200000000006,26773.2,147.0,81.0,,21,2019-03-08 23:32:27,Australia/Melbourne
2019-03-09 10:32:35+11:00,37955,-38.22064563632011,145.05601272918284,123.83256000000002,26.79999999999995,2634,27.0108,27010.8,146.0,80.0,,21,2019-03-08 23:32:35,Australia/Melbourne
2019-03-09 10:32:37+11:00,37957,-38.22054849006236,145.05613795481622,123.84792,26.79999999999995,2634,26.7156,26715.6,146.0,80.0,,21,2019-03-08 23:32:37,Australia/Melbourne
2019-03-09 10:32:44+11:00,37964,-38.22020499967039,145.05658412352204,123.90252,26.79999999999995,2634,28.6164,28616.4,147.0,83.0,,21,2019-03-08 23:32:44,Australia/Melbourne
2019-03-09 10:32:50+11:00,37970,-38.219909705221646,145.0569840241224,123.95052,27.399999999999977,2637,27.1368,27136.8,147.0,80.0,,21,2019-03-08 23:32:50,Australia/Melbourne
2019-03-09 10:32:57+11:00,37977,-38.21959555149078,145.05737780593338,123.99958,28.20000000000005,2641,24.2604,24260.4,149.0,81.0,,21,2019-03-08 23:32:57,Australia/Melbourne
2019-03-09 10:33:00+11:00,37980,-38.219464123249054,145.0575502216816,124.02058000000001,28.600000000000023,2643,23.288400000000006,23288.4,149.0,77.0,,21,2019-03-08 23:33:00,Australia/Melbourne
2019-03-09 10:33:04+11:00,37984,-38.21929816156626,145.05775465629998,124.04626,29.399999999999977,2647,21.7908,21790.8,149.0,74.0,,21,2019-03-08 23:33:04,Australia/Melbourne
2019-03-09 10:33:05+11:00,37985,-38.21925759315491,145.0578059535474,124.05262,29.600000000000023,2648,21.2688,21268.8,149.0,72.0,,21,2019-03-08 23:33:05,Australia/Melbourne
2019-03-09 10:33:10+11:00,37990,-38.21902809664607,145.0581020861864,124.08898,29.600000000000023,2648,24.2532,24253.2,150.0,78.0,,21,2019-03-08 23:33:10,Australia/Melbourne
2019-03-09 10:33:14+11:00,37994,-38.218862302601345,145.05833644419909,124.11652,30.600000000000023,2653,22.7484,22748.4,153.0,73.0,,21,2019-03-08 23:33:14,Australia/Melbourne
2019-03-09 10:33:16+11:00,37996,-38.2187916431576,145.05843945778906,124.12848000000001,30.79999999999995,2654,21.8268,21826.8,153.0,71.0,,21,2019-03-08 23:33:16,Australia/Melbourne
2019-03-09 10:33:18+11:00,37998,-38.21871729567647,145.05854272283614,124.14072,30.79999999999995,2654,21.5532,21553.2,154.0,69.0,,21,2019-03-08 23:33:18,Australia/Melbourne
2019-03-09 10:33:21+11:00,38001,-38.218592572957284,145.0586943514645,124.15992,31.79999999999995,2659,21.078000000000007,21078.0,155.0,69.0,,21,2019-03-08 23:33:21,Australia/Melbourne
2019-03-09 10:33:27+11:00,38007,-38.218372967094176,145.0589814316481,124.19496,32.799999999999955,2664,20.0988,20098.8,156.0,66.0,,21,2019-03-08 23:33:27,Australia/Melbourne
2019-03-09 10:33:29+11:00,38009,-38.218302810564644,145.05907044745982,124.20596,33.0,2665,19.8828,19882.8,156.0,65.0,,21,2019-03-08 23:33:29,Australia/Melbourne
2019-03-09 10:33:36+11:00,38016,-38.21805018000305,145.05940052680668,124.24626,34.0,2670,20.8944,20894.4,157.0,69.0,,21,2019-03-08 23:33:36,Australia/Melbourne
2019-03-09 10:33:37+11:00,38017,-38.218013048172004,145.05944780074057,124.2521,34.200000000000045,2671,21.1824,21182.4,158.0,71.0,,21,2019-03-08 23:33:37,Australia/Melbourne
2019-03-09 10:33:43+11:00,38023,-38.217786317691214,145.05973940715194,124.28798,35.200000000000045,2676,22.2408,22240.8,159.0,70.0,,21,2019-03-08 23:33:43,Australia/Melbourne
2019-03-09 10:33:44+11:00,38024,-38.217746922746294,145.05979129113257,124.29428,35.200000000000045,2676,22.625999999999998,22626.0,159.0,70.0,,21,2019-03-08 23:33:44,Australia/Melbourne
2019-03-09 10:33:54+11:00,38034,-38.21735263802111,145.06029336713252,124.35632,35.799999999999955,2679,22.1364,22136.4,160.0,69.0,,21,2019-03-08 23:33:54,Australia/Melbourne
2019-03-09 10:34:00+11:00,38040,-38.21710889227688,145.0606016535312,124.39458,36.39999999999998,2682,23.166,23166.0,159.0,76.0,,21,2019-03-08 23:34:00,Australia/Melbourne
2019-03-09 10:34:02+11:00,38042,-38.21702415123582,145.06070676259696,124.40773999999999,36.60000000000002,2683,23.4936,23493.6,159.0,76.0,,21,2019-03-08 23:34:02,Australia/Melbourne
2019-03-09 10:34:10+11:00,38050,-38.21669314987958,145.06113071925938,124.45998,36.79999999999996,2684,22.4352,22435.2,158.0,78.0,,21,2019-03-08 23:34:10,Australia/Melbourne
2019-03-09 10:34:15+11:00,38055,-38.21649399586022,145.0613640714437,124.49008,37.39999999999998,2687,21.556800000000006,21556.8,158.0,75.0,,21,2019-03-08 23:34:15,Australia/Melbourne
2019-03-09 10:34:17+11:00,38057,-38.216417636722326,145.06146742030978,124.50248,38.200000000000045,2691,21.3804,21380.4,158.0,74.0,,21,2019-03-08 23:34:17,Australia/Melbourne
2019-03-09 10:34:22+11:00,38062,-38.2162167225033,145.06173606030643,124.53488,38.60000000000002,2693,23.3676,23367.6,156.0,83.0,,21,2019-03-08 23:34:22,Australia/Melbourne
2019-03-09 10:34:24+11:00,38064,-38.21612820960581,145.06184024736285,124.5483,38.60000000000002,2693,23.835600000000003,23835.6,156.0,81.0,,21,2019-03-08 23:34:24,Australia/Melbourne
2019-03-09 10:34:32+11:00,38072,-38.215778265148394,145.0623121485114,124.60498,39.200000000000045,2696,24.7212,24721.2,156.0,79.0,,21,2019-03-08 23:34:32,Australia/Melbourne
2019-03-09 10:34:35+11:00,38075,-38.215641975402825,145.06248691119254,124.62652,39.79999999999996,2699,25.6428,25642.8,156.0,83.0,,21,2019-03-08 23:34:35,Australia/Melbourne
2019-03-09 10:34:39+11:00,38079,-38.21545665152371,145.0627236161381,124.65572,39.39999999999998,2697,25.488000000000003,25488.0,156.0,85.0,,21,2019-03-08 23:34:39,Australia/Melbourne
2019-03-09 10:34:46+11:00,38086,-38.215102767571814,145.0631687790155,124.71106,39.79999999999996,2699,28.6524,28652.4,153.0,85.0,,21,2019-03-08 23:34:46,Australia/Melbourne
2019-03-09 10:34:47+11:00,38087,-38.21505012921989,145.06323507986963,124.71928,39.60000000000002,2698,29.570400000000006,29570.4,153.0,85.0,,21,2019-03-08 23:34:47,Australia/Melbourne
2019-03-09 10:34:52+11:00,38092,-38.21479339152575,145.0635732896626,124.76038,38.60000000000002,2693,29.8404,29840.4,150.0,88.0,,21,2019-03-08 23:34:52,Australia/Melbourne
2019-03-09 10:34:53+11:00,38093,-38.214738992974155,145.06364160217345,124.76888,38.60000000000002,2693,29.8944,29894.4,150.0,89.0,,21,2019-03-08 23:34:53,Australia/Melbourne
2019-03-09 10:35:00+11:00,38100,-38.21434705518186,145.0641370564699,124.83032,37.200000000000045,2686,31.5,31500.0,149.0,93.0,,21,2019-03-08 23:35:00,Australia/Melbourne
2019-03-09 10:35:01+11:00,38101,-38.21429089643061,145.06421048194167,124.83928,36.79999999999996,2684,31.690800000000007,31690.8,149.0,91.0,,21,2019-03-08 23:35:01,Australia/Melbourne
2019-03-09 10:35:05+11:00,38105,-38.214075984433286,145.06449521519244,124.87378000000001,36.200000000000045,2681,29.5128,29512.8,148.0,86.0,,21,2019-03-08 23:35:05,Australia/Melbourne
2019-03-09 10:35:08+11:00,38108,-38.21391748264432,145.0646903458983,124.89832,37.0,2685,28.4148,28414.8,147.0,85.0,,21,2019-03-08 23:35:08,Australia/Melbourne
2019-03-09 10:35:16+11:00,38116,-38.21354063227773,145.06518655456605,124.95863999999999,37.200000000000045,2686,25.4844,25484.4,146.0,83.0,,21,2019-03-08 23:35:16,Australia/Melbourne
2019-03-09 10:35:17+11:00,38117,-38.21349436417222,145.06524128839374,124.96566000000001,37.39999999999998,2687,24.9048,24904.8,146.0,81.0,,21,2019-03-08 23:35:17,Australia/Melbourne
2019-03-09 10:35:20+11:00,38120,-38.21336754597724,145.06540280766785,124.98562,38.60000000000002,2693,23.4936,23493.6,146.0,77.0,,21,2019-03-08 23:35:20,Australia/Melbourne
2019-03-09 10:35:23+11:00,38123,-38.21324517019093,145.06556005217138,125.00498,39.0,2695,21.3228,21322.8,146.0,74.0,,21,2019-03-08 23:35:23,Australia/Melbourne
2019-03-09 10:35:29+11:00,38129,-38.21302061900497,145.0658575259149,125.04101999999999,40.0,2700,20.4156,20415.6,148.0,65.0,,21,2019-03-08 23:35:29,Australia/Melbourne
2019-03-09 10:35:32+11:00,38132,-38.21291592903435,145.06599138490856,125.05752,40.79999999999996,2704,19.8972,19897.2,150.0,64.0,,21,2019-03-08 23:35:32,Australia/Melbourne
2019-03-09 10:35:33+11:00,38133,-38.21287846192717,145.06603673100471,125.06328,41.0,2705,20.6604,20660.4,151.0,66.0,,21,2019-03-08 23:35:33,Australia/Melbourne
2019-03-09 10:35:38+11:00,38138,-38.21269481442869,145.0662735197693,125.09236000000001,42.39999999999998,2712,20.1312,20131.2,153.0,66.0,,21,2019-03-08 23:35:38,Australia/Melbourne
2019-03-09 10:35:40+11:00,38140,-38.21262465789914,145.0663663074374,125.1036,42.60000000000002,2713,19.7568,19756.8,154.0,64.0,,21,2019-03-08 23:35:40,Australia/Melbourne
2019-03-09 10:35:43+11:00,38143,-38.21252558380365,145.06650452502072,125.11996,43.399999999999984,2717,20.088,20088.0,154.0,64.0,,21,2019-03-08 23:35:43,Australia/Melbourne
2019-03-09 10:35:47+11:00,38147,-38.21238468401135,145.06668808870018,125.14238,44.600000000000016,2723,19.2492,19249.2,156.0,63.0,,21,2019-03-08 23:35:47,Australia/Melbourne
2019-03-09 10:35:49+11:00,38149,-38.21231788024306,145.06677417084575,125.15296,45.200000000000045,2726,18.1656,18165.6,157.0,60.0,,21,2019-03-08 23:35:49,Australia/Melbourne
2019-03-09 10:35:51+11:00,38151,-38.21225518360735,145.0668565649539,125.16298,45.600000000000016,2728,17.7624,17762.4,158.0,59.0,,21,2019-03-08 23:35:51,Australia/Melbourne
2019-03-09 10:35:56+11:00,38156,-38.21209785528482,145.0670518632978,125.18744,46.399999999999984,2732,17.953200000000006,17953.2,161.0,58.0,,21,2019-03-08 23:35:56,Australia/Melbourne
2019-03-09 10:35:57+11:00,38157,-38.21206491440535,145.06709192879498,125.1925,46.600000000000016,2733,17.9784,17978.4,161.0,59.0,,21,2019-03-08 23:35:57,Australia/Melbourne
2019-03-09 10:35:58+11:00,38158,-38.21203239262104,145.06713207811114,125.19754,47.0,2735,17.855999999999998,17856.0,161.0,59.0,,21,2019-03-08 23:35:58,Australia/Melbourne
2019-03-09 10:36:03+11:00,38163,-38.211873723193996,145.0673395302147,125.22284,47.600000000000016,2738,17.8308,17830.8,162.0,58.0,,21,2019-03-08 23:36:03,Australia/Melbourne
2019-03-09 10:36:07+11:00,38167,-38.211747743189335,145.06749442778528,125.24233999999998,48.200000000000045,2741,17.0676,17067.600000000002,163.0,57.0,,21,2019-03-08 23:36:07,Australia/Melbourne
2019-03-09 10:36:08+11:00,38168,-38.211717819795005,145.06753231398758,125.24701999999999,48.79999999999996,2744,16.7652,16765.2,163.0,56.0,,21,2019-03-08 23:36:08,Australia/Melbourne
2019-03-09 10:36:14+11:00,38174,-38.211538949981325,145.06776650436225,125.27556000000001,49.200000000000045,2746,17.870400000000004,17870.4,161.0,58.0,,21,2019-03-08 23:36:14,Australia/Melbourne
2019-03-09 10:36:16+11:00,38176,-38.211476923897855,145.06784713827074,125.28542,49.79999999999996,2749,18.305999999999997,18306.0,161.0,58.0,,21,2019-03-08 23:36:16,Australia/Melbourne
2019-03-09 10:36:17+11:00,38177,-38.21144415065646,145.067887455225,125.29048,50.0,2750,18.1368,18136.8,161.0,59.0,,21,2019-03-08 23:36:17,Australia/Melbourne
2019-03-09 10:36:20+11:00,38180,-38.21134876459836,145.0680108368397,125.30562,51.0,2755,17.4024,17402.4,162.0,43.0,,21,2019-03-08 23:36:20,Australia/Melbourne
2019-03-09 10:36:21+11:00,38181,-38.211319511756294,145.06805207580328,125.31048,51.399999999999984,2757,17.082,17082.0,163.0,57.0,,21,2019-03-08 23:36:21,Australia/Melbourne
2019-03-09 10:36:25+11:00,38185,-38.211204009130604,145.06820370443162,125.32892,52.0,2760,16.3692,16369.2,164.0,53.0,,21,2019-03-08 23:36:25,Australia/Melbourne
2019-03-09 10:36:30+11:00,38190,-38.21105782873929,145.06838869303462,125.35186000000002,52.79999999999996,2764,15.9876,15987.6,164.0,51.0,,21,2019-03-08 23:36:30,Australia/Melbourne
2019-03-09 10:36:31+11:00,38191,-38.211031006649144,145.0684260763228,125.35628,53.200000000000045,2766,15.678000000000004,15678.0,163.0,52.0,,21,2019-03-08 23:36:31,Australia/Melbourne
2019-03-09 10:36:35+11:00,38195,-38.21092103607953,145.0685704126954,125.37386,54.200000000000045,2771,15.753600000000002,15753.6,163.0,51.0,,21,2019-03-08 23:36:35,Australia/Melbourne
2019-03-09 10:36:38+11:00,38198,-38.21083621121943,145.06867753341794,125.38713999999999,54.600000000000016,2773,17.1936,17193.600000000002,163.0,52.0,,22,2019-03-08 23:36:38,Australia/Melbourne
2019-03-09 10:36:42+11:00,38202,-38.210713332518935,145.06883301772174,125.4064,55.399999999999984,2777,17.3484,17348.4,163.0,56.0,,22,2019-03-08 23:36:42,Australia/Melbourne
2019-03-09 10:36:46+11:00,38206,-38.210591794922955,145.06899101659656,125.42573999999999,55.79999999999996,2779,17.604,17604.0,162.0,56.0,,22,2019-03-08 23:36:46,Australia/Melbourne
2019-03-09 10:36:49+11:00,38209,-38.21049858815968,145.06910911761224,125.44034,56.600000000000016,2783,18.0648,18064.8,162.0,57.0,,22,2019-03-08 23:36:49,Australia/Melbourne
2019-03-09 10:36:56+11:00,38216,-38.21027378551661,145.06940709427,125.47646,57.200000000000045,2786,18.0864,18086.4,162.0,58.0,,22,2019-03-08 23:36:56,Australia/Melbourne
2019-03-09 10:36:59+11:00,38219,-38.21017974056304,145.069536594674,125.49188,57.79999999999996,2789,18.6012,18601.2,162.0,59.0,,22,2019-03-08 23:36:59,Australia/Melbourne
2019-03-09 10:37:06+11:00,38226,-38.20994035340845,145.0698447134346,125.52973999999999,58.399999999999984,2792,20.0016,20001.6,162.0,64.0,,22,2019-03-08 23:37:06,Australia/Melbourne
2019-03-09 10:37:08+11:00,38228,-38.20987061597407,145.06993297487497,125.54066,58.79999999999996,2794,20.502,20502.0,162.0,65.0,,22,2019-03-08 23:37:08,Australia/Melbourne
2019-03-09 10:37:15+11:00,38235,-38.20961035788059,145.07025592960414,125.5811,59.399999999999984,2797,20.772,20772.0,162.0,66.0,,22,2019-03-08 23:37:15,Australia/Melbourne
2019-03-09 10:37:23+11:00,38243,-38.209323361516,145.07063236087558,125.62693999999999,59.79999999999996,2799,21.4776,21477.6,162.0,67.0,,22,2019-03-08 23:37:23,Australia/Melbourne
2019-03-09 10:37:24+11:00,38244,-38.20928463712335,145.07068349048495,125.63314,60.0,2800,21.5244,21524.4,162.0,69.0,,22,2019-03-08 23:37:24,Australia/Melbourne
2019-03-09 10:37:31+11:00,38251,-38.20902169682085,145.07104131393137,125.67598000000001,61.200000000000045,2806,22.734,22734.0,161.0,72.0,,22,2019-03-08 23:37:31,Australia/Melbourne
2019-03-09 10:37:32+11:00,38252,-38.2089808769524,145.0710943713784,125.68248,61.200000000000045,2806,23.3604,23360.4,161.0,72.0,,22,2019-03-08 23:37:32,Australia/Melbourne
2019-03-09 10:37:40+11:00,38260,-38.20864032022654,145.07152201607823,125.7357,61.399999999999984,2807,23.706,23706.0,161.0,81.0,,22,2019-03-08 23:37:40,Australia/Melbourne
2019-03-09 10:37:43+11:00,38263,-38.20851769298315,145.07168848067522,125.75563999999999,61.200000000000045,2806,24.742800000000006,24742.8,158.0,78.0,,22,2019-03-08 23:37:43,Australia/Melbourne
2019-03-09 10:37:46+11:00,38266,-38.208380481228225,145.0718552805483,125.77673999999999,61.399999999999984,2807,25.567200000000003,25567.2,157.0,81.0,,22,2019-03-08 23:37:46,Australia/Melbourne
2019-03-09 10:37:54+11:00,38274,-38.208005474880345,145.07233967073265,125.83618,60.600000000000016,2803,27.7812,27781.2,155.0,81.0,,22,2019-03-08 23:37:54,Australia/Melbourne
2019-03-09 10:38:00+11:00,38280,-38.20770557038486,145.07270009256902,125.88208,60.200000000000045,2801,27.817200000000003,27817.2,152.0,86.0,,22,2019-03-08 23:38:00,Australia/Melbourne
2019-03-09 10:38:01+11:00,38281,-38.20765628479421,145.07276287302375,125.88984,59.79999999999996,2799,28.5516,28551.6,152.0,85.0,,22,2019-03-08 23:38:01,Australia/Melbourne
2019-03-09 10:38:07+11:00,38287,-38.207352608442314,145.07314927875998,125.9376,59.399999999999984,2797,28.047600000000006,28047.6,151.0,84.0,,22,2019-03-08 23:38:07,Australia/Melbourne
2019-03-09 10:38:09+11:00,38289,-38.20725353434682,145.0732817128301,125.95358,60.0,2800,28.2708,28270.8,149.0,83.0,,22,2019-03-08 23:38:09,Australia/Melbourne
2019-03-09 10:38:17+11:00,38297,-38.20686536841095,145.07378437556326,126.0152,59.79999999999996,2799,27.0684,27068.4,147.0,80.0,,22,2019-03-08 23:38:17,Australia/Melbourne
2019-03-09 10:38:23+11:00,38303,-38.20658884942532,145.07413851097226,126.05883999999999,61.0,2805,24.0624,24062.4,149.0,75.0,,22,2019-03-08 23:38:23,Australia/Melbourne
2019-03-09 10:38:24+11:00,38304,-38.206546939909465,145.07419290952384,126.0655,61.200000000000045,2806,23.5044,23504.4,150.0,73.0,,22,2019-03-08 23:38:24,Australia/Melbourne
2019-03-09 10:38:30+11:00,38310,-38.20629397407174,145.07452005520463,126.1056,61.200000000000045,2806,24.591600000000003,24591.6,150.0,81.0,,22,2019-03-08 23:38:30,Australia/Melbourne
2019-03-09 10:38:32+11:00,38312,-38.20620303042233,145.07463161833584,126.11966,62.200000000000045,2811,24.7464,24746.4,150.0,81.0,,22,2019-03-08 23:38:32,Australia/Melbourne
2019-03-09 10:38:37+11:00,38317,-38.20597738958895,145.0749304331839,126.15588,62.0,2810,25.8012,25801.2,151.0,82.0,,22,2019-03-08 23:38:37,Australia/Melbourne
2019-03-09 10:38:45+11:00,38325,-38.20558494888246,145.07542169652882,126.21712,62.399999999999984,2812,27.8136,27813.6,152.0,84.0,,22,2019-03-08 23:38:45,Australia/Melbourne
2019-03-09 10:38:52+11:00,38332,-38.20521656423807,145.07589032873508,126.27506000000001,62.200000000000045,2811,29.0664,29066.4,150.0,90.0,,22,2019-03-08 23:38:52,Australia/Melbourne
2019-03-09 10:38:56+11:00,38336,-38.205007100477815,145.0761862099171,126.30986000000001,61.0,2805,28.8468,28846.8,148.0,0.0,,22,2019-03-08 23:38:56,Australia/Melbourne
2019-03-09 10:39:00+11:00,38340,-38.204807862639434,145.07643775083125,126.34108,62.0,2810,25.786800000000003,25786.8,147.0,0.0,,22,2019-03-08 23:39:00,Australia/Melbourne
2019-03-09 10:39:01+11:00,38341,-38.20476209744811,145.07649818435308,126.34841999999999,62.399999999999984,2812,25.8984,25898.4,147.0,0.0,,22,2019-03-08 23:39:01,Australia/Melbourne
2019-03-09 10:39:06+11:00,38346,-38.20455204695463,145.07676246576008,126.38128,62.200000000000045,2811,22.1436,22143.6,147.0,71.0,,22,2019-03-08 23:39:06,Australia/Melbourne
2019-03-09 10:39:11+11:00,38351,-38.204343253746636,145.07703311741355,126.41442,63.0,2815,24.1848,24184.8,148.0,73.0,,22,2019-03-08 23:39:11,Australia/Melbourne
2019-03-09 10:39:13+11:00,38353,-38.204251304268844,145.07714400999245,126.42851999999999,63.0,2815,25.4628,25462.8,151.0,75.0,,22,2019-03-08 23:39:13,Australia/Melbourne
2019-03-09 10:39:17+11:00,38357,-38.20406665094197,145.07738054729998,126.45766,62.79999999999996,2814,27.1908,27190.8,153.0,79.0,,22,2019-03-08 23:39:17,Australia/Melbourne
2019-03-09 10:39:22+11:00,38362,-38.203826677054174,145.07768430747092,126.4953,63.0,2815,27.3024,27302.4,153.0,81.0,,22,2019-03-08 23:39:22,Australia/Melbourne
2019-03-09 10:39:26+11:00,38366,-38.203628361225135,145.07792118005457,126.52554,62.200000000000045,2811,27.6732,27673.2,152.0,82.0,,22,2019-03-08 23:39:26,Australia/Melbourne
2019-03-09 10:39:28+11:00,38368,-38.20352853275836,145.07805285975337,126.54154,62.0,2810,27.968400000000006,27968.4,151.0,82.0,,22,2019-03-08 23:39:28,Australia/Melbourne
2019-03-09 10:39:36+11:00,38376,-38.20313558913767,145.07855049334464,126.60322,62.79999999999996,2814,24.5052,24505.2,151.0,76.0,,22,2019-03-08 23:39:36,Australia/Melbourne
2019-03-09 10:39:41+11:00,38381,-38.202924113720655,145.07882273755968,126.63668,63.600000000000016,2818,22.521600000000007,22521.6,151.0,67.0,,22,2019-03-08 23:39:41,Australia/Melbourne
2019-03-09 10:39:43+11:00,38383,-38.20285638794303,145.07891787216067,126.6479,64.39999999999998,2822,18.1692,18169.2,151.0,64.0,,22,2019-03-08 23:39:43,Australia/Melbourne
2019-03-09 10:39:44+11:00,38384,-38.20282571017742,145.07896598428488,126.6533,65.0,2825,19.8684,19868.4,151.0,63.0,,22,2019-03-08 23:39:44,Australia/Melbourne
2019-03-09 10:39:48+11:00,38388,-38.20267651230097,145.07916513830426,126.67736,65.79999999999995,2829,21.585600000000003,21585.6,153.0,62.0,,22,2019-03-08 23:39:48,Australia/Melbourne
2019-03-09 10:39:49+11:00,38389,-38.202640553936355,145.07921299897134,126.68314,66.20000000000005,2831,20.718000000000004,20718.0,153.0,63.0,,22,2019-03-08 23:39:49,Australia/Melbourne
2019-03-09 10:39:54+11:00,38394,-38.20243251509965,145.0794549845159,126.7145,67.20000000000005,2836,21.805200000000006,21805.2,156.0,64.0,,22,2019-03-08 23:39:54,Australia/Melbourne
2019-03-09 10:39:55+11:00,38395,-38.20239370688796,145.0795030128211,126.72052,67.39999999999998,2837,21.5388,21538.8,156.0,64.0,,22,2019-03-08 23:39:55,Australia/Melbourne
2019-03-09 10:40:00+11:00,38400,-38.202194888144724,145.07974843494594,126.75133999999998,68.20000000000005,2841,21.024,21024.0,159.0,63.0,,22,2019-03-08 23:40:00,Australia/Melbourne
2019-03-09 10:40:02+11:00,38402,-38.202120373025544,145.0798456650227,126.76321999999999,68.39999999999998,2842,20.61,20610.0,159.0,62.0,,22,2019-03-08 23:40:02,Australia/Melbourne
2019-03-09 10:40:06+11:00,38406,-38.20197804830968,145.08003962226212,126.78642,69.60000000000002,2848,20.034,20034.0,160.0,60.0,,22,2019-03-08 23:40:06,Australia/Melbourne
2019-03-09 10:40:08+11:00,38408,-38.201905796304345,145.08013039827347,126.7977,70.0,2850,20.091600000000003,20091.6,160.0,59.0,,22,2019-03-08 23:40:08,Australia/Melbourne
2019-03-09 10:40:16+11:00,38416,-38.20160002447665,145.0804947596043,126.84428,70.60000000000002,2853,21.311999999999998,21312.0,161.0,61.0,,22,2019-03-08 23:40:16,Australia/Melbourne
2019-03-09 10:40:18+11:00,38418,-38.201527688652284,145.0805914867669,126.85596,70.79999999999995,2854,21.3516,21351.6,161.0,62.0,,22,2019-03-08 23:40:18,Australia/Melbourne
2019-03-09 10:40:27+11:00,38427,-38.20117338560522,145.08104980923238,126.91214,70.79999999999995,2854,21.862800000000004,21862.8,162.0,66.0,,22,2019-03-08 23:40:27,Australia/Melbourne
2019-03-09 10:40:30+11:00,38430,-38.201056206598885,145.0811894517392,126.92998,71.79999999999995,2859,20.5344,20534.4,162.0,62.0,,22,2019-03-08 23:40:30,Australia/Melbourne
2019-03-09 10:40:34+11:00,38434,-38.20091052912176,145.08136874064803,126.95253999999998,73.0,2865,19.8216,19821.6,162.0,58.0,,22,2019-03-08 23:40:34,Australia/Melbourne
2019-03-09 10:40:36+11:00,38436,-38.200840624049306,145.0814568344504,126.96348,73.79999999999995,2869,19.278,19278.0,162.0,57.0,,22,2019-03-08 23:40:36,Australia/Melbourne
2019-03-09 10:40:37+11:00,38437,-38.200806258246295,145.08150134235618,126.96892,74.20000000000005,2871,19.494,19494.0,162.0,57.0,,22,2019-03-08 23:40:37,Australia/Melbourne
2019-03-09 10:40:42+11:00,38442,-38.20062923245132,145.08173896931112,126.99754,75.20000000000005,2876,20.4732,20473.2,161.0,59.0,,22,2019-03-08 23:40:42,Australia/Melbourne
2019-03-09 10:40:43+11:00,38443,-38.200592184439294,145.0817846506834,127.00328,75.0,2875,20.9304,20930.4,161.0,60.0,,22,2019-03-08 23:40:43,Australia/Melbourne
2019-03-09 10:40:48+11:00,38448,-38.200414655730135,145.082026720047,127.03223999999999,76.20000000000005,2881,21.2616,21261.6,163.0,60.0,,22,2019-03-08 23:40:48,Australia/Melbourne
2019-03-09 10:40:51+11:00,38451,-38.2003072835505,145.08217256516218,127.0497,76.60000000000002,2883,20.8548,20854.8,164.0,60.0,,22,2019-03-08 23:40:51,Australia/Melbourne
2019-03-09 10:40:55+11:00,38455,-38.200167054310434,145.08237037807703,127.073,77.20000000000005,2886,20.7972,20797.2,166.0,60.0,,22,2019-03-08 23:40:55,Australia/Melbourne
2019-03-09 10:40:58+11:00,38458,-38.200060352683074,145.08251789957285,127.09054,77.79999999999995,2889,23.346,23346.0,167.0,61.0,,22,2019-03-08 23:40:58,Australia/Melbourne
2019-03-09 10:40:59+11:00,38459,-38.200023975223296,145.08256810717285,127.0965,78.20000000000005,2891,21.8376,21837.6,168.0,64.0,,22,2019-03-08 23:40:59,Australia/Melbourne
2019-03-09 10:41:00+11:00,38460,-38.1999948900193,145.0826218351722,127.1022,78.79999999999995,2894,20.4228,20422.8,168.0,64.0,,22,2019-03-08 23:41:00,Australia/Melbourne
2019-03-09 10:41:03+11:00,38463,-38.19989782758057,145.08277849294242,127.11966,79.0,2895,21.581999999999997,21582.0,169.0,61.0,,22,2019-03-08 23:41:03,Australia/Melbourne
2019-03-09 10:41:04+11:00,38464,-38.19986186921597,145.08283037692308,127.1257,79.20000000000005,2896,21.5352,21535.2,170.0,61.0,,22,2019-03-08 23:41:04,Australia/Melbourne
2019-03-09 10:41:12+11:00,38472,-38.1995815783739,145.0832854304463,127.17628,79.60000000000002,2898,25.0776,25077.6,168.0,72.0,,22,2019-03-08 23:41:12,Australia/Melbourne
2019-03-09 10:41:18+11:00,38478,-38.19935392588378,145.08367435075345,127.2187,79.20000000000005,2896,26.6256,26625.6,167.0,77.0,,22,2019-03-08 23:41:18,Australia/Melbourne
2019-03-09 10:41:19+11:00,38479,-38.199312938377254,145.08374283090234,127.22622,79.39999999999998,2897,27.252,27252.0,167.0,79.0,,22,2019-03-08 23:41:19,Australia/Melbourne
2019-03-09 10:41:25+11:00,38485,-38.199064331129186,145.08417156524956,127.27283999999999,78.39999999999998,2892,29.358,29358.0,164.0,76.0,,22,2019-03-08 23:41:25,Australia/Melbourne
2019-03-09 10:41:28+11:00,38488,-38.19892980158329,145.08440483361485,127.29813999999999,77.79999999999995,2889,30.942000000000004,30942.0,161.0,0.0,,22,2019-03-08 23:41:28,Australia/Melbourne
2019-03-09 10:41:29+11:00,38489,-38.198879845440395,145.08448479697108,127.30708,77.39999999999998,2887,32.022,32022.0,160.0,83.0,,22,2019-03-08 23:41:29,Australia/Melbourne
2019-03-09 10:41:33+11:00,38493,-38.19867750629783,145.0848199892789,127.34404,76.20000000000005,2881,35.132400000000004,35132.4,157.0,89.0,,22,2019-03-08 23:41:33,Australia/Melbourne
2019-03-09 10:41:37+11:00,38497,-38.19845530204475,145.0851983483881,127.38533999999999,74.79999999999995,2874,38.1744,38174.4,154.0,80.0,,22,2019-03-08 23:41:37,Australia/Melbourne
2019-03-09 10:41:39+11:00,38499,-38.198339212685816,145.08539641276002,127.40696,73.79999999999995,2869,38.6568,38656.8,150.0,0.0,,22,2019-03-08 23:41:39,Australia/Melbourne
2019-03-09 10:41:40+11:00,38500,-38.1982804555446,145.0854959897697,127.41783999999998,73.60000000000002,2868,39.1032,39103.2,148.0,0.0,,22,2019-03-08 23:41:40,Australia/Melbourne
2019-03-09 10:41:42+11:00,38502,-38.1981694791466,145.0856912881136,127.43892,72.60000000000002,2863,37.3104,37310.4,145.0,0.0,,22,2019-03-08 23:41:42,Australia/Melbourne
2019-03-09 10:41:44+11:00,38504,-38.198059173300855,145.08588222786784,127.45966000000001,71.60000000000002,2858,36.3744,36374.4,145.0,0.0,,22,2019-03-08 23:41:44,Australia/Melbourne
2019-03-09 10:41:46+11:00,38506,-38.197955153882496,145.08605833165345,127.47892,72.0,2860,33.408,33408.0,146.0,0.0,,22,2019-03-08 23:41:46,Australia/Melbourne
2019-03-09 10:41:47+11:00,38507,-38.19790427573025,145.08614106103778,127.4881,72.60000000000002,2863,32.274,32274.0,147.0,0.0,,22,2019-03-08 23:41:47,Australia/Melbourne
2019-03-09 10:41:49+11:00,38509,-38.19780536927283,145.08630543015897,127.50622,73.79999999999995,2869,31.4424,31442.4,149.0,83.0,,22,2019-03-08 23:41:49,Australia/Melbourne
2019-03-09 10:41:52+11:00,38512,-38.19765960797668,145.08652528747916,127.53136,74.60000000000002,2873,29.0304,29030.4,149.0,78.0,,22,2019-03-08 23:41:52,Australia/Melbourne
2019-03-09 10:41:53+11:00,38513,-38.19761644117534,145.0865937676281,127.53903999999999,74.79999999999995,2874,27.9036,27903.6,149.0,74.0,,22,2019-03-08 23:41:53,Australia/Melbourne
2019-03-09 10:41:58+11:00,38518,-38.19742231629789,145.08690205402672,127.5736,75.79999999999995,2879,22.3884,22388.4,149.0,59.0,,22,2019-03-08 23:41:58,Australia/Melbourne
2019-03-09 10:42:01+11:00,38521,-38.19732567295432,145.08706868626174,127.59172,77.20000000000005,2886,21.1032,21103.2,149.0,57.0,,22,2019-03-08 23:42:01,Australia/Melbourne
2019-03-09 10:42:06+11:00,38526,-38.19716750644147,145.0873506534845,127.62201999999999,78.39999999999998,2892,21.528,21528.0,150.0,57.0,,22,2019-03-08 23:42:06,Australia/Melbourne
2019-03-09 10:42:09+11:00,38529,-38.19707237184048,145.08751552551985,127.6399,79.39999999999998,2897,21.4164,21416.4,152.0,57.0,,22,2019-03-08 23:42:09,Australia/Melbourne
2019-03-09 10:42:12+11:00,38532,-38.196972962468855,145.0876905396581,127.6588,80.0,2900,22.3812,22381.2,155.0,58.0,,22,2019-03-08 23:42:12,Australia/Melbourne
2019-03-09 10:42:15+11:00,38535,-38.19687355309725,145.08785482496026,127.67692,80.60000000000002,2903,22.4748,22474.8,156.0,59.0,,22,2019-03-08 23:42:15,Australia/Melbourne
2019-03-09 10:42:16+11:00,38536,-38.196842288598425,145.08791089989245,127.68293999999999,80.79999999999995,2904,22.1796,22179.6,157.0,59.0,,22,2019-03-08 23:42:16,Australia/Melbourne
2019-03-09 10:42:21+11:00,38541,-38.19667213596404,145.08819932118058,127.71446,81.60000000000002,2908,23.6376,23637.6,157.0,61.0,,22,2019-03-08 23:42:21,Australia/Melbourne
2019-03-09 10:42:23+11:00,38543,-38.196601644158356,145.08832211606202,127.72778000000001,81.39999999999998,2907,24.2964,24296.4,157.0,63.0,,22,2019-03-08 23:42:23,Australia/Melbourne
2019-03-09 10:42:31+11:00,38551,-38.196293273940675,145.0888582225889,127.7859,80.60000000000002,2903,28.0152,28015.2,156.0,72.0,,22,2019-03-08 23:42:31,Australia/Melbourne
2019-03-09 10:42:37+11:00,38557,-38.196037458255894,145.08930288255215,127.8341,80.39999999999998,2902,29.8224,29822.4,155.0,0.0,,22,2019-03-08 23:42:37,Australia/Melbourne
2019-03-09 10:42:40+11:00,38560,-38.19589982740581,145.08954226970673,127.86003999999998,79.39999999999998,2897,31.9068,31906.8,154.0,84.0,,22,2019-03-08 23:42:40,Australia/Melbourne
2019-03-09 10:42:45+11:00,38565,-38.1956450175494,145.08996949531138,127.90696,78.20000000000005,2891,34.7868,34786.8,152.0,77.0,,22,2019-03-08 23:42:45,Australia/Melbourne
2019-03-09 10:42:48+11:00,38568,-38.19548173807562,145.09024475701153,127.93712,77.20000000000005,2886,37.1052,37105.2,150.0,96.0,,22,2019-03-08 23:42:48,Australia/Melbourne
2019-03-09 10:42:49+11:00,38569,-38.19542474113405,145.09034014306962,127.9476,76.79999999999995,2884,37.62,37620.0,149.0,99.0,,22,2019-03-08 23:42:49,Australia/Melbourne
2019-03-09 10:42:55+11:00,38575,-38.1950939912349,145.09089334867897,128.0084,76.79999999999995,2884,32.3568,32356.8,147.0,85.0,,22,2019-03-08 23:42:55,Australia/Melbourne
2019-03-09 10:42:58+11:00,38578,-38.19495803676545,145.09111857041717,128.03323999999998,78.20000000000005,2891,27.9288,27928.8,146.0,76.0,,22,2019-03-08 23:42:58,Australia/Melbourne
2019-03-09 10:43:01+11:00,38581,-38.194833816960454,145.0913251005113,128.05598,79.20000000000005,2896,26.3412,26341.2,147.0,78.0,,22,2019-03-08 23:43:01,Australia/Melbourne
2019-03-09 10:43:07+11:00,38587,-38.194615049287684,145.091694239527,128.09642,80.20000000000005,2901,22.780800000000006,22780.8,149.0,66.0,,22,2019-03-08 23:43:07,Australia/Melbourne
2019-03-09 10:43:08+11:00,38588,-38.194581354036934,145.09174914099276,128.10252,80.60000000000002,2903,21.6864,21686.4,149.0,65.0,,22,2019-03-08 23:43:08,Australia/Melbourne
2019-03-09 10:43:13+11:00,38593,-38.19442603737116,145.09201149456203,128.13124,81.60000000000002,2908,19.983600000000006,19983.6,149.0,66.0,,22,2019-03-08 23:43:13,Australia/Melbourne
2019-03-09 10:43:15+11:00,38595,-38.194369124248624,145.092111825943,128.14206000000001,82.39999999999998,2912,19.2132,19213.2,149.0,63.0,,22,2019-03-08 23:43:15,Australia/Melbourne
2019-03-09 10:43:17+11:00,38597,-38.194317743182175,145.09221157059073,128.1525,82.79999999999995,2914,18.9612,18961.2,149.0,63.0,,22,2019-03-08 23:43:17,Australia/Melbourne
2019-03-09 10:43:22+11:00,38602,-38.194177262485034,145.0924583338201,128.17916,83.79999999999995,2919,19.548,19548.0,150.0,61.0,,22,2019-03-08 23:43:22,Australia/Melbourne
2019-03-09 10:43:23+11:00,38603,-38.19414800964296,145.09250787086785,128.18458,84.0,2920,19.4652,19465.2,150.0,63.0,,22,2019-03-08 23:43:23,Australia/Melbourne
2019-03-09 10:43:31+11:00,38611,-38.19388708099723,145.0929282233119,128.23142,84.39999999999998,2922,21.9492,21949.2,153.0,71.0,,22,2019-03-08 23:43:31,Australia/Melbourne
2019-03-09 10:43:34+11:00,38614,-38.19377954117954,145.09309426881373,128.25024000000002,85.0,2925,23.022,23022.0,152.0,74.0,,22,2019-03-08 23:43:34,Australia/Melbourne
2019-03-09 10:43:39+11:00,38619,-38.193569406867034,145.0933595560491,128.28316,84.39999999999998,2922,25.074,25074.0,153.0,81.0,,22,2019-03-08 23:43:39,Australia/Melbourne
2019-03-09 10:43:46+11:00,38626,-38.19319859147072,145.09371754713356,128.33498,84.0,2920,28.1304,28130.4,153.0,84.0,,22,2019-03-08 23:43:46,Australia/Melbourne
2019-03-09 10:43:47+11:00,38627,-38.193137235939496,145.0937639828771,128.34292,83.79999999999995,2919,28.5804,28580.4,153.0,86.0,,22,2019-03-08 23:43:47,Australia/Melbourne
2019-03-09 10:43:52+11:00,38632,-38.19279760122299,145.09400613605973,128.38616000000002,83.0,2915,32.4108,32410.8,150.0,93.0,,22,2019-03-08 23:43:52,Australia/Melbourne
2019-03-09 10:43:53+11:00,38633,-38.19272149354219,145.09404695592818,128.39534,82.60000000000002,2913,33.0552,33055.200000000004,150.0,93.0,,22,2019-03-08 23:43:53,Australia/Melbourne
2019-03-09 10:43:58+11:00,38638,-38.19231488741934,145.0942196231335,128.44296,82.0,2910,34.0812,34081.200000000004,149.0,88.0,,22,2019-03-08 23:43:58,Australia/Melbourne
2019-03-09 10:43:59+11:00,38639,-38.19223224185407,145.09424577467144,128.45242,81.39999999999998,2907,34.326,34326.0,148.0,88.0,,22,2019-03-08 23:43:59,Australia/Melbourne
2019-03-09 10:44:05+11:00,38645,-38.191709294915206,145.09440855123103,128.5122,81.0,2905,37.008,37008.0,146.0,83.0,,22,2019-03-08 23:44:05,Australia/Melbourne
2019-03-09 10:44:08+11:00,38648,-38.191430764272816,145.09450217708945,128.54417999999998,79.39999999999998,2897,38.6676,38667.6,143.0,87.0,,22,2019-03-08 23:44:08,Australia/Melbourne
2019-03-09 10:44:11+11:00,38651,-38.191142678260796,145.09460133500397,128.5773,78.20000000000005,2891,40.92480000000001,40924.8,141.0,91.0,,22,2019-03-08 23:44:11,Australia/Melbourne
2019-03-09 10:44:12+11:00,38652,-38.19104343652725,145.0946339406073,128.5887,77.0,2885,41.4648,41464.8,141.0,69.0,,22,2019-03-08 23:44:12,Australia/Melbourne
2019-03-09 10:44:13+11:00,38653,-38.19094209931791,145.09466470219198,128.60026000000002,75.39999999999998,2877,41.5656,41565.6,140.0,69.0,,22,2019-03-08 23:44:13,Australia/Melbourne
2019-03-09 10:44:14+11:00,38654,-38.1908421870321,145.09469797834754,128.61172,74.0,2870,41.2884,41288.4,140.0,69.0,,22,2019-03-08 23:44:14,Australia/Melbourne
2019-03-09 10:44:16+11:00,38656,-38.19063917733729,145.09476427920163,128.635,72.60000000000002,2863,41.418000000000006,41418.0,138.0,0.0,,22,2019-03-08 23:44:16,Australia/Melbourne
2019-03-09 10:44:18+11:00,38658,-38.190433150157325,145.09482144378123,128.6584,71.39999999999998,2857,41.5656,41565.6,137.0,0.0,,22,2019-03-08 23:44:18,Australia/Melbourne
2019-03-09 10:44:19+11:00,38659,-38.19033164530993,145.0948509480804,128.66996,70.79999999999995,2854,41.472,41472.0,137.0,0.0,,22,2019-03-08 23:44:19,Australia/Melbourne
2019-03-09 10:44:21+11:00,38661,-38.19013182073832,145.0949055142701,128.69266000000002,70.20000000000005,2851,41.1696,41169.6,140.0,0.0,,22,2019-03-08 23:44:21,Australia/Melbourne
2019-03-09 10:44:24+11:00,38664,-38.18983904086053,145.0949949491769,128.72608,69.0,2845,40.032,40032.0,138.0,0.0,,22,2019-03-08 23:44:24,Australia/Melbourne
2019-03-09 10:44:27+11:00,38667,-38.189552798867226,145.09508865885437,128.75889999999998,68.39999999999998,2842,38.64960000000001,38649.6,141.0,88.0,,22,2019-03-08 23:44:27,Australia/Melbourne
2019-03-09 10:44:33+11:00,38673,-38.18900747224689,145.09526090696454,128.82128,68.0,2840,36.0828,36082.8,138.0,83.0,,22,2019-03-08 23:44:33,Australia/Melbourne
2019-03-09 10:44:36+11:00,38676,-38.18875081837177,145.09534304961562,128.85066,68.0,2840,35.110800000000005,35110.8,138.0,81.0,,22,2019-03-08 23:44:36,Australia/Melbourne
2019-03-09 10:44:43+11:00,38683,-38.18817942403257,145.0955325644463,128.91624000000002,67.79999999999995,2839,33.400800000000004,33400.8,140.0,77.0,,22,2019-03-08 23:44:43,Australia/Melbourne
2019-03-09 10:44:50+11:00,38690,-38.18761582486332,145.09575535543263,128.98178000000001,67.39999999999998,2837,34.542,34542.0,142.0,80.0,,22,2019-03-08 23:44:50,Australia/Melbourne
2019-03-09 10:44:51+11:00,38691,-38.187531922012575,145.095788044855,128.99152,67.0,2835,34.6248,34624.8,143.0,78.0,,22,2019-03-08 23:44:51,Australia/Melbourne
2019-03-09 10:44:52+11:00,38692,-38.18744961172342,145.0958207342774,129.0011,66.60000000000002,2833,35.1612,35161.200000000004,143.0,80.0,,22,2019-03-08 23:44:52,Australia/Melbourne
2019-03-09 10:44:56+11:00,38696,-38.18711358122528,145.09595576673746,129.04022,65.79999999999995,2829,35.4564,35456.4,142.0,0.0,,22,2019-03-08 23:44:56,Australia/Melbourne
2019-03-09 10:44:59+11:00,38699,-38.18684997037053,145.09605584666133,129.07076,65.20000000000005,2826,37.6848,37684.8,141.0,85.0,,22,2019-03-08 23:44:59,Australia/Melbourne
2019-03-09 10:45:00+11:00,38700,-38.186758188530796,145.09609054774046,129.0814,64.79999999999995,2824,38.178,38178.0,142.0,85.0,,22,2019-03-08 23:45:00,Australia/Melbourne
2019-03-09 10:45:02+11:00,38702,-38.18656993098557,145.09615349583328,129.10299999999998,63.600000000000016,2818,38.8728,38872.8,142.0,88.0,,22,2019-03-08 23:45:02,Australia/Melbourne
2019-03-09 10:45:06+11:00,38706,-38.18618427962065,145.09629062376914,129.14746,62.200000000000045,2811,41.58000000000001,41580.0,140.0,94.0,,22,2019-03-08 23:45:06,Australia/Melbourne
2019-03-09 10:45:09+11:00,38709,-38.1858770828694,145.09640369564298,129.18296,60.600000000000016,2803,43.0632,43063.2,138.0,78.0,,22,2019-03-08 23:45:09,Australia/Melbourne
2019-03-09 10:45:11+11:00,38711,-38.185667116194956,145.09647645056248,129.20713999999998,59.399999999999984,2797,43.47360000000001,43473.6,138.0,0.0,,22,2019-03-08 23:45:11,Australia/Melbourne
2019-03-09 10:45:13+11:00,38713,-38.18545522168279,145.09654702618718,129.23146,58.200000000000045,2791,44.1576,44157.6,139.0,0.0,,22,2019-03-08 23:45:13,Australia/Melbourne
2019-03-09 10:45:15+11:00,38715,-38.18524299189448,145.09662061929703,129.25588,57.600000000000016,2788,44.496,44496.0,139.0,0.0,,22,2019-03-08 23:45:15,Australia/Melbourne
2019-03-09 10:45:17+11:00,38717,-38.18502807989717,145.09669882245365,129.2807,57.0,2785,44.62560000000001,44625.6,137.0,0.0,,22,2019-03-08 23:45:17,Australia/Melbourne
2019-03-09 10:45:19+11:00,38719,-38.18481308408081,145.09676604531703,129.30528,55.600000000000016,2778,44.2548,44254.8,136.0,0.0,,22,2019-03-08 23:45:19,Australia/Melbourne
2019-03-09 10:45:20+11:00,38720,-38.18470319733024,145.0967918615788,129.31768,54.200000000000045,2771,44.6652,44665.2,135.0,0.0,,22,2019-03-08 23:45:20,Australia/Melbourne
2019-03-09 10:45:21+11:00,38721,-38.184592304751284,145.0968105532229,129.33010000000002,53.600000000000016,2768,44.5788,44578.8,133.0,0.0,,22,2019-03-08 23:45:21,Australia/Melbourne
2019-03-09 10:45:22+11:00,38722,-38.18447864614428,145.09682279080153,129.34274,53.0,2765,45.36360000000001,45363.6,132.0,0.0,,22,2019-03-08 23:45:22,Australia/Melbourne
2019-03-09 10:45:23+11:00,38723,-38.18436373025179,145.0968317594379,129.35551999999998,51.399999999999984,2757,45.4896,45489.6,130.0,0.0,,22,2019-03-08 23:45:23,Australia/Melbourne
2019-03-09 10:45:24+11:00,38724,-38.18425225093961,145.09683921933174,129.36792,50.200000000000045,2751,44.6544,44654.4,130.0,0.0,,22,2019-03-08 23:45:24,Australia/Melbourne
2019-03-09 10:45:25+11:00,38725,-38.18413984961808,145.09683662094176,129.38039999999998,49.399999999999984,2747,45.0792,45079.2,129.0,0.0,,22,2019-03-08 23:45:25,Australia/Melbourne
2019-03-09 10:45:26+11:00,38726,-38.184026945382364,145.09682656265798,129.39296000000002,49.200000000000045,2746,45.396,45396.0,130.0,0.0,,22,2019-03-08 23:45:26,Australia/Melbourne
2019-03-09 10:45:29+11:00,38729,-38.18368622101843,145.09674961678684,129.43142,48.0,2740,46.3752,46375.2,134.0,0.0,,22,2019-03-08 23:45:29,Australia/Melbourne
2019-03-09 10:45:30+11:00,38730,-38.18357323296368,145.0967101380229,129.44442,47.200000000000045,2736,46.5912,46591.2,135.0,0.0,,22,2019-03-08 23:45:30,Australia/Melbourne
2019-03-09 10:45:31+11:00,38731,-38.18346292711794,145.09666227735582,129.45736000000002,46.399999999999984,2732,46.7064,46706.4,135.0,0.0,,22,2019-03-08 23:45:31,Australia/Melbourne
2019-03-09 10:45:33+11:00,38733,-38.18324306979776,145.09655700065198,129.48346,44.399999999999984,2722,46.4616,46461.6,136.0,0.0,,22,2019-03-08 23:45:33,Australia/Melbourne
2019-03-09 10:45:35+11:00,38735,-38.183026229962714,145.0964474491775,129.50936000000002,42.79999999999996,2714,46.71720000000001,46717.2,133.0,93.0,,22,2019-03-08 23:45:35,Australia/Melbourne
2019-03-09 10:45:37+11:00,38737,-38.18280821666122,145.09635189548138,129.53498000000002,41.39999999999998,2707,45.972,45972.0,133.0,75.0,,22,2019-03-08 23:45:37,Australia/Melbourne
2019-03-09 10:45:40+11:00,38740,-38.182485932484276,145.0962230656296,129.57247999999998,39.79999999999996,2699,44.5572,44557.2,135.0,0.0,,22,2019-03-08 23:45:40,Australia/Melbourne
2019-03-09 10:45:42+11:00,38742,-38.182273367419846,145.09614787995815,129.59698,38.79999999999996,2694,44.1,44100.0,128.0,0.0,,22,2019-03-08 23:45:42,Australia/Melbourne
2019-03-09 10:45:43+11:00,38743,-38.182167923077934,145.0961128436029,129.60908,38.79999999999996,2694,43.7328,43732.8,121.0,0.0,,22,2019-03-08 23:45:43,Australia/Melbourne
2019-03-09 10:45:44+11:00,38744,-38.18206398747861,145.09607696905732,129.62104,38.39999999999998,2692,43.2036,43203.6,116.0,0.0,,22,2019-03-08 23:45:44,Australia/Melbourne
2019-03-09 10:45:45+11:00,38745,-38.181962734088295,145.0960389152169,129.63276000000002,37.79999999999996,2689,42.7464,42746.4,118.0,0.0,,22,2019-03-08 23:45:45,Australia/Melbourne
2019-03-09 10:45:47+11:00,38747,-38.18176332861185,145.09596976451573,129.65572,38.0,2690,41.558400000000006,41558.4,124.0,0.0,,22,2019-03-08 23:45:47,Australia/Melbourne
2019-03-09 10:45:48+11:00,38748,-38.181664422154434,145.09593590162692,129.66708,38.0,2690,40.8924,40892.4,129.0,82.0,,22,2019-03-08 23:45:48,Australia/Melbourne
2019-03-09 10:45:49+11:00,38749,-38.18156652152538,145.09590421803298,129.6783,37.79999999999996,2689,40.12560000000001,40125.6,131.0,82.0,,22,2019-03-08 23:45:49,Australia/Melbourne
2019-03-09 10:45:50+11:00,38750,-38.18147130310536,145.09587538428602,129.68916000000002,37.60000000000002,2688,39.2652,39265.2,134.0,81.0,,22,2019-03-08 23:45:50,Australia/Melbourne
2019-03-09 10:45:52+11:00,38752,-38.18129000253976,145.09582199156284,129.70984,37.79999999999996,2689,36.3852,36385.2,137.0,76.0,,22,2019-03-08 23:45:52,Australia/Melbourne
2019-03-09 10:45:55+11:00,38755,-38.181042401120074,145.09576130658388,129.73782,39.60000000000002,2698,32.500800000000005,32500.8,137.0,78.0,,22,2019-03-08 23:45:55,Australia/Melbourne
2019-03-09 10:45:59+11:00,38759,-38.180750040337436,145.09569081477818,129.77086,40.60000000000002,2703,27.7056,27705.6,136.0,76.0,,22,2019-03-08 23:45:59,Australia/Melbourne
2019-03-09 10:46:00+11:00,38760,-38.180682733654976,145.09568092413247,129.77838,41.39999999999998,2707,27.061200000000003,27061.2,137.0,73.0,,22,2019-03-08 23:46:00,Australia/Melbourne
2019-03-09 10:46:01+11:00,38761,-38.18061718717217,145.09567321278158,129.7857,42.0,2710,26.0532,26053.2,138.0,71.0,,22,2019-03-08 23:46:01,Australia/Melbourne
2019-03-09 10:46:03+11:00,38763,-38.18049087189139,145.09567564353347,129.7997,43.0,2715,24.9876,24987.6,139.0,67.0,,22,2019-03-08 23:46:03,Australia/Melbourne
2019-03-09 10:46:06+11:00,38766,-38.18030823022127,145.0956930778921,129.82002,43.79999999999996,2719,24.0588,24058.8,140.0,64.0,,22,2019-03-08 23:46:06,Australia/Melbourne
2019-03-09 10:46:07+11:00,38767,-38.180248634889715,145.09569752030075,129.82664,44.0,2720,23.9796,23979.6,141.0,62.0,,22,2019-03-08 23:46:07,Australia/Melbourne
2019-03-09 10:46:10+11:00,38770,-38.180075297132134,145.0957156252116,129.84593999999998,45.200000000000045,2726,22.896,22896.0,143.0,61.0,,22,2019-03-08 23:46:10,Australia/Melbourne
2019-03-09 10:46:12+11:00,38772,-38.179963482543826,145.0957383401692,129.8585,45.399999999999984,2727,22.32,22320.0,146.0,59.0,,22,2019-03-08 23:46:12,Australia/Melbourne
2019-03-09 10:46:14+11:00,38774,-38.17985761910678,145.09577019140124,129.87058000000002,46.0,2730,21.7728,21772.8,147.0,57.0,,22,2019-03-08 23:46:14,Australia/Melbourne
2019-03-09 10:46:15+11:00,38775,-38.179804561659694,145.09578620083633,129.87662,46.200000000000045,2731,21.5244,21524.4,148.0,57.0,,22,2019-03-08 23:46:15,Australia/Melbourne
2019-03-09 10:46:19+11:00,38779,-38.17960062995553,145.09585375897586,129.90001999999998,47.200000000000045,2736,21.33,21330.0,151.0,55.0,,22,2019-03-08 23:46:19,Australia/Melbourne
2019-03-09 10:46:22+11:00,38782,-38.179442211985595,145.0959083251655,129.91824,47.600000000000016,2738,22.5252,22525.2,152.0,57.0,,22,2019-03-08 23:46:22,Australia/Melbourne
2019-03-09 10:46:29+11:00,38789,-38.179053962230675,145.09605375118554,129.9632,48.200000000000045,2741,23.576400000000003,23576.4,154.0,61.0,,22,2019-03-08 23:46:29,Australia/Melbourne
2019-03-09 10:46:36+11:00,38796,-38.17861575633288,145.0961910467595,130.01336,47.0,2735,28.306800000000006,28306.8,156.0,70.0,,22,2019-03-08 23:46:36,Australia/Melbourne
2019-03-09 10:46:41+11:00,38801,-38.17825835198164,145.0963047053665,130.05428,46.200000000000045,2731,30.9024,30902.4,156.0,0.0,,22,2019-03-08 23:46:41,Australia/Melbourne
2019-03-09 10:46:44+11:00,38804,-38.178022149950266,145.09637083858254,130.0811,45.200000000000045,2726,32.9724,32972.4,155.0,85.0,,22,2019-03-08 23:46:44,Australia/Melbourne
2019-03-09 10:46:46+11:00,38806,-38.17785861901939,145.09641953743994,130.09976,43.79999999999996,2719,33.9408,33940.8,154.0,79.0,,22,2019-03-08 23:46:46,Australia/Melbourne
2019-03-09 10:46:51+11:00,38811,-38.17743231542409,145.09651970118284,130.1479,43.200000000000045,2716,35.711999999999996,35712.0,151.0,80.0,,22,2019-03-08 23:46:51,Australia/Melbourne
2019-03-09 10:46:52+11:00,38812,-38.17734271287918,145.09653604589403,130.15794,42.79999999999996,2714,36.1044,36104.4,151.0,80.0,,22,2019-03-08 23:46:52,Australia/Melbourne
2019-03-09 10:46:54+11:00,38814,-38.177163591608405,145.09656052105132,130.17793999999998,42.60000000000002,2713,36.2664,36266.4,150.0,82.0,,22,2019-03-08 23:46:54,Australia/Melbourne
2019-03-09 10:46:57+11:00,38817,-38.176891347393386,145.09657703340054,130.20821999999998,41.39999999999998,2707,36.6696,36669.6,148.0,84.0,,22,2019-03-08 23:46:57,Australia/Melbourne
2019-03-09 10:46:58+11:00,38818,-38.17679956555367,145.09657577611506,130.2184,41.200000000000045,2706,36.7452,36745.2,146.0,84.0,,22,2019-03-08 23:46:58,Australia/Melbourne
2019-03-09 10:47:00+11:00,38820,-38.17661357112229,145.096575608477,130.23904,40.200000000000045,2701,37.08000000000001,37080.0,145.0,83.0,,22,2019-03-08 23:47:00,Australia/Melbourne
2019-03-09 10:47:02+11:00,38822,-38.17642657086253,145.09656647220254,130.2598,39.200000000000045,2696,37.6236,37623.6,144.0,86.0,,22,2019-03-08 23:47:02,Australia/Melbourne
2019-03-09 10:47:06+11:00,38826,-38.176049049943686,145.09654643945396,130.30176,38.39999999999998,2692,37.8324,37832.4,142.0,87.0,,22,2019-03-08 23:47:06,Australia/Melbourne
2019-03-09 10:47:07+11:00,38827,-38.1759550049901,145.0965440925211,130.3122,37.79999999999996,2689,37.7928,37792.8,141.0,85.0,,22,2019-03-08 23:47:07,Australia/Melbourne
2019-03-09 10:47:11+11:00,38831,-38.17558242939413,145.0965378060937,130.35356000000002,36.60000000000002,2683,37.8288,37828.8,140.0,86.0,,22,2019-03-08 23:47:11,Australia/Melbourne
2019-03-09 10:47:14+11:00,38834,-38.1753022223711,145.09655264206233,130.3847,35.799999999999955,2679,37.3392,37339.2,142.0,85.0,,22,2019-03-08 23:47:14,Australia/Melbourne
2019-03-09 10:47:15+11:00,38835,-38.17521010525525,145.09656538255513,130.39498,35.200000000000045,2676,36.846,36846.0,142.0,86.0,,22,2019-03-08 23:47:15,Australia/Melbourne
2019-03-09 10:47:18+11:00,38838,-38.174935011193156,145.0966309290379,130.42606,36.200000000000045,2681,37.0512,37051.2,143.0,86.0,,22,2019-03-08 23:47:18,Australia/Melbourne
2019-03-09 10:47:19+11:00,38839,-38.174844989553094,145.09666034951806,130.43636,35.39999999999998,2677,37.2888,37288.8,142.0,84.0,,22,2019-03-08 23:47:19,Australia/Melbourne
2019-03-09 10:47:20+11:00,38840,-38.17475714720785,145.09669530205431,130.44658,34.200000000000045,2671,36.81,36810.0,140.0,84.0,,22,2019-03-08 23:47:20,Australia/Melbourne
2019-03-09 10:47:24+11:00,38844,-38.17441994324327,145.09686361066997,130.48684,34.0,2670,36.5436,36543.6,139.0,85.0,,22,2019-03-08 23:47:24,Australia/Melbourne
2019-03-09 10:47:27+11:00,38847,-38.17417485639453,145.0970171671361,130.5172,33.0,2665,37.4508,37450.8,138.0,84.0,,22,2019-03-08 23:47:27,Australia/Melbourne
2019-03-09 10:47:30+11:00,38850,-38.17393521778285,145.0972149800509,130.54898,32.399999999999984,2662,38.501999999999995,38502.0,135.0,89.0,,22,2019-03-08 23:47:30,Australia/Melbourne
2019-03-09 10:47:32+11:00,38852,-38.17378140985966,145.09737079963088,130.57082,31.79999999999995,2659,39.5676,39567.6,135.0,89.0,,22,2019-03-08 23:47:32,Australia/Melbourne
2019-03-09 10:47:34+11:00,38854,-38.17362617701292,145.09753877297044,130.59348,32.799999999999955,2664,40.932,40932.0,136.0,92.0,,22,2019-03-08 23:47:34,Australia/Melbourne
2019-03-09 10:47:36+11:00,38856,-38.173478320240974,145.0977277010679,130.6168,32.799999999999955,2664,42.09840000000001,42098.4,136.0,95.0,,22,2019-03-08 23:47:36,Australia/Melbourne
2019-03-09 10:47:37+11:00,38857,-38.173402044922106,145.09782342240214,130.62872,30.600000000000023,2653,43.1532,43153.2,135.0,90.0,,22,2019-03-08 23:47:37,Australia/Melbourne
2019-03-09 10:47:39+11:00,38859,-38.173265419900424,145.09802483953538,130.65198,29.399999999999977,2647,42.75720000000001,42757.2,135.0,92.0,,22,2019-03-08 23:47:39,Australia/Melbourne
2019-03-09 10:47:41+11:00,38861,-38.17312334664165,145.09823933243754,130.67651999999998,29.0,2645,43.8372,43837.2,135.0,80.0,,22,2019-03-08 23:47:41,Australia/Melbourne
2019-03-09 10:47:43+11:00,38863,-38.17298202775419,145.09844837710259,130.70062,28.0,2640,42.6492,42649.2,135.0,80.0,,22,2019-03-08 23:47:43,Australia/Melbourne
2019-03-09 10:47:45+11:00,38865,-38.17284104414284,145.09865859523416,130.72480000000002,26.0,2630,44.9676,44967.6,132.0,0.0,,22,2019-03-08 23:47:45,Australia/Melbourne
2019-03-09 10:47:47+11:00,38867,-38.17267902195453,145.0988497864455,130.74939999999998,25.600000000000023,2628,44.7228,44722.8,131.0,0.0,,22,2019-03-08 23:47:47,Australia/Melbourne
2019-03-09 10:47:49+11:00,38869,-38.17249830812216,145.09902345947918,130.77458,24.399999999999977,2622,45.1764,45176.4,131.0,0.0,,22,2019-03-08 23:47:49,Australia/Melbourne
2019-03-09 10:47:50+11:00,38870,-38.17240434698761,145.099110128358,130.78748000000002,23.0,2615,46.044,46044.0,131.0,0.0,,22,2019-03-08 23:47:50,Australia/Melbourne
2019-03-09 10:47:52+11:00,38872,-38.1722164247185,145.09927064180374,130.81264,22.0,2610,45.3564,45356.4,129.0,0.0,,22,2019-03-08 23:47:52,Australia/Melbourne
2019-03-09 10:47:56+11:00,38876,-38.17180554382503,145.09952989406887,130.86362,20.0,2600,46.0296,46029.6,128.0,0.0,,22,2019-03-08 23:47:56,Australia/Melbourne
2019-03-09 10:47:58+11:00,38878,-38.17159507423639,145.0996421277523,130.88898,19.399999999999977,2597,44.78760000000001,44787.6,131.0,0.0,,22,2019-03-08 23:47:58,Australia/Melbourne
2019-03-09 10:48:01+11:00,38881,-38.17128611728549,145.0997853744775,130.9255,19.600000000000023,2598,42.9948,42994.8,135.0,0.0,,22,2019-03-08 23:48:01,Australia/Melbourne
2019-03-09 10:48:02+11:00,38882,-38.171185282990336,145.09983675554398,130.93756000000002,19.0,2595,43.1676,43167.6,135.0,0.0,,22,2019-03-08 23:48:02,Australia/Melbourne
2019-03-09 10:48:03+11:00,38883,-38.171085622161634,145.0998925790191,130.94966000000002,18.600000000000023,2593,42.8472,42847.2,132.0,0.0,,22,2019-03-08 23:48:03,Australia/Melbourne
2019-03-09 10:48:05+11:00,38885,-38.17089007236064,145.10001235641542,130.97378,17.79999999999995,2589,42.354000000000006,42354.0,129.0,0.0,,22,2019-03-08 23:48:05,Australia/Melbourne
2019-03-09 10:48:08+11:00,38888,-38.17060701549053,145.10019265115258,131.00894,16.799999999999955,2584,41.2416,41241.6,128.0,0.0,,22,2019-03-08 23:48:08,Australia/Melbourne
2019-03-09 10:48:09+11:00,38889,-38.17051774822176,145.10026004165408,131.02048,15.799999999999955,2579,40.9068,40906.8,128.0,0.0,,22,2019-03-08 23:48:09,Australia/Melbourne
2019-03-09 10:48:13+11:00,38893,-38.17017769441009,145.10050345212218,131.06384,16.200000000000045,2581,37.2816,37281.6,124.0,0.0,,22,2019-03-08 23:48:13,Australia/Melbourne
2019-03-09 10:48:14+11:00,38894,-38.17009731195867,145.10055617429316,131.07388,16.0,2580,36.9432,36943.2,121.0,0.0,,22,2019-03-08 23:48:14,Australia/Melbourne
2019-03-09 10:48:18+11:00,38898,-38.16979539580643,145.1007790490985,131.11266,16.0,2580,33.757200000000005,33757.200000000004,127.0,81.0,,22,2019-03-08 23:48:18,Australia/Melbourne
2019-03-09 10:48:19+11:00,38899,-38.16972423344851,145.1008314359933,131.12179999999998,16.0,2580,33.1128,33112.8,130.0,78.0,,22,2019-03-08 23:48:19,Australia/Melbourne
2019-03-09 10:48:24+11:00,38904,-38.16938233561814,145.10105581954122,131.16456000000002,17.600000000000023,2588,29.048400000000004,29048.4,130.0,88.0,,22,2019-03-08 23:48:24,Australia/Melbourne
2019-03-09 10:48:25+11:00,38905,-38.169320477172725,145.10109102353454,131.1721,18.0,2590,27.846,27846.0,129.0,84.0,,22,2019-03-08 23:48:25,Australia/Melbourne
2019-03-09 10:48:28+11:00,38908,-38.16913146525621,145.10119261220098,131.19488,18.600000000000023,2593,26.8344,26834.4,133.0,80.0,,22,2019-03-08 23:48:28,Australia/Melbourne
2019-03-09 10:48:29+11:00,38909,-38.16907044500113,145.10122303850952,131.20216000000002,18.79999999999995,2594,26.0604,26060.4,134.0,78.0,,22,2019-03-08 23:48:29,Australia/Melbourne
2019-03-09 10:48:33+11:00,38913,-38.16882963292301,145.10132605209947,131.23038,19.20000000000005,2596,24.4116,24411.6,136.0,82.0,,21,2019-03-08 23:48:33,Australia/Melbourne
2019-03-09 10:48:36+11:00,38916,-38.16866274923086,145.10138816200197,131.24970000000002,20.0,2600,23.544,23544.0,138.0,76.0,,21,2019-03-08 23:48:36,Australia/Melbourne
2019-03-09 10:48:40+11:00,38920,-38.168442221358426,145.10145764797926,131.27492,20.20000000000005,2601,22.176,22176.0,141.0,73.0,,21,2019-03-08 23:48:40,Australia/Melbourne
2019-03-09 10:48:44+11:00,38924,-38.16822471097112,145.10151456110182,131.29958,21.20000000000005,2606,21.2472,21247.2,140.0,69.0,,21,2019-03-08 23:48:44,Australia/Melbourne
2019-03-09 10:48:48+11:00,38928,-38.16801952198148,145.10154884308574,131.32256,21.399999999999977,2607,20.8044,20804.4,142.0,68.0,,21,2019-03-08 23:48:48,Australia/Melbourne
2019-03-09 10:48:52+11:00,38932,-38.167820116505034,145.10158111341298,131.34483999999998,22.20000000000005,2611,20.271600000000007,20271.6,142.0,65.0,,21,2019-03-08 23:48:52,Australia/Melbourne
2019-03-09 10:48:57+11:00,38937,-38.167565306648605,145.10160114616156,131.37320000000003,22.600000000000023,2613,20.2212,20221.2,144.0,66.0,,21,2019-03-08 23:48:57,Australia/Melbourne
2019-03-09 10:48:58+11:00,38938,-38.167513255029924,145.1016009785235,131.37895999999998,22.600000000000023,2613,20.6928,20692.8,144.0,65.0,,21,2019-03-08 23:48:58,Australia/Melbourne
2019-03-09 10:49:02+11:00,38942,-38.16729842685164,145.10160718113184,131.40284,22.399999999999977,2612,21.42,21420.0,147.0,70.0,,21,2019-03-08 23:49:02,Australia/Melbourne
2019-03-09 10:49:06+11:00,38946,-38.16707907244563,145.10159142315388,131.42722,22.79999999999995,2614,21.8412,21841.2,150.0,69.0,,21,2019-03-08 23:49:06,Australia/Melbourne
2019-03-09 10:49:09+11:00,38949,-38.166918139904745,145.10156996548176,131.4452,23.20000000000005,2616,21.6108,21610.8,151.0,69.0,,21,2019-03-08 23:49:09,Australia/Melbourne
2019-03-09 10:49:15+11:00,38955,-38.1665976997465,145.1015391200781,131.4809,24.20000000000005,2621,20.9844,20984.4,152.0,68.0,,21,2019-03-08 23:49:15,Australia/Melbourne
2019-03-09 10:49:16+11:00,38956,-38.166545396670706,145.1015327498317,131.48672,24.20000000000005,2621,20.8656,20865.6,152.0,67.0,,21,2019-03-08 23:49:16,Australia/Melbourne
2019-03-09 10:49:21+11:00,38961,-38.16630022600293,145.10150576010346,131.51406,25.399999999999977,2627,19.4364,19436.4,152.0,64.0,,21,2019-03-08 23:49:21,Australia/Melbourne
2019-03-09 10:49:24+11:00,38964,-38.16615756601095,145.10149897076192,131.52992,26.0,2630,18.4968,18496.8,153.0,61.0,,21,2019-03-08 23:49:24,Australia/Melbourne
2019-03-09 10:49:28+11:00,38968,-38.1659631896764,145.10147650726142,131.55158,26.600000000000023,2633,20.07,20070.0,153.0,63.0,,21,2019-03-08 23:49:28,Australia/Melbourne
2019-03-09 10:49:31+11:00,38971,-38.16580845974386,145.1014680415392,131.56878,26.79999999999995,2634,20.6352,20635.2,154.0,66.0,,21,2019-03-08 23:49:31,Australia/Melbourne
2019-03-09 10:49:35+11:00,38975,-38.16559799015522,145.10146787390113,131.59214,27.600000000000023,2638,20.808000000000003,20808.0,157.0,67.0,,21,2019-03-08 23:49:35,Australia/Melbourne
2019-03-09 10:49:36+11:00,38976,-38.16554577089846,145.10146871209145,131.59794,27.79999999999995,2639,21.0636,21063.6,157.0,67.0,,21,2019-03-08 23:49:36,Australia/Melbourne
2019-03-09 10:49:39+11:00,38979,-38.1653865147382,145.1014712266624,131.61562,28.20000000000005,2641,21.4416,21441.6,159.0,68.0,,21,2019-03-08 23:49:39,Australia/Melbourne
2019-03-09 10:49:45+11:00,38985,-38.165076300501816,145.1015063468367,131.6502,29.0,2645,20.5272,20527.2,159.0,66.0,,21,2019-03-08 23:49:45,Australia/Melbourne
2019-03-09 10:49:47+11:00,38987,-38.16497647203504,145.1015296485275,131.66146,29.399999999999977,2647,19.8972,19897.2,159.0,66.0,,21,2019-03-08 23:49:47,Australia/Melbourne
2019-03-09 10:49:52+11:00,38992,-38.16473272629082,145.10159452445802,131.68912,30.20000000000005,2651,20.0484,20048.4,159.0,64.0,,21,2019-03-08 23:49:52,Australia/Melbourne
2019-03-09 10:49:54+11:00,38994,-38.16463859751821,145.10163014754653,131.70002,30.20000000000005,2651,19.1484,19148.4,158.0,63.0,,21,2019-03-08 23:49:54,Australia/Melbourne
2019-03-09 10:49:56+11:00,38996,-38.16454522311688,145.1016628369689,131.71078,30.600000000000023,2653,19.206,19206.0,158.0,63.0,,21,2019-03-08 23:49:56,Australia/Melbourne
2019-03-09 10:49:59+11:00,38999,-38.164406754076474,145.10173492133615,131.72738,31.20000000000005,2656,20.3832,20383.2,159.0,65.0,,21,2019-03-08 23:49:59,Australia/Melbourne
2019-03-09 10:50:00+11:00,39000,-38.16435864195228,145.10175772011283,131.73308,31.399999999999977,2657,20.5668,20566.8,158.0,66.0,,21,2019-03-08 23:50:00,Australia/Melbourne
2019-03-09 10:50:10+11:00,39010,-38.163851955905564,145.1020104344934,131.79356,31.600000000000023,2658,22.370400000000004,22370.4,157.0,72.0,,21,2019-03-08 23:50:10,Australia/Melbourne
2019-03-09 10:50:19+11:00,39019,-38.1633839942515,145.10223909281194,131.84928,32.200000000000045,2661,21.8016,21801.6,156.0,0.0,,21,2019-03-08 23:50:19,Australia/Melbourne
2019-03-09 10:50:25+11:00,39025,-38.16307042725384,145.1023875363171,131.88642000000002,32.399999999999984,2662,22.8636,22863.6,153.0,74.0,,21,2019-03-08 23:50:25,Australia/Melbourne
2019-03-09 10:50:28+11:00,39028,-38.162908740341656,145.10247303172946,131.90586000000002,32.600000000000016,2663,23.5584,23558.4,152.0,75.0,,21,2019-03-08 23:50:28,Australia/Melbourne
2019-03-09 10:50:35+11:00,39035,-38.1624939199537,145.10268601588902,131.95558,32.399999999999984,2662,27.558000000000003,27558.0,149.0,88.0,,21,2019-03-08 23:50:35,Australia/Melbourne
2019-03-09 10:50:44+11:00,39044,-38.16194431856274,145.10295800864697,132.02106,33.0,2665,23.256,23256.0,148.0,77.0,,21,2019-03-08 23:50:44,Australia/Melbourne
2019-03-09 10:50:45+11:00,39045,-38.161892183125026,145.10298432782292,132.0273,33.200000000000045,2666,22.6944,22694.4,148.0,75.0,,21,2019-03-08 23:50:45,Australia/Melbourne
2019-03-09 10:50:47+11:00,39047,-38.16178841516376,145.1030331943184,132.03958,34.399999999999984,2672,21.3876,21387.6,147.0,71.0,,21,2019-03-08 23:50:47,Australia/Melbourne
2019-03-09 10:50:51+11:00,39051,-38.16159655340015,145.1031270716339,132.06242,34.799999999999955,2674,20.5344,20534.4,148.0,69.0,,21,2019-03-08 23:50:51,Australia/Melbourne
2019-03-09 10:50:56+11:00,39056,-38.161365296691656,145.10323058813808,132.08964,35.60000000000002,2678,19.2024,19202.4,148.0,76.0,,21,2019-03-08 23:50:56,Australia/Melbourne
2019-03-09 10:50:57+11:00,39057,-38.161319447681315,145.1032548118383,132.09514,35.799999999999955,2679,19.8468,19846.8,148.0,74.0,,21,2019-03-08 23:50:57,Australia/Melbourne
2019-03-09 10:51:01+11:00,39061,-38.161130184307694,145.10335673578086,132.11798000000002,36.60000000000002,2683,20.142,20142.0,147.0,73.0,,21,2019-03-08 23:51:01,Australia/Melbourne
2019-03-09 10:51:02+11:00,39062,-38.16108433529735,145.1033761817962,132.12333999999998,36.79999999999996,2684,19.8864,19886.4,148.0,73.0,,21,2019-03-08 23:51:02,Australia/Melbourne
2019-03-09 10:51:05+11:00,39065,-38.16094620153308,145.10343586094675,132.13956000000002,37.200000000000045,2686,19.6668,19666.8,149.0,73.0,,21,2019-03-08 23:51:05,Australia/Melbourne
2019-03-09 10:51:10+11:00,39070,-38.160722991451614,145.10355044156313,132.16628,37.79999999999996,2689,18.954,18954.0,151.0,70.0,,21,2019-03-08 23:51:10,Australia/Melbourne
2019-03-09 10:51:14+11:00,39074,-38.16054462455213,145.1036381162703,132.1875,38.0,2690,19.1412,19141.2,151.0,71.0,,21,2019-03-08 23:51:14,Australia/Melbourne
2019-03-09 10:51:22+11:00,39082,-38.16016391851008,145.1038406230509,132.23334,38.39999999999998,2692,21.546000000000006,21546.0,150.0,78.0,,21,2019-03-08 23:51:22,Australia/Melbourne
2019-03-09 10:51:29+11:00,39089,-38.159781452268355,145.10403390973806,132.27903999999998,37.79999999999996,2689,25.1712,25171.2,148.0,80.0,,21,2019-03-08 23:51:29,Australia/Melbourne
2019-03-09 10:51:35+11:00,39095,-38.15941088832915,145.104208169505,132.32291999999998,36.60000000000002,2683,26.7372,26737.2,145.0,0.0,,21,2019-03-08 23:51:35,Australia/Melbourne
2019-03-09 10:51:36+11:00,39096,-38.159348526969545,145.10424404405055,132.33051999999998,36.39999999999998,2682,27.3276,27327.6,144.0,0.0,,21,2019-03-08 23:51:36,Australia/Melbourne
2019-03-09 10:51:40+11:00,39100,-38.15907552838326,145.10438469238582,132.36326,36.60000000000002,2683,30.0744,30074.4,147.0,75.0,,21,2019-03-08 23:51:40,Australia/Melbourne
2019-03-09 10:51:43+11:00,39103,-38.15886455588043,145.10448904708028,132.3884,35.60000000000002,2678,29.5272,29527.2,147.0,0.0,,21,2019-03-08 23:51:43,Australia/Melbourne
2019-03-09 10:51:44+11:00,39104,-38.15879615955055,145.10452148504558,132.3965,35.39999999999998,2677,28.998,28998.0,145.0,0.0,,21,2019-03-08 23:51:44,Australia/Melbourne
2019-03-09 10:51:46+11:00,39106,-38.15866079181433,145.10458745062348,132.41262,35.60000000000002,2678,29.3364,29336.4,142.0,0.0,,21,2019-03-08 23:51:46,Australia/Melbourne
2019-03-09 10:51:51+11:00,39111,-38.15832543186843,145.10476900264618,132.4531,34.399999999999984,2672,28.9944,28994.4,144.0,0.0,,21,2019-03-08 23:51:51,Australia/Melbourne
2019-03-09 10:51:52+11:00,39112,-38.15825804136694,145.10480864904818,132.46133999999998,34.399999999999984,2672,29.5092,29509.2,144.0,0.0,,21,2019-03-08 23:51:52,Australia/Melbourne
2019-03-09 10:51:53+11:00,39113,-38.158187381923206,145.10484167374668,132.46970000000002,34.399999999999984,2672,29.8188,29818.8,143.0,0.0,,21,2019-03-08 23:51:53,Australia/Melbourne
2019-03-09 10:51:55+11:00,39115,-38.158041536808014,145.10491451248527,132.48712,34.0,2670,31.7016,31701.6,138.0,89.0,,21,2019-03-08 23:51:55,Australia/Melbourne
2019-03-09 10:51:57+11:00,39117,-38.15789150074124,145.10498525574803,132.50488,33.200000000000045,2666,32.6268,32626.8,136.0,74.0,,21,2019-03-08 23:51:57,Australia/Melbourne
2019-03-09 10:52:03+11:00,39123,-38.15741574391723,145.10522690601647,132.56178,32.0,2660,35.226,35226.0,132.0,80.0,,21,2019-03-08 23:52:03,Australia/Melbourne
2019-03-09 10:52:07+11:00,39127,-38.15707116387785,145.1053946278989,132.60278,30.79999999999995,2654,38.43000000000001,38430.0,132.0,86.0,,21,2019-03-08 23:52:07,Australia/Melbourne
2019-03-09 10:52:09+11:00,39129,-38.15688231959939,145.10548406280574,132.62516000000002,28.79999999999995,2644,41.0076,41007.6,133.0,69.0,,21,2019-03-08 23:52:09,Australia/Melbourne
2019-03-09 10:52:10+11:00,39130,-38.156784754246466,145.10552748106417,132.63664,27.600000000000023,2638,41.1588,41158.8,133.0,69.0,,21,2019-03-08 23:52:10,Australia/Melbourne
2019-03-09 10:52:11+11:00,39131,-38.156685680150986,145.10556980967522,132.64826000000002,26.399999999999977,2632,41.7168,41716.8,133.0,0.0,,21,2019-03-08 23:52:11,Australia/Melbourne
2019-03-09 10:52:12+11:00,39132,-38.1565850134939,145.10561054572463,132.65998000000002,25.399999999999977,2627,42.2424,42242.4,133.0,0.0,,21,2019-03-08 23:52:12,Australia/Melbourne
2019-03-09 10:52:14+11:00,39134,-38.15638150088489,145.10570014826953,132.68392,23.79999999999995,2619,43.23240000000001,43232.4,130.0,0.0,,21,2019-03-08 23:52:14,Australia/Melbourne
2019-03-09 10:52:16+11:00,39136,-38.15617027692497,145.10578782297668,132.70857999999998,22.600000000000023,2613,44.8092,44809.2,130.0,0.0,,21,2019-03-08 23:52:16,Australia/Melbourne
2019-03-09 10:52:17+11:00,39137,-38.15606324002147,145.10583383962512,132.72111999999998,21.79999999999995,2609,45.54,45540.0,131.0,0.0,,21,2019-03-08 23:52:17,Australia/Melbourne
2019-03-09 10:52:18+11:00,39138,-38.15595670603216,145.10588413104415,132.73376000000002,21.0,2605,46.00080000000001,46000.8,131.0,0.0,,21,2019-03-08 23:52:18,Australia/Melbourne
2019-03-09 10:52:20+11:00,39140,-38.155749253928654,145.10601807385686,132.75961999999998,19.399999999999977,2597,47.4156,47415.6,128.0,0.0,,21,2019-03-08 23:52:20,Australia/Melbourne
2019-03-09 10:52:21+11:00,39141,-38.15564749762415,145.10609686374661,132.77284,18.79999999999995,2594,47.8836,47883.6,125.0,0.0,,21,2019-03-08 23:52:21,Australia/Melbourne
2019-03-09 10:52:22+11:00,39142,-38.15554968081415,145.10618713684383,132.78628,17.79999999999995,2589,48.39120000000001,48391.2,124.0,0.0,,21,2019-03-08 23:52:22,Australia/Melbourne
2019-03-09 10:52:23+11:00,39143,-38.15545379184187,145.10628319345415,132.79986,16.799999999999955,2584,48.9744,48974.4,124.0,0.0,,21,2019-03-08 23:52:23,Australia/Melbourne
2019-03-09 10:52:24+11:00,39144,-38.15535983070731,145.10638461448255,132.81356,15.799999999999955,2579,49.3776,49377.6,124.0,0.0,,21,2019-03-08 23:52:24,Australia/Melbourne
2019-03-09 10:52:25+11:00,39145,-38.15526293590665,145.10648343712091,132.82738,14.799999999999955,2574,49.9788,49978.8,125.0,0.0,,21,2019-03-08 23:52:25,Australia/Melbourne
2019-03-09 10:52:26+11:00,39146,-38.15516302362085,145.10658049955964,132.84134,14.0,2570,50.61600000000001,50616.0,126.0,0.0,,21,2019-03-08 23:52:26,Australia/Melbourne
2019-03-09 10:52:28+11:00,39148,-38.1549631152302,145.10678007267416,132.86960000000002,11.800000000000011,2559,51.3,51300.0,122.0,0.0,,21,2019-03-08 23:52:28,Australia/Melbourne
2019-03-09 10:52:30+11:00,39150,-38.15476555377246,145.10699330829084,132.89842000000002,10.199999999999989,2551,52.3188,52318.8,117.0,0.0,,21,2019-03-08 23:52:30,Australia/Melbourne
2019-03-09 10:52:31+11:00,39151,-38.1546729337424,145.1071128342301,132.9131,9.399999999999975,2547,52.7616,52761.6,118.0,0.0,,21,2019-03-08 23:52:31,Australia/Melbourne
2019-03-09 10:52:32+11:00,39152,-38.15459297038615,145.107247447595,132.92785999999998,8.399999999999977,2542,52.848,52848.0,120.0,0.0,,21,2019-03-08 23:52:32,Australia/Melbourne
2019-03-09 10:52:33+11:00,39153,-38.1545299384743,145.1073983218521,132.94284,6.600000000000023,2533,53.7588,53758.8,122.0,0.0,,21,2019-03-08 23:52:33,Australia/Melbourne
2019-03-09 10:52:34+11:00,39154,-38.15448375418782,145.10755933821198,132.95784,5.600000000000024,2528,53.802,53802.0,122.0,0.0,,21,2019-03-08 23:52:34,Australia/Melbourne
2019-03-09 10:52:35+11:00,39155,-38.15445072948933,145.10772697627544,132.97298,4.399999999999976,2522,54.2448,54244.8,122.0,0.0,,21,2019-03-08 23:52:35,Australia/Melbourne
2019-03-09 10:52:36+11:00,39156,-38.154431618750095,145.10789855383337,132.98818,3.0,2515,54.3852,54385.2,120.0,0.0,,21,2019-03-08 23:52:36,Australia/Melbourne
2019-03-09 10:52:37+11:00,39157,-38.15442549996078,145.1080688741058,133.00312,2.0,2510,53.7048,53704.8,120.0,0.0,,21,2019-03-08 23:52:37,Australia/Melbourne
2019-03-09 10:52:38+11:00,39158,-38.154420470818884,145.10824053548274,133.01818,1.0,2505,54.4464,54446.4,120.0,0.0,,21,2019-03-08 23:52:38,Australia/Melbourne
2019-03-09 10:52:40+11:00,39160,-38.154399432241924,145.1085907313973,133.04896000000002,-1.3999999999999773,2493,56.0808,56080.8,122.0,0.0,,21,2019-03-08 23:52:40,Australia/Melbourne
2019-03-09 10:52:41+11:00,39161,-38.15437881276012,145.10876859538254,133.06470000000002,-3.0,2485,56.88,56880.0,125.0,0.0,,21,2019-03-08 23:52:41,Australia/Melbourne
2019-03-09 10:52:42+11:00,39162,-38.154346207156784,145.10894771665338,133.08082000000002,-4.600000000000024,2477,58.0896,58089.6,126.0,0.0,,21,2019-03-08 23:52:42,Australia/Melbourne
2019-03-09 10:52:43+11:00,39163,-38.15430320799351,145.10911803692582,133.09648,-6.399999999999977,2468,56.4156,56415.6,127.0,0.0,,21,2019-03-08 23:52:43,Australia/Melbourne
2019-03-09 10:52:44+11:00,39164,-38.15424394793809,145.10928257368502,133.11234,-7.800000000000012,2461,57.0348,57034.8,124.0,0.0,,21,2019-03-08 23:52:44,Australia/Melbourne
2019-03-09 10:52:45+11:00,39165,-38.1541707739234,145.109435627237,133.12802,-9.199999999999989,2454,56.3256,56325.6,119.0,0.0,,21,2019-03-08 23:52:45,Australia/Melbourne
2019-03-09 10:52:46+11:00,39166,-38.154082512483,145.10957879014313,133.14394,-10.600000000000025,2447,57.4416,57441.6,114.0,0.0,,21,2019-03-08 23:52:46,Australia/Melbourne
2019-03-09 10:52:47+11:00,39167,-38.153986120596535,145.10970912873742,133.1596,-11.600000000000026,2442,56.3112,56311.2,113.0,0.0,,21,2019-03-08 23:52:47,Australia/Melbourne
2019-03-09 10:52:48+11:00,39168,-38.15388335846365,145.10982940904796,133.17512,-12.600000000000026,2437,56.07,56070.0,114.0,0.0,,21,2019-03-08 23:52:48,Australia/Melbourne
2019-03-09 10:52:50+11:00,39170,-38.15367397852242,145.1100427284837,133.20496,-13.600000000000026,2432,52.5024,52502.4,119.0,0.0,,21,2019-03-08 23:52:50,Australia/Melbourne
2019-03-09 10:52:52+11:00,39172,-38.15347591415048,145.11023375205696,133.23260000000002,-13.0,2435,48.98880000000001,48988.8,120.0,0.0,,21,2019-03-08 23:52:52,Australia/Melbourne
2019-03-09 10:52:54+11:00,39174,-38.153292266651995,145.11040532961488,133.25791999999998,-13.0,2435,43.9056,43905.6,115.0,0.0,,21,2019-03-08 23:52:54,Australia/Melbourne
2019-03-09 10:52:56+11:00,39176,-38.153129070997245,145.11057280004025,133.28126,-12.0,2440,40.751999999999995,40752.0,117.0,0.0,,21,2019-03-08 23:52:56,Australia/Melbourne
2019-03-09 10:52:57+11:00,39177,-38.153054472059004,145.11065972037613,133.2925,-10.399999999999975,2448,39.8412,39841.2,119.0,85.0,,21,2019-03-08 23:52:57,Australia/Melbourne
2019-03-09 10:52:59+11:00,39179,-38.15292002633214,145.11082786135373,133.31348,-9.0,2455,36.8136,36813.6,123.0,81.0,,21,2019-03-08 23:52:59,Australia/Melbourne
2019-03-09 10:53:00+11:00,39180,-38.15286546014249,145.1109167933464,133.32334,-8.800000000000011,2456,35.784,35784.0,124.0,81.0,,21,2019-03-08 23:53:00,Australia/Melbourne
2019-03-09 10:53:01+11:00,39181,-38.15281592309475,145.11100924573842,133.33312,-8.800000000000011,2456,35.26920000000001,35269.200000000004,124.0,83.0,,21,2019-03-08 23:53:01,Australia/Melbourne
2019-03-09 10:53:04+11:00,39184,-38.152700001373894,145.11129884049296,133.36162,-7.800000000000012,2461,33.7536,33753.6,126.0,89.0,,21,2019-03-08 23:53:04,Australia/Melbourne
2019-03-09 10:53:06+11:00,39186,-38.15264283679426,145.11150034144518,133.38038,-6.800000000000012,2466,33.2676,33267.6,127.0,88.0,,21,2019-03-08 23:53:06,Australia/Melbourne
2019-03-09 10:53:11+11:00,39191,-38.15249615348876,145.11199755594134,133.42694,-8.0,2460,33.8508,33850.8,128.0,88.0,,21,2019-03-08 23:53:11,Australia/Melbourne
2019-03-09 10:53:13+11:00,39193,-38.15241392701864,145.11218614876267,133.44582,-8.0,2460,34.0884,34088.4,129.0,89.0,,21,2019-03-08 23:53:13,Australia/Melbourne
2019-03-09 10:53:16+11:00,39196,-38.152268333360546,145.1124540343881,133.47433999999998,-9.0,2455,33.8544,33854.4,129.0,88.0,,21,2019-03-08 23:53:16,Australia/Melbourne
2019-03-09 10:53:19+11:00,39199,-38.152095079422004,145.1126893144101,133.50256000000002,-8.800000000000011,2456,33.4296,33429.6,132.0,87.0,,21,2019-03-08 23:53:19,Australia/Melbourne
2019-03-09 10:53:22+11:00,39202,-38.15191310830414,145.11288980953398,133.52936,-9.399999999999975,2453,31.7304,31730.4,135.0,83.0,,21,2019-03-08 23:53:22,Australia/Melbourne
2019-03-09 10:53:25+11:00,39205,-38.15172543749213,145.11306390166285,133.5552,-8.800000000000011,2456,30.506400000000006,30506.4,136.0,90.0,,21,2019-03-08 23:53:25,Australia/Melbourne
2019-03-09 10:53:29+11:00,39209,-38.15147917717695,145.11328317224982,133.5886,-8.600000000000023,2457,29.545200000000005,29545.2,139.0,88.0,,21,2019-03-08 23:53:29,Australia/Melbourne
2019-03-09 10:53:32+11:00,39212,-38.15130785107613,145.11344879865646,133.61254,-8.0,2460,28.735200000000006,28735.2,139.0,85.0,,21,2019-03-08 23:53:32,Australia/Melbourne
2019-03-09 10:53:34+11:00,39214,-38.151194108650095,145.11355843394998,133.6284,-8.199999999999989,2459,28.458,28458.0,138.0,84.0,,21,2019-03-08 23:53:34,Australia/Melbourne
2019-03-09 10:53:42+11:00,39222,-38.150736708194025,145.11396981775758,133.69070000000002,-7.399999999999977,2463,27.684,27684.0,137.0,80.0,,21,2019-03-08 23:53:42,Australia/Melbourne
2019-03-09 10:53:44+11:00,39224,-38.150625815615065,145.11407434009016,133.70604,-7.399999999999977,2463,27.7344,27734.4,138.0,81.0,,21,2019-03-08 23:53:44,Australia/Melbourne
2019-03-09 10:53:52+11:00,39232,-38.150173192843795,145.11449511162937,133.76835999999997,-7.600000000000023,2462,28.314,28314.0,141.0,83.0,,21,2019-03-08 23:53:52,Australia/Melbourne
2019-03-09 10:53:53+11:00,39233,-38.15011736936867,145.1145474985242,133.77607999999998,-7.800000000000012,2461,27.9216,27921.6,140.0,82.0,,21,2019-03-08 23:53:53,Australia/Melbourne
2019-03-09 10:53:57+11:00,39237,-38.14988669939339,145.11474430561066,133.80698,-7.0,2465,27.6588,27658.8,141.0,81.0,,21,2019-03-08 23:53:57,Australia/Melbourne
2019-03-09 10:54:02+11:00,39242,-38.149609928950674,145.11499467305842,133.84472,-6.800000000000012,2466,27.2268,27226.8,140.0,80.0,,21,2019-03-08 23:54:02,Australia/Melbourne
2019-03-09 10:54:10+11:00,39250,-38.149150181561716,145.11536523699758,133.90526,-6.600000000000023,2467,27.4428,27442.8,141.0,80.0,,21,2019-03-08 23:54:10,Australia/Melbourne
2019-03-09 10:54:17+11:00,39257,-38.14873536117375,145.11566765606403,133.95842000000002,-6.600000000000023,2467,27.486,27486.0,144.0,79.0,,21,2019-03-08 23:54:17,Australia/Melbourne
2019-03-09 10:54:20+11:00,39260,-38.1485481094569,145.1157937198877,133.98196000000002,-7.800000000000012,2461,27.5508,27550.8,143.0,80.0,,21,2019-03-08 23:54:20,Australia/Melbourne
2019-03-09 10:54:21+11:00,39261,-38.14848667010665,145.1158380601555,133.9898,-8.0,2460,27.7344,27734.4,143.0,81.0,,21,2019-03-08 23:54:21,Australia/Melbourne
2019-03-09 10:54:26+11:00,39266,-38.148187268525355,145.1160634495318,134.02848,-7.0,2465,28.1376,28137.6,145.0,82.0,,21,2019-03-08 23:54:26,Australia/Melbourne
2019-03-09 10:54:33+11:00,39273,-38.14778309315443,145.11643971316514,134.08428,-7.199999999999988,2464,28.8864,28886.4,144.0,84.0,,22,2019-03-08 23:54:33,Australia/Melbourne
2019-03-09 10:54:39+11:00,39279,-38.147495510056615,145.1168624963611,134.13327999999998,-8.199999999999989,2459,29.419200000000004,29419.2,141.0,88.0,,22,2019-03-08 23:54:39,Australia/Melbourne
2019-03-09 10:54:45+11:00,39285,-38.147279005497694,145.11733397841454,134.18114000000003,-8.800000000000011,2456,24.591600000000003,24591.6,140.0,69.0,,22,2019-03-08 23:54:45,Australia/Melbourne
2019-03-09 10:54:49+11:00,39289,-38.147204238921404,145.11750429868695,134.19826,-7.399999999999977,2463,9.5436,9543.6,140.0,0.0,,22,2019-03-08 23:54:49,Australia/Melbourne
2019-03-09 10:55:24+11:00,39324,-38.147169118747115,145.11756590567532,134.20088,-7.199999999999988,2464,7.1856,7185.6,140.0,0.0,,22,2019-03-08 23:55:24,Australia/Melbourne
2019-03-09 10:55:26+11:00,39326,-38.14714548178017,145.11761468835175,134.2059,-7.600000000000023,2462,9.3852,9385.2,141.0,0.0,,22,2019-03-08 23:55:26,Australia/Melbourne
2019-03-09 10:55:29+11:00,39329,-38.14709309488535,145.11772558093068,134.21720000000002,-7.800000000000012,2461,16.038,16038.0,138.0,0.0,,22,2019-03-08 23:55:29,Australia/Melbourne
2019-03-09 10:55:30+11:00,39330,-38.147063422948115,145.11777528561655,134.22266000000002,-8.0,2460,19.5012,19501.2,137.0,0.0,,22,2019-03-08 23:55:30,Australia/Melbourne
2019-03-09 10:55:33+11:00,39333,-38.14698689617217,145.1179164368659,134.23770000000002,-8.199999999999989,2459,17.3736,17373.600000000002,139.0,60.0,,22,2019-03-08 23:55:33,Australia/Melbourne
2019-03-09 10:55:35+11:00,39335,-38.14692570827901,145.11798592284322,134.24681999999999,-8.399999999999977,2458,19.774800000000006,19774.8,139.0,65.0,,22,2019-03-08 23:55:35,Australia/Melbourne
2019-03-09 10:55:40+11:00,39340,-38.146721441298716,145.11824953369796,134.27924,-7.800000000000012,2461,23.1804,23180.4,141.0,69.0,,22,2019-03-08 23:55:40,Australia/Melbourne
2019-03-09 10:55:46+11:00,39346,-38.14644224010408,145.1185596641153,134.32048,-8.399999999999977,2458,25.2756,25275.6,144.0,71.0,,23,2019-03-08 23:55:46,Australia/Melbourne
2019-03-09 10:55:47+11:00,39347,-38.14639303833246,145.11861129663885,134.32756,-8.199999999999989,2459,25.4844,25484.4,144.0,72.0,,23,2019-03-08 23:55:47,Australia/Melbourne
2019-03-09 10:55:54+11:00,39354,-38.14606522209942,145.1190036535263,134.37762,-8.600000000000023,2457,24.4188,24418.8,146.0,71.0,,23,2019-03-08 23:55:54,Australia/Melbourne
2019-03-09 10:56:00+11:00,39360,-38.145797168836005,145.11928067542613,134.41603999999998,-6.800000000000012,2466,21.2688,21268.8,144.0,63.0,,23,2019-03-08 23:56:00,Australia/Melbourne
2019-03-09 10:56:01+11:00,39361,-38.145756097510464,145.1193235069513,134.42193999999998,-6.600000000000023,2467,20.847600000000003,20847.6,146.0,62.0,,23,2019-03-08 23:56:01,Australia/Melbourne
2019-03-09 10:56:06+11:00,39366,-38.14556113444269,145.11953003704545,134.45016,-5.800000000000012,2471,18.6732,18673.2,148.0,57.0,,23,2019-03-08 23:56:06,Australia/Melbourne
2019-03-09 10:56:10+11:00,39370,-38.14542199485004,145.11966867372394,134.46982,-5.199999999999988,2474,15.8256,15825.6,148.0,53.0,,23,2019-03-08 23:56:10,Australia/Melbourne
2019-03-09 10:56:12+11:00,39372,-38.14536742866039,145.11971745640042,134.47724,-4.600000000000024,2477,12.4668,12466.8,148.0,0.0,,23,2019-03-08 23:56:12,Australia/Melbourne
2019-03-09 10:56:15+11:00,39375,-38.14531009644271,145.11977470479906,134.48533999999998,-4.0,2480,6.3288,6328.8,147.0,0.0,,23,2019-03-08 23:56:15,Australia/Melbourne
2019-03-09 10:56:16+11:00,39376,-38.14531638287008,145.1197690051049,134.48533999999998,-3.6000000000000227,2482,0.0,0.0,146.0,0.0,,23,2019-03-08 23:56:16,Australia/Melbourne
2019-03-09 10:56:28+11:00,39388,-38.14527053385972,145.1198034547269,134.48628,-3.6000000000000227,2482,7.4772,7477.2,146.0,0.0,,23,2019-03-08 23:56:28,Australia/Melbourne
2019-03-09 10:56:33+11:00,39393,-38.14514354802668,145.1199082285166,134.50312,-3.6000000000000227,2482,14.5332,14533.2,144.0,0.0,,23,2019-03-08 23:56:33,Australia/Melbourne
2019-03-09 10:56:35+11:00,39395,-38.14507448114455,145.11996966786685,134.5125,-4.0,2480,16.83,16830.0,141.0,45.0,,23,2019-03-08 23:56:35,Australia/Melbourne
2019-03-09 10:56:39+11:00,39399,-38.14491245895624,145.1200887747109,134.5333,-4.0,2480,19.1988,19198.8,140.0,54.0,,23,2019-03-08 23:56:39,Australia/Melbourne
2019-03-09 10:56:41+11:00,39401,-38.1448267120868,145.12014987878499,134.54422,-4.399999999999976,2478,19.962,19962.0,140.0,54.0,,23,2019-03-08 23:56:41,Australia/Melbourne
2019-03-09 10:56:45+11:00,39405,-38.14469251781703,145.12023914605382,134.56106,-4.600000000000024,2477,20.808000000000003,20808.0,140.0,0.0,,23,2019-03-08 23:56:45,Australia/Melbourne
2019-03-09 10:56:47+11:00,39407,-38.144593862816684,145.12030796147886,134.57353999999998,-5.0,2475,22.8276,22827.6,140.0,0.0,,23,2019-03-08 23:56:47,Australia/Melbourne
2019-03-09 10:56:51+11:00,39411,-38.144378196448095,145.12045129202306,134.60057999999998,-5.800000000000012,2471,25.0812,25081.2,141.0,73.0,,23,2019-03-08 23:56:51,Australia/Melbourne
2019-03-09 10:56:54+11:00,39414,-38.144194716587656,145.12053259648386,134.62220000000002,-6.399999999999977,2468,26.982,26982.0,141.0,77.0,,23,2019-03-08 23:56:54,Australia/Melbourne
2019-03-09 10:57:00+11:00,39420,-38.143783332779996,145.12067852541804,134.66971999999998,-6.399999999999977,2468,28.6452,28645.2,143.0,83.0,,23,2019-03-08 23:57:00,Australia/Melbourne
2019-03-09 10:57:04+11:00,39424,-38.14350262284279,145.12076569721103,134.70182,-7.0,2465,28.8684,28868.4,143.0,85.0,,23,2019-03-08 23:57:04,Australia/Melbourne
2019-03-09 10:57:09+11:00,39429,-38.143161898478866,145.120863430202,134.74058,-6.600000000000023,2467,27.6156,27615.6,143.0,81.0,,23,2019-03-08 23:57:09,Australia/Melbourne
2019-03-09 10:57:17+11:00,39437,-38.142628390342004,145.12105143629012,134.80206,-6.800000000000012,2466,27.6012,27601.2,143.0,81.0,,23,2019-03-08 23:57:17,Australia/Melbourne
2019-03-09 10:57:19+11:00,39439,-38.14249654300511,145.12111245654526,134.81763999999998,-7.0,2465,27.36,27360.0,143.0,80.0,,23,2019-03-08 23:57:19,Australia/Melbourne
2019-03-09 10:57:26+11:00,39446,-38.1420564930886,145.12132912874222,134.87006,-7.0,2465,25.9056,25905.6,144.0,75.0,,23,2019-03-08 23:57:26,Australia/Melbourne
2019-03-09 10:57:35+11:00,39455,-38.14149926416576,145.12158310040832,134.93582,-6.399999999999977,2468,26.553600000000007,26553.6,146.0,77.0,,24,2019-03-08 23:57:35,Australia/Melbourne
2019-03-09 10:57:44+11:00,39464,-38.14094354398549,145.12182785198092,135.00112,-7.199999999999988,2464,25.2216,25221.6,144.0,74.0,,24,2019-03-08 23:57:44,Australia/Melbourne
2019-03-09 10:57:53+11:00,39473,-38.140427051112056,145.12209297157827,135.06304,-7.600000000000023,2462,23.7888,23788.8,144.0,70.0,,24,2019-03-08 23:57:53,Australia/Melbourne
2019-03-09 10:58:01+11:00,39481,-38.14003578387201,145.12229749001563,135.11010000000002,-6.800000000000012,2466,14.5692,14569.2,143.0,0.0,,24,2019-03-08 23:58:01,Australia/Melbourne
2019-03-09 10:58:03+11:00,39483,-38.139970488846295,145.12229279614985,135.11736000000002,-6.0,2470,12.042000000000002,12042.0,141.0,0.0,,24,2019-03-08 23:58:03,Australia/Melbourne
2019-03-09 10:58:05+11:00,39485,-38.139911312609904,145.12228449806568,135.12398000000002,-5.399999999999976,2473,12.1788,12178.8,140.0,0.0,,24,2019-03-08 23:58:05,Australia/Melbourne
2019-03-09 10:58:10+11:00,39490,-38.139766054227955,145.12227485887706,135.14023999999998,-5.199999999999988,2474,10.5588,10558.8,138.0,0.0,,24,2019-03-08 23:58:10,Australia/Melbourne
2019-03-09 10:58:13+11:00,39493,-38.13971660099924,145.12226882390678,135.14571999999998,-4.800000000000012,2476,3.654,3654.0,136.0,0.0,,24,2019-03-08 23:58:13,Australia/Melbourne
2019-03-09 10:58:14+11:00,39494,-38.13972121104597,145.12227050028739,135.14571999999998,-4.800000000000012,2476,0.0,0.0,135.0,0.0,,24,2019-03-08 23:58:14,Australia/Melbourne
2019-03-09 11:08:15+11:00,40095,-38.13971500843763,145.12242564931512,135.14664000000002,-5.399999999999976,2473,6.7356,6735.6,125.0,0.0,,22,2019-03-09 00:08:15,Australia/Melbourne
2019-03-09 11:08:17+11:00,40097,-38.139690533280366,145.1224871724844,135.1527,-5.399999999999976,2473,9.936,9936.0,122.0,0.0,,22,2019-03-09 00:08:17,Australia/Melbourne
2019-03-09 11:08:21+11:00,40101,-38.13957570120692,145.12256738729775,135.16728,-5.600000000000024,2472,13.6656,13665.6,124.0,0.0,,22,2019-03-09 00:08:21,Australia/Melbourne
2019-03-09 11:08:24+11:00,40104,-38.139472436159856,145.12264114804566,135.18044,-5.800000000000012,2471,14.382,14382.0,127.0,55.0,,22,2019-03-09 00:08:24,Australia/Melbourne
2019-03-09 11:08:27+11:00,40107,-38.139366153627634,145.122702838853,135.19342,-5.600000000000024,2472,16.4844,16484.4,128.0,0.0,,22,2019-03-09 00:08:27,Australia/Melbourne
2019-03-09 11:08:28+11:00,40108,-38.13932650722563,145.12273049913347,135.19843999999998,-6.0,2470,17.4924,17492.4,128.0,63.0,,22,2019-03-09 00:08:28,Australia/Melbourne
2019-03-09 11:08:32+11:00,40112,-38.13914948143065,145.1228373683989,135.2202,-5.600000000000024,2472,19.2096,19209.6,131.0,72.0,,22,2019-03-09 00:08:32,Australia/Melbourne
2019-03-09 11:08:33+11:00,40113,-38.13910271041095,145.12286519631743,135.22593999999998,-6.199999999999988,2469,19.832400000000003,19832.4,132.0,74.0,,22,2019-03-09 00:08:33,Australia/Melbourne
2019-03-09 11:08:39+11:00,40119,-38.13883138820529,145.1230466645211,135.26002,-6.0,2470,20.7468,20746.8,135.0,75.0,,22,2019-03-09 00:08:39,Australia/Melbourne
2019-03-09 11:08:40+11:00,40120,-38.13877833075821,145.1230705529451,135.26628,-5.800000000000012,2471,21.4848,21484.8,134.0,78.0,,22,2019-03-09 00:08:40,Australia/Melbourne
2019-03-09 11:08:47+11:00,40127,-38.13838790170848,145.12321220710874,135.31142000000003,-5.800000000000012,2471,24.1092,24109.2,137.0,77.0,,22,2019-03-09 00:08:47,Australia/Melbourne
2019-03-09 11:08:48+11:00,40128,-38.13832880929112,145.12322695925832,135.31810000000002,-5.800000000000012,2471,24.066,24066.0,137.0,79.0,,22,2019-03-09 00:08:48,Australia/Melbourne
2019-03-09 11:08:55+11:00,40135,-38.137883814051754,145.12338495813307,135.36938,-6.0,2470,26.9208,26920.8,139.0,87.0,,22,2019-03-09 00:08:55,Australia/Melbourne
2019-03-09 11:09:02+11:00,40142,-38.13743102364242,145.12354153208437,135.42148,-6.800000000000012,2466,26.441999999999997,26442.0,139.0,85.0,,22,2019-03-09 00:09:02,Australia/Melbourne
2019-03-09 11:09:08+11:00,40148,-38.1370472162962,145.1236606389284,135.46538,-6.399999999999977,2468,26.154,26154.0,138.0,84.0,,22,2019-03-09 00:09:08,Australia/Melbourne
2019-03-09 11:09:15+11:00,40155,-38.13659702427685,145.12379550375044,135.51676,-6.199999999999988,2469,26.5932,26593.2,141.0,86.0,,22,2019-03-09 00:09:15,Australia/Melbourne
2019-03-09 11:09:22+11:00,40162,-38.13611280173063,145.1238871179521,135.5712,-7.0,2465,28.4652,28465.2,141.0,84.0,,22,2019-03-09 00:09:22,Australia/Melbourne
2019-03-09 11:09:30+11:00,40170,-38.13555054366589,145.12399407103658,135.6343,-6.199999999999988,2469,28.206,28206.0,141.0,83.0,,22,2019-03-09 00:09:30,Australia/Melbourne
2019-03-09 11:09:31+11:00,40171,-38.135478794574745,145.12400387786332,135.64231999999998,-6.199999999999988,2469,28.5408,28540.8,141.0,83.0,,22,2019-03-09 00:09:31,Australia/Melbourne
2019-03-09 11:09:34+11:00,40174,-38.13526564277709,145.12403346598146,135.66612,-5.800000000000012,2471,28.494,28494.0,142.0,83.0,,22,2019-03-09 00:09:34,Australia/Melbourne
2019-03-09 11:09:40+11:00,40180,-38.13484503887594,145.1241104956716,135.71328,-5.800000000000012,2471,28.458,28458.0,142.0,84.0,,22,2019-03-09 00:09:40,Australia/Melbourne
2019-03-09 11:09:48+11:00,40188,-38.13427959568799,145.12419138103726,135.77646000000001,-6.199999999999988,2469,28.2708,28270.8,142.0,83.0,,22,2019-03-09 00:09:48,Australia/Melbourne
2019-03-09 11:09:55+11:00,40195,-38.13378229737282,145.1242761220783,135.83216000000002,-6.600000000000023,2467,28.5876,28587.6,142.0,68.0,,22,2019-03-09 00:09:55,Australia/Melbourne
2019-03-09 11:09:57+11:00,40197,-38.133648606017225,145.12429162859914,135.84706,-7.0,2465,26.5392,26539.2,141.0,68.0,,22,2019-03-09 00:09:57,Australia/Melbourne
2019-03-09 11:10:02+11:00,40202,-38.1333067920059,145.12435072101655,135.88534,-6.399999999999977,2468,27.7236,27723.6,141.0,82.0,,22,2019-03-09 00:10:02,Australia/Melbourne
2019-03-09 11:10:05+11:00,40205,-38.13309649005532,145.12439464218917,135.909,-6.800000000000012,2466,27.968400000000006,27968.4,144.0,82.0,,22,2019-03-09 00:10:05,Australia/Melbourne
2019-03-09 11:10:11+11:00,40211,-38.13267814926803,145.12449790723622,135.9563,-6.800000000000012,2466,28.368000000000002,28368.0,144.0,83.0,,22,2019-03-09 00:10:11,Australia/Melbourne
2019-03-09 11:10:18+11:00,40218,-38.13218705356121,145.12460896745324,136.01167999999998,-6.600000000000023,2467,28.224,28224.0,142.0,82.0,,22,2019-03-09 00:10:18,Australia/Melbourne
2019-03-09 11:10:21+11:00,40221,-38.13197599723935,145.12466177344322,136.03556,-5.800000000000012,2471,28.8072,28807.2,143.0,85.0,,22,2019-03-09 00:10:21,Australia/Melbourne
2019-03-09 11:10:28+11:00,40228,-38.131469395011656,145.12477844953537,136.0927,-6.600000000000023,2467,29.4228,29422.8,142.0,86.0,,22,2019-03-09 00:10:28,Australia/Melbourne
2019-03-09 11:10:35+11:00,40235,-38.13097176142037,145.1248966343701,136.14892,-6.800000000000012,2466,28.061999999999998,28062.0,139.0,81.0,,22,2019-03-09 00:10:35,Australia/Melbourne
2019-03-09 11:10:38+11:00,40238,-38.130763554945595,145.12493661604822,136.17231999999998,-7.0,2465,27.597600000000003,27597.6,138.0,81.0,,22,2019-03-09 00:10:38,Australia/Melbourne
2019-03-09 11:10:41+11:00,40241,-38.130550822243094,145.12494256719947,136.19598000000002,-7.0,2465,28.3176,28317.6,141.0,82.0,,22,2019-03-09 00:10:41,Australia/Melbourne
2019-03-09 11:10:43+11:00,40243,-38.13040170818567,145.1249219477177,136.21262,-7.199999999999988,2464,29.8944,29894.4,141.0,85.0,,22,2019-03-09 00:10:43,Australia/Melbourne
2019-03-09 11:10:45+11:00,40245,-38.1302535161376,145.1248736679554,136.22964000000002,-7.600000000000023,2462,30.5388,30538.8,141.0,88.0,,22,2019-03-09 00:10:45,Australia/Melbourne
2019-03-09 11:10:48+11:00,40248,-38.13003508374096,145.12475875206292,136.25592,-7.600000000000023,2462,31.658400000000004,31658.4,139.0,94.0,,22,2019-03-09 00:10:48,Australia/Melbourne
2019-03-09 11:10:50+11:00,40250,-38.12989644706249,145.12465288862586,136.27392,-8.199999999999989,2459,32.1336,32133.6,139.0,94.0,,22,2019-03-09 00:10:50,Australia/Melbourne
2019-03-09 11:10:53+11:00,40253,-38.129710033535964,145.12446622364226,136.30032,-8.0,2460,31.3416,31341.6,139.0,88.0,,22,2019-03-09 00:10:53,Australia/Melbourne
2019-03-09 11:11:00+11:00,40260,-38.12929110601544,145.12408903799948,136.35760000000002,-7.800000000000012,2461,27.7056,27705.6,137.0,82.0,,22,2019-03-09 00:11:00,Australia/Melbourne
2019-03-09 11:11:02+11:00,40262,-38.129164036363356,145.1240258384496,136.37276,-6.800000000000012,2466,27.460800000000006,27460.8,138.0,80.0,,22,2019-03-09 00:11:02,Australia/Melbourne
2019-03-09 11:11:05+11:00,40265,-38.12897175550461,145.12395082041618,136.3951,-7.0,2465,26.7516,26751.6,141.0,79.0,,22,2019-03-09 00:11:05,Australia/Melbourne
2019-03-09 11:11:11+11:00,40271,-38.12856162898242,145.12391268275678,136.44096000000002,-6.800000000000012,2466,28.4004,28400.4,143.0,82.0,,22,2019-03-09 00:11:11,Australia/Melbourne
2019-03-09 11:11:18+11:00,40278,-38.128045136108994,145.12393984012306,136.49833999999998,-7.0,2465,29.9916,29991.6,143.0,86.0,,22,2019-03-09 00:11:18,Australia/Melbourne
2019-03-09 11:11:26+11:00,40286,-38.12745982781053,145.12398191727698,136.56343999999999,-7.0,2465,28.5696,28569.6,141.0,83.0,,22,2019-03-09 00:11:26,Australia/Melbourne
2019-03-09 11:11:34+11:00,40294,-38.12689262442291,145.12401636689899,136.62648000000002,-6.0,2470,27.8604,27860.4,141.0,81.0,,22,2019-03-09 00:11:34,Australia/Melbourne
2019-03-09 11:11:36+11:00,40296,-38.12675415538251,145.12403279542926,136.64192,-6.199999999999988,2469,27.8064,27806.4,141.0,82.0,,22,2019-03-09 00:11:36,Australia/Melbourne
2019-03-09 11:11:44+11:00,40304,-38.12617496587336,145.12409909628332,136.7065,-6.800000000000012,2466,29.3688,29368.8,142.0,86.0,,23,2019-03-09 00:11:44,Australia/Melbourne
2019-03-09 11:11:52+11:00,40312,-38.12559250742197,145.12417369522154,136.77148,-7.199999999999988,2464,28.8,28800.0,144.0,85.0,,23,2019-03-09 00:11:52,Australia/Melbourne
2019-03-09 11:11:59+11:00,40319,-38.1250885874033,145.1242411695421,136.82773999999998,-7.0,2465,28.7424,28742.4,141.0,84.0,,23,2019-03-09 00:11:59,Australia/Melbourne
2019-03-09 11:12:03+11:00,40323,-38.124803686514504,145.12428592890498,136.85962,-7.800000000000012,2461,28.6776,28677.6,141.0,83.0,,23,2019-03-09 00:12:03,Australia/Melbourne
2019-03-09 11:12:04+11:00,40324,-38.12473352998495,145.1242966577411,136.86746000000002,-8.0,2460,28.5876,28587.6,140.0,83.0,,23,2019-03-09 00:12:04,Australia/Melbourne
2019-03-09 11:12:11+11:00,40331,-38.12422944232822,145.12435683980584,136.92368000000002,-8.199999999999989,2459,28.9368,28936.8,140.0,85.0,,23,2019-03-09 00:12:11,Australia/Melbourne
2019-03-09 11:12:13+11:00,40333,-38.124085944145925,145.124378381297,136.93972,-8.0,2460,28.9476,28947.6,140.0,87.0,,23,2019-03-09 00:12:13,Australia/Melbourne
2019-03-09 11:12:20+11:00,40340,-38.12356341630221,145.12443948537108,136.99798,-8.199999999999989,2459,30.0132,30013.2,143.0,88.0,,23,2019-03-09 00:12:20,Australia/Melbourne
2019-03-09 11:12:28+11:00,40348,-38.1229558121413,145.12452439405027,137.06583999999998,-7.800000000000012,2461,30.5496,30549.6,145.0,90.0,,23,2019-03-09 00:12:28,Australia/Melbourne
2019-03-09 11:12:36+11:00,40356,-38.12234996818006,145.12460662052038,137.1335,-8.0,2460,30.3192,30319.2,145.0,89.0,,23,2019-03-09 00:12:36,Australia/Melbourne
2019-03-09 11:12:38+11:00,40358,-38.122201943770044,145.12463084422052,137.15007999999997,-7.800000000000012,2461,30.078000000000007,30078.0,145.0,88.0,,23,2019-03-09 00:12:38,Australia/Melbourne
2019-03-09 11:12:46+11:00,40366,-38.121602050960064,145.1247078739107,137.217,-7.800000000000012,2461,30.2904,30290.4,146.0,87.0,,23,2019-03-09 00:12:46,Australia/Melbourne
2019-03-09 11:12:48+11:00,40368,-38.12145377509296,145.1247254759073,137.23353999999998,-7.600000000000023,2462,29.844,29844.0,147.0,88.0,,23,2019-03-09 00:12:48,Australia/Melbourne
2019-03-09 11:12:56+11:00,40376,-38.12085103243589,145.12481222860515,137.30089999999998,-7.399999999999977,2463,30.643200000000004,30643.2,147.0,88.0,,23,2019-03-09 00:12:56,Australia/Melbourne
2019-03-09 11:12:57+11:00,40377,-38.12077492475509,145.12482220306993,137.30939999999998,-7.399999999999977,2463,30.6,30600.0,147.0,89.0,,23,2019-03-09 00:12:57,Australia/Melbourne
2019-03-09 11:13:05+11:00,40385,-38.120168745517724,145.1248974725604,137.37702,-8.0,2460,30.3588,30358.8,146.0,88.0,,23,2019-03-09 00:13:05,Australia/Melbourne
2019-03-09 11:13:06+11:00,40386,-38.12009355984628,145.12490702793002,137.38541999999998,-8.0,2460,30.096,30096.0,146.0,88.0,,23,2019-03-09 00:13:06,Australia/Melbourne
2019-03-09 11:13:13+11:00,40393,-38.11957010999322,145.12497877702117,137.44388,-7.800000000000012,2461,29.8008,29800.8,144.0,87.0,,23,2019-03-09 00:13:13,Australia/Melbourne
2019-03-09 11:13:21+11:00,40401,-38.118980694562204,145.12505932711062,137.5097,-7.800000000000012,2461,29.3544,29354.4,145.0,85.0,,23,2019-03-09 00:13:21,Australia/Melbourne
2019-03-09 11:13:22+11:00,40402,-38.118908107280724,145.12507005594668,137.5178,-7.800000000000012,2461,29.2284,29228.4,145.0,84.0,,23,2019-03-09 00:13:22,Australia/Melbourne
2019-03-09 11:13:30+11:00,40410,-38.118322798982256,145.12515638954937,137.5832,-7.600000000000023,2462,29.772,29772.0,144.0,86.0,,23,2019-03-09 00:13:30,Australia/Melbourne
2019-03-09 11:13:31+11:00,40411,-38.118250044062734,145.12516552582383,137.59132,-7.800000000000012,2461,29.2284,29228.4,144.0,87.0,,23,2019-03-09 00:13:31,Australia/Melbourne
2019-03-09 11:13:39+11:00,40419,-38.11765979044139,145.12524775229392,137.65724,-7.0,2465,29.934,29934.0,144.0,87.0,,23,2019-03-09 00:13:39,Australia/Melbourne
2019-03-09 11:13:42+11:00,40422,-38.11743808910251,145.12527633458376,137.68198,-8.199999999999989,2459,29.7216,29721.6,144.0,86.0,,23,2019-03-09 00:13:42,Australia/Melbourne
2019-03-09 11:13:50+11:00,40430,-38.11684213578701,145.1253619138151,137.74856,-8.600000000000023,2457,29.285999999999998,29286.0,144.0,85.0,,23,2019-03-09 00:13:50,Australia/Melbourne
2019-03-09 11:13:52+11:00,40432,-38.11670023016632,145.125382700935,137.76442,-8.0,2460,28.7892,28789.2,144.0,85.0,,23,2019-03-09 00:13:52,Australia/Melbourne
2019-03-09 11:13:58+11:00,40438,-38.1162506248802,145.12543802149594,137.81456,-7.199999999999988,2464,29.9808,29980.8,145.0,87.0,,23,2019-03-09 00:13:58,Australia/Melbourne
2019-03-09 11:14:06+11:00,40446,-38.115658359602094,145.12550599873066,137.88062,-7.399999999999977,2463,29.152800000000006,29152.8,145.0,88.0,,23,2019-03-09 00:14:06,Australia/Melbourne
2019-03-09 11:14:12+11:00,40452,-38.11522057279944,145.12552150525153,137.92928,-7.800000000000012,2461,29.394000000000002,29394.0,143.0,85.0,,23,2019-03-09 00:14:12,Australia/Melbourne
2019-03-09 11:14:20+11:00,40460,-38.11463836580515,145.12553256936368,137.99392,-7.399999999999977,2463,27.9792,27979.2,144.0,82.0,,23,2019-03-09 00:14:20,Australia/Melbourne
2019-03-09 11:14:27+11:00,40467,-38.11411977745593,145.12555536814034,138.05154000000002,-8.399999999999977,2458,28.7064,28706.4,146.0,90.0,,23,2019-03-09 00:14:27,Australia/Melbourne
2019-03-09 11:14:35+11:00,40475,-38.113544275984175,145.12557313777506,138.11545999999998,-8.0,2460,28.9404,28940.4,147.0,83.0,,23,2019-03-09 00:14:35,Australia/Melbourne
2019-03-09 11:14:37+11:00,40477,-38.113400861620896,145.12557313777506,138.13135999999997,-7.399999999999977,2463,28.7784,28778.4,148.0,84.0,,23,2019-03-09 00:14:37,Australia/Melbourne
2019-03-09 11:14:41+11:00,40481,-38.113109590485685,145.1255777478218,138.1637,-8.0,2460,28.9152,28915.2,151.0,85.0,,23,2019-03-09 00:14:41,Australia/Melbourne
2019-03-09 11:14:45+11:00,40485,-38.11282385140658,145.1255806814879,138.19541999999998,-8.199999999999989,2459,28.4904,28490.4,152.0,83.0,,23,2019-03-09 00:14:45,Australia/Melbourne
2019-03-09 11:14:52+11:00,40492,-38.11232822947204,145.12559350579974,138.25048,-7.199999999999988,2464,27.7272,27727.2,150.0,85.0,,23,2019-03-09 00:14:52,Australia/Melbourne
2019-03-09 11:14:54+11:00,40494,-38.11218749731779,145.12559266760945,138.2661,-6.800000000000012,2466,28.476000000000006,28476.0,150.0,82.0,,23,2019-03-09 00:14:54,Australia/Melbourne
2019-03-09 11:15:00+11:00,40500,-38.11175507493317,145.1256043184549,138.3141,-7.199999999999988,2464,29.4156,29415.6,148.0,85.0,,23,2019-03-09 00:15:00,Australia/Melbourne
2019-03-09 11:15:08+11:00,40508,-38.11117596924304,145.12561923824248,138.37842,-6.800000000000012,2466,28.5336,28533.6,146.0,84.0,,24,2019-03-09 00:15:08,Australia/Melbourne
2019-03-09 11:15:15+11:00,40515,-38.1106898188591,145.12563633732495,138.43242,-6.600000000000023,2467,26.64,26640.0,142.0,0.0,,24,2019-03-09 00:15:15,Australia/Melbourne
2019-03-09 11:15:17+11:00,40517,-38.11056719161571,145.12564396485686,138.44603999999998,-7.0,2465,24.620400000000004,24620.4,142.0,0.0,,24,2019-03-09 00:15:17,Australia/Melbourne
2019-03-09 11:15:25+11:00,40525,-38.11009453609586,145.12565284967422,138.49854000000002,-7.0,2465,24.2784,24278.4,144.0,71.0,,24,2019-03-09 00:15:25,Australia/Melbourne
2019-03-09 11:15:29+11:00,40529,-38.10984400101006,145.12566936202347,138.5264,-7.0,2465,26.1,26100.0,141.0,75.0,,24,2019-03-09 00:15:29,Australia/Melbourne
2019-03-09 11:15:32+11:00,40532,-38.10964157804847,145.1256580464542,138.5489,-7.0,2465,27.1152,27115.2,139.0,79.0,,24,2019-03-09 00:15:32,Australia/Melbourne
2019-03-09 11:15:39+11:00,40539,-38.10915752314031,145.125662824139,138.60263999999998,-6.800000000000012,2466,27.3924,27392.4,141.0,82.0,,24,2019-03-09 00:15:39,Australia/Melbourne
2019-03-09 11:15:46+11:00,40546,-38.108650166541345,145.12566491961482,138.65898,-7.0,2465,28.612800000000004,28612.8,142.0,86.0,,24,2019-03-09 00:15:46,Australia/Melbourne
2019-03-09 11:15:54+11:00,40554,-38.108061086386435,145.12568059377372,138.7244,-6.800000000000012,2466,29.3904,29390.4,141.0,87.0,,24,2019-03-09 00:15:54,Australia/Melbourne
2019-03-09 11:16:02+11:00,40562,-38.10746245086193,145.12569400481883,138.79085999999998,-6.600000000000023,2467,29.9628,29962.8,141.0,87.0,,24,2019-03-09 00:16:02,Australia/Melbourne
2019-03-09 11:16:03+11:00,40563,-38.10738718137146,145.12569752521813,138.79922,-6.399999999999977,2468,30.0204,30020.4,141.0,88.0,,24,2019-03-09 00:16:03,Australia/Melbourne
2019-03-09 11:16:11+11:00,40571,-38.10677136294544,145.12571604922414,138.86762,-7.0,2465,30.492000000000004,30492.0,141.0,89.0,,24,2019-03-09 00:16:11,Australia/Melbourne
2019-03-09 11:16:13+11:00,40573,-38.10661738738417,145.12572392821312,138.8847,-7.199999999999988,2464,30.7152,30715.2,142.0,89.0,,24,2019-03-09 00:16:13,Australia/Melbourne
2019-03-09 11:16:20+11:00,40580,-38.1060727313161,145.12573675252497,138.9452,-7.0,2465,30.9456,30945.6,143.0,89.0,,24,2019-03-09 00:16:20,Australia/Melbourne
2019-03-09 11:16:22+11:00,40582,-38.105918504297726,145.12574035674334,138.96232,-7.199999999999988,2464,30.805200000000006,30805.2,143.0,90.0,,24,2019-03-09 00:16:22,Australia/Melbourne
2019-03-09 11:16:29+11:00,40589,-38.105375273153186,145.12576365843415,139.02264000000002,-7.0,2465,30.8124,30812.4,143.0,91.0,,24,2019-03-09 00:16:29,Australia/Melbourne
2019-03-09 11:16:31+11:00,40591,-38.10522205196321,145.12576793320474,139.03966,-6.800000000000012,2466,30.8232,30823.2,143.0,90.0,,24,2019-03-09 00:16:31,Australia/Melbourne
2019-03-09 11:16:39+11:00,40599,-38.10461034066975,145.12577145360407,139.10760000000002,-6.600000000000023,2467,30.0744,30074.4,141.0,88.0,,24,2019-03-09 00:16:39,Australia/Melbourne
2019-03-09 11:16:40+11:00,40600,-38.104536663740866,145.12577329762283,139.11578,-6.600000000000023,2467,29.491200000000006,29491.2,140.0,68.0,,24,2019-03-09 00:16:40,Australia/Melbourne
2019-03-09 11:16:48+11:00,40608,-38.103949511423714,145.1257840264589,139.18098,-6.399999999999977,2468,28.3212,28321.2,138.0,0.0,,24,2019-03-09 00:16:48,Australia/Melbourne
2019-03-09 11:16:51+11:00,40611,-38.103735605254776,145.1257878821343,139.2047,-6.399999999999977,2468,27.788400000000006,27788.4,141.0,84.0,,24,2019-03-09 00:16:51,Australia/Melbourne
2019-03-09 11:16:55+11:00,40615,-38.10346394777297,145.12580028735098,139.23488,-6.0,2470,27.162,27162.0,140.0,81.0,,24,2019-03-09 00:16:55,Australia/Melbourne
2019-03-09 11:17:01+11:00,40621,-38.103033369407065,145.12580389156938,139.2827,-6.199999999999988,2469,29.0808,29080.8,140.0,85.0,,24,2019-03-09 00:17:01,Australia/Melbourne
2019-03-09 11:17:09+11:00,40629,-38.102445965632796,145.12584135867658,139.34798,-6.0,2470,29.664,29664.0,140.0,87.0,,24,2019-03-09 00:17:09,Australia/Melbourne
2019-03-09 11:17:11+11:00,40631,-38.10229710303247,145.1258443761617,139.36452,-5.800000000000012,2471,29.775600000000004,29775.6,140.0,87.0,,24,2019-03-09 00:17:11,Australia/Melbourne
2019-03-09 11:17:19+11:00,40639,-38.101692600175745,145.1258231699467,139.43166000000002,-6.199999999999988,2469,30.1104,30110.4,141.0,87.0,,24,2019-03-09 00:17:19,Australia/Melbourne
2019-03-09 11:17:21+11:00,40641,-38.101540971547365,145.1258179731667,139.44848000000002,-6.0,2470,30.121200000000005,30121.2,140.0,89.0,,24,2019-03-09 00:17:21,Australia/Melbourne
2019-03-09 11:17:29+11:00,40649,-38.10093646869064,145.12581990100443,139.51566,-5.600000000000024,2472,30.3948,30394.8,139.0,88.0,,24,2019-03-09 00:17:29,Australia/Melbourne
2019-03-09 11:17:36+11:00,40656,-38.100396674126394,145.12580322101712,139.5756,-6.399999999999977,2468,30.9456,30945.6,140.0,90.0,,24,2019-03-09 00:17:36,Australia/Melbourne
2019-03-09 11:17:43+11:00,40663,-38.09985470026732,145.12577329762283,139.63582,-6.0,2470,30.790800000000004,30790.8,142.0,90.0,,23,2019-03-09 00:17:43,Australia/Melbourne
2019-03-09 11:17:46+11:00,40666,-38.0996205098927,145.1257416140288,139.66198,-6.399999999999977,2468,31.5936,31593.6,143.0,92.0,,23,2019-03-09 00:17:46,Australia/Melbourne
2019-03-09 11:17:53+11:00,40673,-38.09907359071076,145.12572082690897,139.7227,-5.800000000000012,2471,30.8376,30837.6,146.0,89.0,,23,2019-03-09 00:17:53,Australia/Melbourne
2019-03-09 11:17:54+11:00,40674,-38.098996812477715,145.12571604922414,139.73124,-5.800000000000012,2471,30.8304,30830.4,145.0,90.0,,23,2019-03-09 00:17:54,Australia/Melbourne
2019-03-09 11:18:02+11:00,40682,-38.098394740372896,145.12569794431332,139.79811999999998,-5.399999999999976,2473,29.9556,29955.6,146.0,86.0,,23,2019-03-09 00:18:02,Australia/Melbourne
2019-03-09 11:18:03+11:00,40683,-38.09832056052983,145.12569526210427,139.80633999999998,-5.600000000000024,2472,29.779200000000003,29779.2,146.0,87.0,,23,2019-03-09 00:18:03,Australia/Melbourne
2019-03-09 11:18:11+11:00,40691,-38.09772628359497,145.1256709545851,139.87236000000001,-5.800000000000012,2471,29.9124,29912.4,147.0,87.0,,23,2019-03-09 00:18:11,Australia/Melbourne
2019-03-09 11:18:13+11:00,40693,-38.097574738785625,145.1256656739861,139.88920000000002,-5.800000000000012,2471,29.984400000000004,29984.4,147.0,87.0,,23,2019-03-09 00:18:13,Australia/Melbourne
2019-03-09 11:18:21+11:00,40701,-38.09696135111153,145.1256458926946,139.95734,-5.399999999999976,2473,31.104000000000006,31104.0,147.0,90.0,,23,2019-03-09 00:18:21,Australia/Melbourne
2019-03-09 11:18:26+11:00,40706,-38.096573436632745,145.12563415803015,140.00039999999998,-5.600000000000024,2472,30.7728,30772.8,146.0,87.0,,23,2019-03-09 00:18:26,Australia/Melbourne
2019-03-09 11:18:34+11:00,40714,-38.09596390463412,145.12560783885417,140.06810000000002,-5.399999999999976,2473,30.4812,30481.2,146.0,87.0,,23,2019-03-09 00:18:34,Australia/Melbourne
2019-03-09 11:18:37+11:00,40717,-38.09573449194431,145.125594092533,140.09357999999997,-5.800000000000012,2471,30.366000000000003,30366.0,146.0,88.0,,23,2019-03-09 00:18:37,Australia/Melbourne
2019-03-09 11:18:41+11:00,40721,-38.095435006544,145.12558914721012,140.12684,-5.800000000000012,2471,30.2616,30261.6,143.0,88.0,,23,2019-03-09 00:18:41,Australia/Melbourne
2019-03-09 11:18:45+11:00,40725,-38.09513367712498,145.1255718804896,140.16031999999998,-5.600000000000024,2472,30.1932,30193.2,142.0,89.0,,23,2019-03-09 00:18:45,Australia/Melbourne
2019-03-09 11:18:53+11:00,40733,-38.094531521201134,145.12554539367557,140.22722,-5.600000000000024,2472,30.15,30150.0,141.0,89.0,,23,2019-03-09 00:18:53,Australia/Melbourne
2019-03-09 11:18:54+11:00,40734,-38.094454659149044,145.1255502551794,140.23576,-5.600000000000024,2472,30.528,30528.0,141.0,89.0,,23,2019-03-09 00:18:54,Australia/Melbourne
2019-03-09 11:19:00+11:00,40740,-38.09398996643722,145.12553181499246,140.28735999999998,-4.800000000000012,2476,30.761999999999997,30762.0,144.0,89.0,,23,2019-03-09 00:19:00,Australia/Melbourne
2019-03-09 11:19:02+11:00,40742,-38.093840098008506,145.12552661821246,140.30401999999998,-4.800000000000012,2476,30.132,30132.0,144.0,88.0,,23,2019-03-09 00:19:02,Australia/Melbourne
2019-03-09 11:19:06+11:00,40746,-38.093545809388154,145.12550633400681,140.33674,-4.600000000000024,2477,29.538,29538.0,141.0,87.0,,23,2019-03-09 00:19:06,Australia/Melbourne
2019-03-09 11:19:10+11:00,40750,-38.09325126931071,145.12549401260912,140.36946,-5.399999999999976,2473,29.3544,29354.4,141.0,85.0,,23,2019-03-09 00:19:10,Australia/Melbourne
2019-03-09 11:19:18+11:00,40758,-38.0926576629281,145.12547397986054,140.43538,-5.0,2475,29.9592,29959.2,143.0,87.0,,23,2019-03-09 00:19:18,Australia/Melbourne
2019-03-09 11:19:26+11:00,40766,-38.09205575846136,145.1254594791681,140.50224,-5.0,2475,29.8152,29815.2,144.0,86.0,,23,2019-03-09 00:19:26,Australia/Melbourne
2019-03-09 11:19:27+11:00,40767,-38.09198174625635,145.1254535280168,140.51046000000002,-5.399999999999976,2473,29.790000000000006,29790.0,144.0,87.0,,23,2019-03-09 00:19:27,Australia/Melbourne
2019-03-09 11:19:29+11:00,40769,-38.091833470389254,145.12544011697173,140.52698,-6.0,2470,29.6064,29606.4,144.0,86.0,,23,2019-03-09 00:19:29,Australia/Melbourne
2019-03-09 11:19:33+11:00,40773,-38.09153323061764,145.12539837509394,140.56048,-4.800000000000012,2476,30.214800000000004,30214.8,144.0,86.0,,23,2019-03-09 00:19:33,Australia/Melbourne
2019-03-09 11:19:37+11:00,40777,-38.091233996674426,145.12535353191197,140.59395999999998,-5.0,2475,30.3516,30351.6,144.0,87.0,,23,2019-03-09 00:19:37,Australia/Melbourne
2019-03-09 11:19:45+11:00,40785,-38.09063209220767,145.12526543810964,140.6612,-5.0,2475,30.1644,30164.4,144.0,90.0,,23,2019-03-09 00:19:45,Australia/Melbourne
2019-03-09 11:19:47+11:00,40787,-38.09048934839665,145.12524532154202,140.67713999999998,-5.0,2475,28.9512,28951.2,144.0,90.0,,23,2019-03-09 00:19:47,Australia/Melbourne
2019-03-09 11:19:51+11:00,40791,-38.09020075947046,145.12520710006356,140.70934,-5.800000000000012,2471,29.372400000000006,29372.4,143.0,86.0,,23,2019-03-09 00:19:51,Australia/Melbourne
2019-03-09 11:19:56+11:00,40796,-38.089828351512544,145.12515546754003,140.75096000000002,-6.0,2470,29.5848,29584.8,145.0,86.0,,23,2019-03-09 00:19:56,Australia/Melbourne
2019-03-09 11:20:04+11:00,40804,-38.089241199195385,145.12506552971902,140.81662,-6.0,2470,28.9152,28915.2,148.0,84.0,,23,2019-03-09 00:20:04,Australia/Melbourne
2019-03-09 11:20:06+11:00,40806,-38.08909703046084,145.12504809536043,140.83267999999995,-6.0,2470,29.214,29214.0,148.0,83.0,,23,2019-03-09 00:20:06,Australia/Melbourne
2019-03-09 11:20:14+11:00,40814,-38.088521109893925,145.12497743591666,140.89692000000005,-6.199999999999988,2469,28.3428,28342.8,149.0,83.0,,23,2019-03-09 00:20:14,Australia/Melbourne
2019-03-09 11:20:16+11:00,40816,-38.0883770249784,145.1249540504068,140.91304,-5.600000000000024,2472,28.7604,28760.4,149.0,86.0,,23,2019-03-09 00:20:16,Australia/Melbourne
2019-03-09 11:20:23+11:00,40823,-38.087884252890944,145.12487618252638,140.96818000000002,-5.399999999999976,2473,29.1636,29163.6,148.0,85.0,,23,2019-03-09 00:20:23,Australia/Melbourne
2019-03-09 11:20:31+11:00,40831,-38.08730338700116,145.12478440068662,141.03314,-5.800000000000012,2471,29.3868,29386.8,146.0,86.0,,23,2019-03-09 00:20:31,Australia/Melbourne
2019-03-09 11:20:39+11:00,40839,-38.08672545477747,145.12468490749598,141.09798,-5.800000000000012,2471,28.8504,28850.4,145.0,85.0,,23,2019-03-09 00:20:39,Australia/Melbourne
2019-03-09 11:20:44+11:00,40844,-38.086360255256295,145.12463352642953,141.13879999999997,-5.800000000000012,2471,28.8972,28897.2,144.0,84.0,,23,2019-03-09 00:20:44,Australia/Melbourne
2019-03-09 11:20:49+11:00,40849,-38.08599891141057,145.1245852466673,141.17911999999995,-4.800000000000012,2476,28.9296,28929.6,147.0,83.0,,23,2019-03-09 00:20:49,Australia/Melbourne
2019-03-09 11:20:55+11:00,40855,-38.08557143434882,145.12452699244022,141.22683999999998,-5.199999999999988,2474,28.494,28494.0,147.0,84.0,,23,2019-03-09 00:20:55,Australia/Melbourne
2019-03-09 11:21:00+11:00,40860,-38.085211766883724,145.1244862563908,141.26692,-4.399999999999976,2478,28.7172,28717.2,146.0,85.0,,23,2019-03-09 00:21:00,Australia/Melbourne
2019-03-09 11:21:04+11:00,40864,-38.08492083102465,145.12444887310266,141.29938,-5.0,2475,29.3472,29347.2,147.0,83.0,,23,2019-03-09 00:21:04,Australia/Melbourne
2019-03-09 11:21:09+11:00,40869,-38.084555882960565,145.12436849065125,141.34052,-5.600000000000024,2472,29.9124,29912.4,147.0,87.0,,23,2019-03-09 00:21:09,Australia/Melbourne
2019-03-09 11:21:11+11:00,40871,-38.08440961875022,145.12433236464858,141.35706000000002,-5.600000000000024,2472,29.9664,29966.4,145.0,86.0,,23,2019-03-09 00:21:11,Australia/Melbourne
2019-03-09 11:21:19+11:00,40879,-38.08381509035826,145.12419825419784,141.42412,-5.199999999999988,2474,30.4092,30409.2,144.0,86.0,,23,2019-03-09 00:21:19,Australia/Melbourne
2019-03-09 11:21:21+11:00,40881,-38.08366832323373,145.1241566799581,141.44082,-5.800000000000012,2471,30.1788,30178.8,143.0,88.0,,23,2019-03-09 00:21:21,Australia/Melbourne
2019-03-09 11:21:29+11:00,40889,-38.08307781815529,145.12401888146996,141.5075,-6.199999999999988,2469,29.869200000000006,29869.2,144.0,89.0,,23,2019-03-09 00:21:29,Australia/Melbourne
2019-03-09 11:21:31+11:00,40891,-38.082929039374,145.12399038299918,141.52421999999999,-7.199999999999988,2464,30.3084,30308.4,143.0,86.0,,23,2019-03-09 00:21:31,Australia/Melbourne
2019-03-09 11:21:36+11:00,40896,-38.082565264776356,145.12390547432003,141.56531999999999,-7.0,2465,29.8512,29851.2,142.0,89.0,,23,2019-03-09 00:21:36,Australia/Melbourne
2019-03-09 11:21:38+11:00,40898,-38.08242528699338,145.12387370690703,141.58114,-6.600000000000023,2467,28.1196,28119.6,141.0,89.0,,23,2019-03-09 00:21:38,Australia/Melbourne
2019-03-09 11:21:41+11:00,40901,-38.082210458815105,145.12381587177515,141.60554000000005,-6.399999999999977,2468,29.322,29322.0,142.0,85.0,,23,2019-03-09 00:21:41,Australia/Melbourne
2019-03-09 11:21:46+11:00,40906,-38.0818478576839,145.12373113073411,141.64648,-6.600000000000023,2467,29.6172,29617.2,145.0,87.0,,23,2019-03-09 00:21:46,Australia/Melbourne
2019-03-09 11:21:51+11:00,40911,-38.08148031122983,145.12364907190204,141.68792000000005,-6.800000000000012,2466,29.7288,29728.8,146.0,86.0,,23,2019-03-09 00:21:51,Australia/Melbourne
2019-03-09 11:21:59+11:00,40919,-38.080902881920345,145.12351538054642,141.75307999999995,-7.0,2465,28.998,28998.0,148.0,85.0,,23,2019-03-09 00:21:59,Australia/Melbourne
2019-03-09 11:22:01+11:00,40921,-38.08075929991901,145.12348319403827,141.76928,-7.0,2465,29.2608,29260.8,149.0,85.0,,23,2019-03-09 00:22:01,Australia/Melbourne
2019-03-09 11:22:08+11:00,40928,-38.080276921391494,145.12337406165898,141.8237,-6.199999999999988,2469,27.2592,27259.2,148.0,0.0,,23,2019-03-09 00:22:08,Australia/Melbourne
2019-03-09 11:22:09+11:00,40929,-38.08020894415677,145.12335813604298,141.83136000000002,-6.0,2470,27.5724,27572.4,146.0,0.0,,23,2019-03-09 00:22:09,Australia/Melbourne
2019-03-09 11:22:16+11:00,40936,-38.079712819308035,145.12322989292446,141.88756,-6.399999999999977,2468,29.131200000000003,29131.2,145.0,83.0,,23,2019-03-09 00:22:16,Australia/Melbourne
2019-03-09 11:22:24+11:00,40944,-38.079141844064004,145.1231054216623,141.95188000000005,-6.399999999999977,2468,29.1636,29163.6,143.0,86.0,,23,2019-03-09 00:22:24,Australia/Melbourne
2019-03-09 11:22:26+11:00,40946,-38.07899583131075,145.12307533062994,141.9683,-6.600000000000023,2467,30.006000000000004,30006.0,143.0,84.0,,23,2019-03-09 00:22:26,Australia/Melbourne
2019-03-09 11:22:33+11:00,40953,-38.078484451398246,145.12295035645366,142.0261,-7.199999999999988,2464,29.4732,29473.2,144.0,84.0,,23,2019-03-09 00:22:33,Australia/Melbourne
2019-03-09 11:22:35+11:00,40955,-38.078340785577886,145.12291758321223,142.04229999999995,-6.199999999999988,2469,29.1564,29156.4,145.0,84.0,,23,2019-03-09 00:22:35,Australia/Melbourne
2019-03-09 11:22:36+11:00,40956,-38.07827046141029,145.12290140613914,142.05024,-6.0,2470,29.1564,29156.4,145.0,85.0,,23,2019-03-09 00:22:36,Australia/Melbourne
2019-03-09 11:22:43+11:00,40963,-38.07777492329478,145.12277391739192,142.10636,-6.399999999999977,2468,29.3112,29311.2,146.0,84.0,,23,2019-03-09 00:22:43,Australia/Melbourne
2019-03-09 11:22:46+11:00,40966,-38.077558167278774,145.12272630818188,142.13078000000002,-7.199999999999988,2464,29.3112,29311.2,145.0,85.0,,23,2019-03-09 00:22:46,Australia/Melbourne
2019-03-09 11:22:54+11:00,40974,-38.07699054479599,145.12259513139725,142.19482,-6.600000000000023,2467,29.1492,29149.2,144.0,84.0,,23,2019-03-09 00:22:54,Australia/Melbourne
2019-03-09 11:23:01+11:00,40981,-38.07649307884276,145.12248599901795,142.25086000000002,-7.199999999999988,2464,29.073600000000006,29073.6,143.0,83.0,,22,2019-03-09 00:23:01,Australia/Melbourne
2019-03-09 11:23:08+11:00,40988,-38.07599854655564,145.12236982584,142.30674,-6.600000000000023,2467,29.3328,29332.8,143.0,83.0,,22,2019-03-09 00:23:08,Australia/Melbourne
2019-03-09 11:23:14+11:00,40994,-38.07557718828321,145.1222794689238,142.35422,-6.399999999999977,2468,28.4292,28429.2,144.0,82.0,,22,2019-03-09 00:23:14,Australia/Melbourne
2019-03-09 11:23:20+11:00,41000,-38.07518701069057,145.1221806462854,142.39839999999995,-6.600000000000023,2467,24.3648,24364.8,141.0,0.0,,22,2019-03-09 00:23:20,Australia/Melbourne
2019-03-09 11:23:21+11:00,41001,-38.07512515224517,145.1221731863916,142.40528,-6.600000000000023,2467,24.3648,24364.8,140.0,0.0,,22,2019-03-09 00:23:21,Australia/Melbourne
2019-03-09 11:23:23+11:00,41003,-38.07502021081745,145.12215491384268,142.41704,-6.199999999999988,2469,17.5896,17589.600000000002,140.0,0.0,,22,2019-03-09 00:23:23,Australia/Melbourne
2019-03-09 11:23:25+11:00,41005,-38.07493857108057,145.12214242480698,142.42616,-6.0,2470,15.8472,15847.2,140.0,0.0,,22,2019-03-09 00:23:25,Australia/Melbourne
2019-03-09 11:23:28+11:00,41008,-38.07488853111863,145.12214611284438,142.43204,-5.199999999999988,2474,0.0,0.0,137.0,0.0,,22,2019-03-09 00:23:28,Australia/Melbourne
2019-03-09 11:23:45+11:00,41025,-38.07485466822982,145.12214116752148,142.43332,-5.199999999999988,2474,8.0568,8056.8,141.0,0.0,,22,2019-03-09 00:23:45,Australia/Melbourne
2019-03-09 11:23:47+11:00,41027,-38.074813596904285,145.12210043147206,142.43846000000002,-5.199999999999988,2474,8.946,8946.0,141.0,0.0,,22,2019-03-09 00:23:47,Australia/Melbourne
2019-03-09 11:23:50+11:00,41030,-38.0747298616916,145.12205600738525,142.4483,-5.800000000000012,2471,15.1488,15148.8,138.0,0.0,,22,2019-03-09 00:23:50,Australia/Melbourne
2019-03-09 11:23:52+11:00,41032,-38.07464973069728,145.1220376510173,142.45734,-5.600000000000024,2472,16.650000000000002,16650.0,138.0,0.0,,22,2019-03-09 00:23:52,Australia/Melbourne
2019-03-09 11:23:57+11:00,41037,-38.07438595220447,145.12198300100863,142.48703999999998,-5.600000000000024,2472,25.2288,25228.8,141.0,66.0,,22,2019-03-09 00:23:57,Australia/Melbourne
2019-03-09 11:24:00+11:00,41040,-38.074198868125684,145.1219493895769,142.50799999999998,-5.600000000000024,2472,25.9236,25923.6,144.0,25.0,,22,2019-03-09 00:24:00,Australia/Melbourne
2019-03-09 11:24:03+11:00,41043,-38.074001641944044,145.1219026185572,142.53028,-6.0,2470,27.0144,27014.4,146.0,77.0,,22,2019-03-09 00:24:03,Australia/Melbourne
2019-03-09 11:24:04+11:00,41044,-38.07393341325224,145.1218847651035,142.53802,-6.399999999999977,2468,27.5472,27547.2,147.0,78.0,,22,2019-03-09 00:24:04,Australia/Melbourne
2019-03-09 11:24:12+11:00,41052,-38.07338733226061,145.12174973264337,142.5998,-6.800000000000012,2466,28.1088,28108.8,147.0,82.0,,22,2019-03-09 00:24:12,Australia/Melbourne
2019-03-09 11:24:19+11:00,41059,-38.07292331010103,145.12163154780862,142.65233999999998,-6.0,2470,27.1872,27187.2,146.0,78.0,,22,2019-03-09 00:24:19,Australia/Melbourne
2019-03-09 11:24:22+11:00,41062,-38.07272306643426,145.1215820107609,142.67498,-5.399999999999976,2473,27.6372,27637.2,147.0,79.0,,22,2019-03-09 00:24:22,Australia/Melbourne
2019-03-09 11:24:29+11:00,41069,-38.07223909534514,145.12145368382338,142.7299,-5.0,2475,28.8,28800.0,148.0,86.0,,22,2019-03-09 00:24:29,Australia/Melbourne
2019-03-09 11:24:35+11:00,41075,-38.071813629940145,145.12133901938796,142.77818,-6.0,2470,27.8316,27831.6,145.0,0.0,,22,2019-03-09 00:24:35,Australia/Melbourne
2019-03-09 11:24:37+11:00,41077,-38.071682453155525,145.12129819951954,142.79318,-5.800000000000012,2471,25.722,25722.0,143.0,0.0,,22,2019-03-09 00:24:37,Australia/Melbourne
2019-03-09 11:24:41+11:00,41081,-38.071495285257704,145.1212397776544,142.81456,-5.600000000000024,2472,13.2696,13269.6,142.0,0.0,,22,2019-03-09 00:24:41,Australia/Melbourne
2019-03-09 11:24:44+11:00,41084,-38.071426386013634,145.1212147157639,142.8225,-5.399999999999976,2473,4.6044,4604.4000000000015,139.0,0.0,,22,2019-03-09 00:24:44,Australia/Melbourne
2019-03-09 11:24:45+11:00,41085,-38.07142722420394,145.12121496722102,142.8225,-5.199999999999988,2474,0.0,0.0,138.0,0.0,,22,2019-03-09 00:24:45,Australia/Melbourne
2019-03-09 11:24:54+11:00,41094,-38.07140056975186,145.1212054118514,142.82345999999995,-5.199999999999988,2474,6.937200000000002,6937.2,141.0,0.0,,22,2019-03-09 00:24:54,Australia/Melbourne
2019-03-09 11:24:56+11:00,41096,-38.07135983370245,145.12120080180466,142.82798,-5.399999999999976,2473,10.9944,10994.4,141.0,0.0,,22,2019-03-09 00:24:56,Australia/Melbourne
2019-03-09 11:24:59+11:00,41099,-38.0712447501719,145.12116878293457,142.84106,-5.800000000000012,2471,17.2836,17283.600000000002,138.0,0.0,,22,2019-03-09 00:24:59,Australia/Melbourne
2019-03-09 11:25:00+11:00,41100,-38.07119864970445,145.12115755118433,142.84628,-5.800000000000012,2471,18.7632,18763.2,138.0,0.0,,22,2019-03-09 00:25:00,Australia/Melbourne
2019-03-09 11:25:06+11:00,41106,-38.07085826061665,145.1210693735629,142.88484,-6.0,2470,25.7472,25747.2,138.0,24.0,,22,2019-03-09 00:25:06,Australia/Melbourne
2019-03-09 11:25:10+11:00,41110,-38.070587357506156,145.12100106105208,142.91548,-6.399999999999977,2468,27.9,27900.0,138.0,78.0,,22,2019-03-09 00:25:10,Australia/Melbourne
2019-03-09 11:25:13+11:00,41113,-38.0703712720424,145.12094892561439,142.9399,-6.800000000000012,2466,28.4436,28443.6,140.0,83.0,,22,2019-03-09 00:25:13,Australia/Melbourne
2019-03-09 11:25:17+11:00,41117,-38.070074552670114,145.12085856869817,142.97378,-7.199999999999988,2464,30.438,30438.0,143.0,88.0,,22,2019-03-09 00:25:17,Australia/Melbourne
2019-03-09 11:25:18+11:00,41118,-38.07000095956028,145.1208364404738,142.98216000000002,-7.199999999999988,2464,29.3004,29300.4,143.0,88.0,,22,2019-03-09 00:25:18,Australia/Melbourne
2019-03-09 11:25:26+11:00,41126,-38.069405760616064,145.12066712602973,143.04988,-6.800000000000012,2466,30.4776,30477.6,145.0,87.0,,22,2019-03-09 00:25:26,Australia/Melbourne
2019-03-09 11:25:34+11:00,41134,-38.06881869211793,145.1204921118915,143.11682000000005,-6.399999999999977,2468,29.7,29700.0,146.0,86.0,,22,2019-03-09 00:25:34,Australia/Melbourne
2019-03-09 11:25:42+11:00,41142,-38.068247297778726,145.12034886516633,143.18148000000005,-5.600000000000024,2472,29.3148,29314.8,145.0,85.0,,22,2019-03-09 00:25:42,Australia/Melbourne
2019-03-09 11:25:43+11:00,41143,-38.0681761354208,145.1203267369419,143.1896,-5.800000000000012,2471,29.3472,29347.2,145.0,85.0,,22,2019-03-09 00:25:43,Australia/Melbourne
2019-03-09 11:25:51+11:00,41151,-38.06760013103485,145.12016521766782,143.2551,-6.0,2470,29.8404,29840.4,143.0,86.0,,22,2019-03-09 00:25:51,Australia/Melbourne
2019-03-09 11:25:52+11:00,41152,-38.06752813048661,145.12014560401443,143.26328,-6.199999999999988,2469,29.7288,29728.8,143.0,85.0,,22,2019-03-09 00:25:52,Australia/Melbourne
2019-03-09 11:25:59+11:00,41159,-38.067008787766106,145.12006832286716,143.32134,-5.600000000000024,2472,29.9196,29919.6,144.0,88.0,,22,2019-03-09 00:25:59,Australia/Melbourne
2019-03-09 11:26:06+11:00,41166,-38.066491205245256,145.11998534202576,143.37923999999995,-6.800000000000012,2466,29.8836,29883.6,143.0,87.0,,22,2019-03-09 00:26:06,Australia/Melbourne
2019-03-09 11:26:14+11:00,41174,-38.065899694338434,145.1198972482234,143.44538,-6.800000000000012,2466,29.9232,29923.2,143.0,87.0,,22,2019-03-09 00:26:14,Australia/Melbourne
2019-03-09 11:26:15+11:00,41175,-38.06582543067635,145.11988786049187,143.45366,-6.600000000000023,2467,29.951999999999998,29952.0,143.0,85.0,,22,2019-03-09 00:26:15,Australia/Melbourne
2019-03-09 11:26:22+11:00,41182,-38.06531203910709,145.11981217190623,143.51106000000001,-6.800000000000012,2466,29.2644,29264.4,145.0,86.0,,22,2019-03-09 00:26:22,Australia/Melbourne
2019-03-09 11:26:29+11:00,41189,-38.06480141356587,145.11973908171058,143.56810000000004,-6.800000000000012,2466,29.4012,29401.2,142.0,86.0,,22,2019-03-09 00:26:29,Australia/Melbourne
2019-03-09 11:26:37+11:00,41197,-38.064215769991286,145.11962978169322,143.63382,-7.0,2465,30.348000000000003,30348.0,143.0,87.0,,22,2019-03-09 00:26:37,Australia/Melbourne
2019-03-09 11:26:42+11:00,41202,-38.06384051218629,145.11958301067352,143.6757,-7.399999999999977,2463,29.9196,29919.6,142.0,89.0,,22,2019-03-09 00:26:42,Australia/Melbourne
2019-03-09 11:26:45+11:00,41205,-38.063619062304504,145.11955744586882,143.7004,-7.199999999999988,2464,28.5372,28537.2,142.0,86.0,,22,2019-03-09 00:26:45,Australia/Melbourne
2019-03-09 11:26:47+11:00,41207,-38.06347145698965,145.11953607201573,143.71688,-6.399999999999977,2468,29.7468,29746.8,142.0,87.0,,22,2019-03-09 00:26:47,Australia/Melbourne
2019-03-09 11:26:53+11:00,41213,-38.06302713230252,145.11946876533332,143.76656,-5.600000000000024,2472,29.4948,29494.8,141.0,88.0,,22,2019-03-09 00:26:53,Australia/Melbourne
2019-03-09 11:27:01+11:00,41221,-38.062436794862144,145.11938134208322,143.83256,-5.399999999999976,2473,29.4804,29480.4,141.0,86.0,,22,2019-03-09 00:27:01,Australia/Melbourne
2019-03-09 11:27:05+11:00,41225,-38.062142757698886,145.11934814974666,143.86532,-5.399999999999976,2473,29.754,29754.0,140.0,86.0,,22,2019-03-09 00:27:05,Australia/Melbourne
2019-03-09 11:27:11+11:00,41231,-38.061688039451845,145.11929182335734,143.91602,-5.600000000000024,2472,30.585600000000003,30585.6,140.0,88.0,,22,2019-03-09 00:27:11,Australia/Melbourne
2019-03-09 11:27:18+11:00,41238,-38.061158303171396,145.119206244126,143.97528,-5.199999999999988,2474,30.041999999999998,30042.0,140.0,87.0,,22,2019-03-09 00:27:18,Australia/Melbourne
2019-03-09 11:27:22+11:00,41242,-38.060861667618155,145.11916156858206,144.00843999999998,-5.399999999999976,2473,29.476800000000004,29476.8,143.0,88.0,,22,2019-03-09 00:27:22,Australia/Melbourne
2019-03-09 11:27:25+11:00,41245,-38.0606403015554,145.11911571957168,144.03333999999998,-4.600000000000024,2477,30.384,30384.0,144.0,88.0,,22,2019-03-09 00:27:25,Australia/Melbourne
2019-03-09 11:27:27+11:00,41247,-38.06049143895507,145.11908093467355,144.05012,-4.800000000000012,2476,29.3472,29347.2,144.0,87.0,,22,2019-03-09 00:27:27,Australia/Melbourne
2019-03-09 11:27:31+11:00,41251,-38.060199497267604,145.11898102238774,144.08370000000005,-4.600000000000024,2477,30.3804,30380.4,144.0,87.0,,22,2019-03-09 00:27:31,Australia/Melbourne
2019-03-09 11:27:39+11:00,41259,-38.05961879901589,145.11877692304554,144.1506,-4.800000000000012,2476,29.8548,29854.8,143.0,87.0,,22,2019-03-09 00:27:39,Australia/Melbourne
2019-03-09 11:27:47+11:00,41267,-38.05903114378452,145.1185778528452,144.21812,-4.800000000000012,2476,30.9024,30902.4,143.0,90.0,,23,2019-03-09 00:27:47,Australia/Melbourne
2019-03-09 11:27:49+11:00,41269,-38.058880269527435,145.11853175237775,144.23533999999998,-5.199999999999988,2474,30.571200000000005,30571.2,142.0,90.0,,23,2019-03-09 00:27:49,Australia/Melbourne
2019-03-09 11:27:56+11:00,41276,-38.058367799967534,145.11837048456073,144.29396,-5.600000000000024,2472,29.9412,29941.2,143.0,88.0,,23,2019-03-09 00:27:56,Australia/Melbourne
2019-03-09 11:28:04+11:00,41284,-38.05779380723835,145.1181647926569,144.36018,-4.800000000000012,2476,29.210400000000003,29210.4,142.0,87.0,,23,2019-03-09 00:28:04,Australia/Melbourne
2019-03-09 11:28:06+11:00,41286,-38.057651482522495,145.11810888536277,144.37672,-5.399999999999976,2473,29.6244,29624.4,142.0,87.0,,23,2019-03-09 00:28:06,Australia/Melbourne
2019-03-09 11:28:08+11:00,41288,-38.057509576901786,145.11805364862084,144.3932,-6.399999999999977,2468,30.096,30096.0,142.0,87.0,,23,2019-03-09 00:28:08,Australia/Melbourne
2019-03-09 11:28:16+11:00,41296,-38.05692359805107,145.11784695088863,144.4607,-6.0,2470,30.0564,30056.4,143.0,87.0,,23,2019-03-09 00:28:16,Australia/Melbourne
2019-03-09 11:28:17+11:00,41297,-38.05685176514089,145.11782138608396,144.46898000000004,-5.399999999999976,2473,29.7612,29761.2,143.0,87.0,,23,2019-03-09 00:28:17,Australia/Melbourne
2019-03-09 11:28:25+11:00,41305,-38.05627173744142,145.11764100752768,144.53528,-5.399999999999976,2473,29.5992,29599.2,144.0,87.0,,23,2019-03-09 00:28:25,Australia/Melbourne
2019-03-09 11:28:29+11:00,41309,-38.05603830143809,145.1175590325147,144.56216,-5.199999999999988,2474,15.7176,15717.6,142.0,84.0,,23,2019-03-09 00:28:29,Australia/Melbourne
2019-03-09 11:29:05+11:00,41345,-38.055970324203365,145.1175210624933,144.56672,-4.399999999999976,2478,5.8607999999999985,5860.8,144.0,0.0,,23,2019-03-09 00:29:05,Australia/Melbourne
2019-03-09 11:29:07+11:00,41347,-38.05592137388885,145.11750128120184,144.57244,-4.600000000000024,2477,10.2708,10270.8,145.0,0.0,,23,2019-03-09 00:29:07,Australia/Melbourne
2019-03-09 11:29:11+11:00,41351,-38.05579195730388,145.1174589525908,144.58722,-5.199999999999988,2474,16.988400000000002,16988.4,142.0,42.0,,23,2019-03-09 00:29:11,Australia/Melbourne
2019-03-09 11:29:12+11:00,41352,-38.055752143263824,145.1174440328032,144.59184,-4.600000000000024,2477,15.033600000000002,15033.6,141.0,50.0,,23,2019-03-09 00:29:12,Australia/Melbourne
2019-03-09 11:29:16+11:00,41356,-38.05555340833961,145.11737815104425,144.61462,-5.399999999999976,2473,23.184,23184.0,139.0,66.0,,23,2019-03-09 00:29:16,Australia/Melbourne
2019-03-09 11:29:20+11:00,41360,-38.055317709222436,145.11729550547898,144.64176,-6.0,2470,25.362,25362.0,142.0,76.0,,23,2019-03-09 00:29:20,Australia/Melbourne
2019-03-09 11:29:22+11:00,41362,-38.05519457906485,145.1172391790897,144.65628,-5.800000000000012,2471,25.9308,25930.8,144.0,81.0,,23,2019-03-09 00:29:22,Australia/Melbourne
2019-03-09 11:29:29+11:00,41369,-38.054735083132975,145.11702393181622,144.7107,-5.600000000000024,2472,28.6488,28648.8,145.0,84.0,,23,2019-03-09 00:29:29,Australia/Melbourne
2019-03-09 11:29:37+11:00,41377,-38.054178776219494,145.11675830930469,144.77671999999998,-5.0,2475,29.3112,29311.2,146.0,85.0,,24,2019-03-09 00:29:37,Australia/Melbourne
2019-03-09 11:29:38+11:00,41378,-38.054108703508966,145.11672352440658,144.78506000000002,-5.0,2475,29.498400000000004,29498.4,146.0,86.0,,24,2019-03-09 00:29:38,Australia/Melbourne
2019-03-09 11:29:41+11:00,41381,-38.05389689281583,145.11661824770272,144.81034,-5.0,2475,29.638800000000003,29638.8,146.0,87.0,,24,2019-03-09 00:29:41,Australia/Melbourne
2019-03-09 11:29:49+11:00,41389,-38.05333128198981,145.11633896268904,144.87774,-5.399999999999976,2473,30.0276,30027.6,146.0,89.0,,24,2019-03-09 00:29:49,Australia/Melbourne
2019-03-09 11:29:56+11:00,41396,-38.05282451212406,145.11611524969342,144.93733999999998,-4.199999999999989,2479,30.1968,30196.8,145.0,88.0,,24,2019-03-09 00:29:56,Australia/Melbourne
2019-03-09 11:29:58+11:00,41398,-38.05268151685596,145.11604643426838,144.95432,-4.399999999999976,2478,29.0592,29059.2,146.0,88.0,,24,2019-03-09 00:29:58,Australia/Melbourne
2019-03-09 11:30:02+11:00,41402,-38.0524065066129,145.1159108988941,144.98708,-5.399999999999976,2473,28.4688,28468.8,144.0,84.0,,24,2019-03-09 00:30:02,Australia/Melbourne
2019-03-09 11:30:06+11:00,41406,-38.05213359184563,145.11578600853682,145.01928,-5.0,2475,29.372400000000006,29372.4,144.0,84.0,,24,2019-03-09 00:30:06,Australia/Melbourne
2019-03-09 11:30:14+11:00,41414,-38.051554905250676,145.11551569215953,145.08776,-5.199999999999988,2474,31.0356,31035.6,146.0,88.0,,24,2019-03-09 00:30:14,Australia/Melbourne
2019-03-09 11:30:15+11:00,41415,-38.05148315615953,145.11548317037526,145.0962,-5.399999999999976,2473,29.8908,29890.8,146.0,88.0,,24,2019-03-09 00:30:15,Australia/Melbourne
2019-03-09 11:30:22+11:00,41422,-38.05099323391914,145.115257948637,145.15406000000002,-5.600000000000024,2472,29.7936,29793.6,146.0,87.0,,24,2019-03-09 00:30:22,Australia/Melbourne
2019-03-09 11:30:30+11:00,41430,-38.05041739717126,145.11497916653752,145.22248000000005,-5.0,2475,30.8376,30837.6,146.0,88.0,,24,2019-03-09 00:30:30,Australia/Melbourne
2019-03-09 11:30:34+11:00,41434,-38.050123611465104,145.1148426253349,145.25722,-4.199999999999989,2479,30.9672,30967.2,145.0,90.0,,24,2019-03-09 00:30:34,Australia/Melbourne
2019-03-09 11:30:37+11:00,41437,-38.04990325123072,145.11473600752655,145.28342,-5.199999999999988,2474,31.176,31176.0,146.0,91.0,,24,2019-03-09 00:30:37,Australia/Melbourne
2019-03-09 11:30:40+11:00,41440,-38.04968389682472,145.11462385766208,145.30968000000001,-4.199999999999989,2479,31.6512,31651.2,147.0,93.0,,24,2019-03-09 00:30:40,Australia/Melbourne
2019-03-09 11:30:47+11:00,41447,-38.04916681721807,145.1143847219646,145.37078,-5.600000000000024,2472,30.4956,30495.6,147.0,90.0,,24,2019-03-09 00:30:47,Australia/Melbourne
2019-03-09 11:30:54+11:00,41454,-38.04865476675332,145.11414483189586,145.43138000000005,-4.600000000000024,2477,31.150800000000004,31150.8,147.0,92.0,,24,2019-03-09 00:30:54,Australia/Melbourne
2019-03-09 11:30:55+11:00,41455,-38.04858058691025,145.11411256156862,145.4401,-4.600000000000024,2477,31.032,31032.0,147.0,90.0,,24,2019-03-09 00:30:55,Australia/Melbourne
2019-03-09 11:30:57+11:00,41457,-38.048434322699904,145.11404885910449,145.45728,-4.199999999999989,2479,29.8188,29818.8,147.0,92.0,,24,2019-03-09 00:30:57,Australia/Melbourne
2019-03-09 11:30:59+11:00,41459,-38.048289148136966,145.1139805465937,145.47446000000002,-5.399999999999976,2473,31.2264,31226.4,146.0,88.0,,24,2019-03-09 00:30:59,Australia/Melbourne
2019-03-09 11:31:02+11:00,41462,-38.04806543514133,145.11387719772756,145.5009,-5.199999999999988,2474,31.5864,31586.4,145.0,93.0,,24,2019-03-09 00:31:02,Australia/Melbourne
2019-03-09 11:31:09+11:00,41469,-38.04753268137574,145.1136334519833,145.56378,-5.399999999999976,2473,32.2956,32295.6,145.0,86.0,,24,2019-03-09 00:31:09,Australia/Melbourne
2019-03-09 11:31:10+11:00,41470,-38.047457244247205,145.11359673924744,145.57276000000005,-5.399999999999976,2473,32.5764,32576.4,145.0,83.0,,24,2019-03-09 00:31:10,Australia/Melbourne
2019-03-09 11:31:17+11:00,41477,-38.046918706968434,145.11334930546582,145.63634,-4.800000000000012,2476,32.6664,32666.4,146.0,86.0,,25,2019-03-09 00:31:17,Australia/Melbourne
2019-03-09 11:31:21+11:00,41481,-38.046614360064275,145.11320387944582,145.67244,-4.800000000000012,2476,32.443200000000004,32443.2,146.0,84.0,,25,2019-03-09 00:31:21,Australia/Melbourne
2019-03-09 11:31:24+11:00,41484,-38.046387042850256,145.11308728717268,145.69968,-4.199999999999989,2479,32.504400000000004,32504.4,146.0,86.0,,25,2019-03-09 00:31:24,Australia/Melbourne
2019-03-09 11:31:26+11:00,41486,-38.046238599345095,145.11299500241876,145.71802,-5.399999999999976,2473,32.91480000000001,32914.8,147.0,84.0,,25,2019-03-09 00:31:26,Australia/Melbourne
2019-03-09 11:31:27+11:00,41487,-38.04616534151137,145.11294739320874,145.72716,-5.600000000000024,2472,32.5764,32576.4,148.0,86.0,,25,2019-03-09 00:31:27,Australia/Melbourne
2019-03-09 11:31:31+11:00,41491,-38.045873064547784,145.11277439072728,145.76296000000002,-5.0,2475,32.8464,32846.4,146.0,87.0,,25,2019-03-09 00:31:31,Australia/Melbourne
2019-03-09 11:31:35+11:00,41495,-38.045574584975846,145.11260289698842,145.79935999999995,-4.800000000000012,2476,32.652,32652.0,147.0,85.0,,25,2019-03-09 00:31:35,Australia/Melbourne
2019-03-09 11:31:42+11:00,41502,-38.04506052285433,145.11229653842747,145.86244,-5.399999999999976,2473,32.1696,32169.6,149.0,88.0,,25,2019-03-09 00:31:42,Australia/Melbourne
2019-03-09 11:31:49+11:00,41509,-38.0445572733879,145.11200216598812,145.92398,-4.600000000000024,2477,31.690800000000007,31690.8,150.0,80.0,,25,2019-03-09 00:31:49,Australia/Melbourne
2019-03-09 11:31:50+11:00,41510,-38.04448569193482,145.11196126230058,145.9327,-4.800000000000012,2476,31.7916,31791.6,150.0,83.0,,25,2019-03-09 00:31:50,Australia/Melbourne
2019-03-09 11:31:57+11:00,41517,-38.043979424983256,145.11166588403285,145.99460000000005,-5.399999999999976,2473,31.5288,31528.8,149.0,81.0,,25,2019-03-09 00:31:57,Australia/Melbourne
2019-03-09 11:31:58+11:00,41518,-38.043905161321156,145.11162590235472,146.00356000000002,-5.800000000000012,2471,31.6728,31672.8,149.0,83.0,,25,2019-03-09 00:31:58,Australia/Melbourne
2019-03-09 11:32:05+11:00,41525,-38.043400067836046,145.1113316975534,146.06528,-5.0,2475,31.6476,31647.6,149.0,83.0,,25,2019-03-09 00:32:05,Australia/Melbourne
2019-03-09 11:32:07+11:00,41527,-38.04325497709215,145.11125022545457,146.08292,-5.199999999999988,2474,31.5648,31564.8,149.0,83.0,,25,2019-03-09 00:32:07,Australia/Melbourne
2019-03-09 11:32:14+11:00,41534,-38.042746530845754,145.11097001843152,146.1445,-4.399999999999976,2478,32.1048,32104.8,149.0,83.0,,25,2019-03-09 00:32:14,Australia/Melbourne
2019-03-09 11:32:16+11:00,41536,-38.04260185919703,145.11088184081018,146.16234,-4.800000000000012,2476,31.8528,31852.8,149.0,84.0,,25,2019-03-09 00:32:16,Australia/Melbourne
2019-03-09 11:32:23+11:00,41543,-38.04209752008319,145.1105839479715,146.22412,-5.199999999999988,2474,31.4892,31489.2,149.0,83.0,,25,2019-03-09 00:32:23,Australia/Melbourne
2019-03-09 11:32:27+11:00,41547,-38.04181429557502,145.11042268015444,146.25862,-4.399999999999976,2478,31.1652,31165.2,151.0,81.0,,25,2019-03-09 00:32:27,Australia/Melbourne
2019-03-09 11:32:33+11:00,41553,-38.0413832142949,145.1101821195334,146.31091999999998,-5.0,2475,31.219200000000004,31219.2,148.0,81.0,,25,2019-03-09 00:32:33,Australia/Melbourne
2019-03-09 11:32:36+11:00,41556,-38.041170733049505,145.11006108485162,146.33678,-5.399999999999976,2473,31.194000000000003,31194.0,149.0,78.0,,25,2019-03-09 00:32:36,Australia/Melbourne
2019-03-09 11:32:43+11:00,41563,-38.04067469201982,145.10975824669003,146.39793999999998,-5.399999999999976,2473,31.2768,31276.8,151.0,81.0,,25,2019-03-09 00:32:43,Australia/Melbourne
2019-03-09 11:32:45+11:00,41565,-38.04053588770329,145.10967744514346,146.41492000000005,-5.600000000000024,2472,30.9456,30945.6,151.0,79.0,,25,2019-03-09 00:32:45,Australia/Melbourne
2019-03-09 11:32:52+11:00,41572,-38.04004068486393,145.1093955617398,146.4752,-5.800000000000012,2471,30.931200000000004,30931.2,152.0,81.0,,25,2019-03-09 00:32:52,Australia/Melbourne
2019-03-09 11:32:55+11:00,41575,-38.03982736542821,145.10927779600024,146.50106,-5.399999999999976,2473,31.0608,31060.8,151.0,79.0,,25,2019-03-09 00:32:55,Australia/Melbourne
2019-03-09 11:33:03+11:00,41583,-38.039267621934414,145.10894754901528,146.5696,-5.600000000000024,2472,31.338,31338.0,152.0,82.0,,25,2019-03-09 00:33:03,Australia/Melbourne
2019-03-09 11:33:05+11:00,41585,-38.039130745455616,145.1088566891849,146.58676,-6.199999999999988,2469,30.5928,30592.8,152.0,81.0,,25,2019-03-09 00:33:05,Australia/Melbourne
2019-03-09 11:33:12+11:00,41592,-38.0386430863291,145.10856541804966,146.64661999999996,-5.199999999999988,2474,30.0384,30038.4,151.0,82.0,,25,2019-03-09 00:33:12,Australia/Melbourne
2019-03-09 11:33:20+11:00,41600,-38.03808124735952,145.10825553908944,146.71470000000005,-5.600000000000024,2472,30.0384,30038.4,153.0,78.0,,25,2019-03-09 00:33:20,Australia/Melbourne
2019-03-09 11:33:28+11:00,41608,-38.03753323853015,145.10792395099998,146.78212,-5.399999999999976,2473,30.286800000000003,30286.8,155.0,80.0,,25,2019-03-09 00:33:28,Australia/Melbourne
2019-03-09 11:33:29+11:00,41609,-38.037463584914796,145.10788287967443,146.79064000000002,-5.199999999999988,2474,30.492000000000004,30492.0,155.0,80.0,,25,2019-03-09 00:33:29,Australia/Melbourne
2019-03-09 11:33:36+11:00,41616,-38.036973411217325,145.1075895968825,146.85083999999998,-5.0,2475,31.6764,31676.4,155.0,82.0,,25,2019-03-09 00:33:36,Australia/Melbourne
2019-03-09 11:33:40+11:00,41620,-38.036687336862094,145.107416594401,146.88603999999998,-5.199999999999988,2474,31.8852,31885.2,153.0,82.0,,25,2019-03-09 00:33:40,Australia/Melbourne
2019-03-09 11:33:47+11:00,41627,-38.036186518147595,145.1071113254875,146.94773999999995,-5.800000000000012,2471,31.914,31914.0,152.0,81.0,,25,2019-03-09 00:33:47,Australia/Melbourne
2019-03-09 11:33:50+11:00,41630,-38.035974204540246,145.10698006488386,146.97398,-6.0,2470,31.4532,31453.2,152.0,81.0,,25,2019-03-09 00:33:50,Australia/Melbourne
2019-03-09 11:33:57+11:00,41637,-38.035475146025426,145.10668577626348,147.03512,-5.399999999999976,2473,31.3452,31345.2,149.0,81.0,,25,2019-03-09 00:33:57,Australia/Melbourne
2019-03-09 11:33:59+11:00,41639,-38.03533650934696,145.1066049747169,147.05206,-5.600000000000024,2472,30.6036,30603.6,148.0,81.0,,25,2019-03-09 00:33:59,Australia/Melbourne
2019-03-09 11:34:05+11:00,41645,-38.034933591261506,145.10635251179338,147.10198,-5.199999999999988,2474,28.7208,28720.8,145.0,67.0,,25,2019-03-09 00:34:05,Australia/Melbourne
2019-03-09 11:34:06+11:00,41646,-38.03486930206418,145.1063140388578,147.10988,-5.199999999999988,2474,28.2996,28299.6,145.0,74.0,,25,2019-03-09 00:34:06,Australia/Melbourne
2019-03-09 11:34:14+11:00,41654,-38.03434811532498,145.10600055567917,147.17394000000004,-4.800000000000012,2476,29.304,29304.0,143.0,75.0,,24,2019-03-09 00:34:14,Australia/Melbourne
2019-03-09 11:34:15+11:00,41655,-38.034282233566046,145.10596141219142,147.18202,-5.199999999999988,2474,29.052000000000003,29052.0,143.0,73.0,,24,2019-03-09 00:34:15,Australia/Melbourne
2019-03-09 11:34:22+11:00,41662,-38.033795831725,145.1056798640639,147.24138,-4.600000000000024,2477,31.122,31122.0,146.0,81.0,,24,2019-03-09 00:34:22,Australia/Melbourne
2019-03-09 11:34:24+11:00,41664,-38.03365258499979,145.10559612885118,147.25892000000005,-4.800000000000012,2476,31.968000000000004,31968.0,146.0,81.0,,24,2019-03-09 00:34:24,Australia/Melbourne
2019-03-09 11:34:31+11:00,41671,-38.03314606659114,145.10529773309827,147.32098000000005,-4.600000000000024,2477,31.737600000000004,31737.6,146.0,82.0,,24,2019-03-09 00:34:31,Australia/Melbourne
2019-03-09 11:34:38+11:00,41678,-38.032632088288665,145.10499036870897,147.38412,-5.199999999999988,2474,33.3396,33339.6,147.0,85.0,,24,2019-03-09 00:34:38,Australia/Melbourne
2019-03-09 11:34:39+11:00,41679,-38.03255589678884,145.1049460284412,147.39342000000005,-5.399999999999976,2473,33.4836,33483.6,147.0,86.0,,24,2019-03-09 00:34:39,Australia/Melbourne
2019-03-09 11:34:46+11:00,41686,-38.03202850744128,145.10463547892869,147.458,-4.800000000000012,2476,32.8068,32806.8,149.0,90.0,,24,2019-03-09 00:34:46,Australia/Melbourne
2019-03-09 11:34:49+11:00,41689,-38.03180990740657,145.1044979318976,147.48510000000005,-4.800000000000012,2476,32.562,32562.0,149.0,84.0,,24,2019-03-09 00:34:49,Australia/Melbourne
2019-03-09 11:34:52+11:00,41692,-38.031593905761845,145.10436767712238,147.51167999999996,-4.199999999999989,2479,32.1768,32176.8,151.0,84.0,,24,2019-03-09 00:34:52,Australia/Melbourne
2019-03-09 11:34:55+11:00,41695,-38.03137782029808,145.10424303822217,147.53806,-5.399999999999976,2473,31.9428,31942.8,151.0,80.0,,24,2019-03-09 00:34:55,Australia/Melbourne
2019-03-09 11:34:57+11:00,41697,-38.0312333162874,145.10415829718113,147.55572,-5.399999999999976,2473,32.022,32022.0,151.0,79.0,,24,2019-03-09 00:34:57,Australia/Melbourne
2019-03-09 11:35:04+11:00,41704,-38.030721684917815,145.10386308655143,147.61813999999998,-5.399999999999976,2473,32.2056,32205.6,151.0,84.0,,24,2019-03-09 00:35:04,Australia/Melbourne
2019-03-09 11:35:08+11:00,41708,-38.03042228333653,145.10369536466897,147.65448,-5.600000000000024,2472,33.3036,33303.6,150.0,86.0,,24,2019-03-09 00:35:08,Australia/Melbourne
2019-03-09 11:35:15+11:00,41715,-38.02989975549281,145.10339428670704,147.71822,-5.199999999999988,2474,32.6052,32605.2,150.0,85.0,,24,2019-03-09 00:35:15,Australia/Melbourne
2019-03-09 11:35:20+11:00,41720,-38.02953522652388,145.10318155400455,147.76278,-5.199999999999988,2474,32.0112,32011.2,150.0,83.0,,24,2019-03-09 00:35:20,Australia/Melbourne
2019-03-09 11:35:27+11:00,41727,-38.02902694791555,145.10287804529068,147.82520000000005,-5.0,2475,32.0508,32050.8,149.0,83.0,,24,2019-03-09 00:35:27,Australia/Melbourne
2019-03-09 11:35:33+11:00,41733,-38.02859477698803,145.10262549854818,147.87806,-4.399999999999976,2478,31.5792,31579.2,149.0,80.0,,24,2019-03-09 00:35:33,Australia/Melbourne
2019-03-09 11:35:34+11:00,41734,-38.028524285182364,145.1025825832039,147.88676,-4.600000000000024,2477,31.5648,31564.8,148.0,84.0,,24,2019-03-09 00:35:34,Australia/Melbourne
2019-03-09 11:35:41+11:00,41741,-38.0280333571136,145.1022883784026,147.9471,-5.800000000000012,2471,30.9384,30938.4,150.0,81.0,,24,2019-03-09 00:35:41,Australia/Melbourne
2019-03-09 11:35:48+11:00,41748,-38.0275325383991,145.10199249722064,148.00843999999998,-5.199999999999988,2474,32.119200000000006,32119.2,151.0,82.0,,24,2019-03-09 00:35:48,Australia/Melbourne
2019-03-09 11:35:50+11:00,41750,-38.027386106550686,145.1019094325602,148.02626,-5.399999999999976,2473,32.0148,32014.8,152.0,84.0,,24,2019-03-09 00:35:50,Australia/Melbourne
2019-03-09 11:35:57+11:00,41757,-38.02687866613269,145.1016184128821,148.0881,-5.199999999999988,2474,31.7844,31784.4,154.0,84.0,,24,2019-03-09 00:35:57,Australia/Melbourne
2019-03-09 11:35:58+11:00,41758,-38.02680700086057,145.10157440789044,148.09691999999998,-5.199999999999988,2474,32.14080000000001,32140.8,155.0,83.0,,24,2019-03-09 00:35:58,Australia/Melbourne
2019-03-09 11:36:05+11:00,41765,-38.0262980517,145.1012836396694,148.15894,-5.0,2475,32.2308,32230.8,153.0,85.0,,24,2019-03-09 00:36:05,Australia/Melbourne
2019-03-09 11:36:06+11:00,41766,-38.026226386427886,145.10124223306775,148.16770000000002,-5.199999999999988,2474,31.734,31734.0,153.0,84.0,,24,2019-03-09 00:36:06,Australia/Melbourne
2019-03-09 11:36:13+11:00,41773,-38.02573042921722,145.10095967911184,148.22806,-4.199999999999989,2479,31.068000000000005,31068.0,152.0,82.0,,24,2019-03-09 00:36:13,Australia/Melbourne
2019-03-09 11:36:16+11:00,41776,-38.02551945671439,145.10083135217428,148.25406,-3.3999999999999773,2483,31.3416,31341.6,151.0,81.0,,24,2019-03-09 00:36:16,Australia/Melbourne
2019-03-09 11:36:23+11:00,41783,-38.02502509206533,145.1005453616381,148.31441999999998,-3.6000000000000227,2482,31.608,31608.0,152.0,81.0,,24,2019-03-09 00:36:23,Australia/Melbourne
2019-03-09 11:36:25+11:00,41785,-38.02487941458821,145.1004656497389,148.33203999999998,-4.0,2480,31.737600000000004,31737.6,153.0,82.0,,24,2019-03-09 00:36:25,Australia/Melbourne
2019-03-09 11:36:32+11:00,41792,-38.0243832897395,145.10015878826383,148.39335999999997,-4.399999999999976,2478,31.5864,31586.4,152.0,81.0,,24,2019-03-09 00:36:32,Australia/Melbourne
2019-03-09 11:36:34+11:00,41794,-38.02424155175686,145.1000685151666,148.41098000000005,-4.800000000000012,2476,31.5252,31525.2,152.0,82.0,,24,2019-03-09 00:36:34,Australia/Melbourne
2019-03-09 11:36:41+11:00,41801,-38.02375791594386,145.09972393512726,148.4726,-5.0,2475,32.04,32040.0,152.0,83.0,,24,2019-03-09 00:36:41,Australia/Melbourne
2019-03-09 11:36:43+11:00,41803,-38.023618943989284,145.09962209500372,148.49042,-5.199999999999988,2474,32.148,32148.0,153.0,82.0,,24,2019-03-09 00:36:43,Australia/Melbourne
2019-03-09 11:36:44+11:00,41804,-38.02354962565005,145.0995729770511,148.49924,-4.800000000000012,2476,31.9644,31964.4,153.0,83.0,,24,2019-03-09 00:36:44,Australia/Melbourne
2019-03-09 11:36:51+11:00,41811,-38.023075461387634,145.09921682998538,148.56048,-5.199999999999988,2474,31.1796,31179.6,152.0,82.0,,24,2019-03-09 00:36:51,Australia/Melbourne
2019-03-09 11:36:53+11:00,41813,-38.022941099479795,145.0991173367947,148.57776,-5.199999999999988,2474,30.9672,30967.2,152.0,82.0,,24,2019-03-09 00:36:53,Australia/Melbourne
2019-03-09 11:37:01+11:00,41821,-38.022409938275814,145.0987253151834,148.64604,-5.199999999999988,2474,30.6288,30628.8,152.0,80.0,,24,2019-03-09 00:37:01,Australia/Melbourne
2019-03-09 11:37:04+11:00,41824,-38.02221086807549,145.0985791347921,148.67157999999995,-4.800000000000012,2476,30.69,30690.0,151.0,81.0,,24,2019-03-09 00:37:04,Australia/Melbourne
2019-03-09 11:37:11+11:00,41831,-38.021739469841116,145.0982285197824,148.73229999999995,-5.800000000000012,2471,31.5612,31561.2,151.0,81.0,,24,2019-03-09 00:37:11,Australia/Melbourne
2019-03-09 11:37:14+11:00,41834,-38.021534029394395,145.09808225557208,148.75848000000005,-5.0,2475,31.788,31788.0,151.0,83.0,,24,2019-03-09 00:37:14,Australia/Melbourne
2019-03-09 11:37:20+11:00,41840,-38.021118622273214,145.0977796688676,148.81166000000005,-6.600000000000023,2467,32.076,32076.0,153.0,82.0,,24,2019-03-09 00:37:20,Australia/Melbourne
2019-03-09 11:37:22+11:00,41842,-38.0209825001657,145.09767632000145,148.82928,-6.199999999999988,2469,31.446,31446.0,153.0,82.0,,24,2019-03-09 00:37:22,Australia/Melbourne
2019-03-09 11:37:26+11:00,41846,-38.02070757374168,145.09747607633471,148.8645,-5.199999999999988,2474,31.8816,31881.6,153.0,82.0,,24,2019-03-09 00:37:26,Australia/Melbourne
2019-03-09 11:37:32+11:00,41852,-38.020294765010476,145.09717013686898,148.9176,-4.800000000000012,2476,32.2164,32216.4,153.0,85.0,,24,2019-03-09 00:37:32,Australia/Melbourne
2019-03-09 11:37:39+11:00,41859,-38.019812554121025,145.09681130759418,148.9797,-4.800000000000012,2476,31.899600000000003,31899.6,153.0,81.0,,24,2019-03-09 00:37:39,Australia/Melbourne
2019-03-09 11:37:42+11:00,41862,-38.01960661076009,145.09666135534644,149.0061,-4.600000000000024,2477,31.6512,31651.2,152.0,81.0,,24,2019-03-09 00:37:42,Australia/Melbourne
2019-03-09 11:37:49+11:00,41869,-38.019127668812864,145.09629867039618,149.06806,-4.399999999999976,2478,31.4316,31431.6,153.0,82.0,,24,2019-03-09 00:37:49,Australia/Melbourne
2019-03-09 11:37:51+11:00,41871,-38.01899020560086,145.09620127268138,149.08556000000002,-4.800000000000012,2476,31.590000000000003,31590.0,152.0,80.0,,24,2019-03-09 00:37:51,Australia/Melbourne
2019-03-09 11:37:56+11:00,41876,-38.01864654757083,145.09594805538651,149.1297,-4.199999999999989,2479,31.6548,31654.8,153.0,83.0,,24,2019-03-09 00:37:56,Australia/Melbourne
2019-03-09 11:38:03+11:00,41883,-38.01816777326167,145.09559291414914,149.19132000000005,-4.800000000000012,2476,31.6548,31654.8,152.0,83.0,,24,2019-03-09 00:38:03,Australia/Melbourne
2019-03-09 11:38:04+11:00,41884,-38.0181002151221,145.09554287418723,149.2,-4.800000000000012,2476,31.3776,31377.6,152.0,80.0,,24,2019-03-09 00:38:04,Australia/Melbourne
2019-03-09 11:38:11+11:00,41891,-38.01763577386737,145.09516401216388,149.26138,-4.800000000000012,2476,31.5036,31503.6,152.0,82.0,,24,2019-03-09 00:38:11,Australia/Melbourne
2019-03-09 11:38:13+11:00,41893,-38.01750644110143,145.0950520299375,149.27878,-4.399999999999976,2478,31.1328,31132.8,152.0,85.0,,24,2019-03-09 00:38:13,Australia/Melbourne
2019-03-09 11:38:20+11:00,41900,-38.017069157212966,145.09463503025472,149.33957999999996,-4.0,2480,31.0536,31053.6,151.0,82.0,,24,2019-03-09 00:38:20,Australia/Melbourne
2019-03-09 11:38:21+11:00,41901,-38.017006795853376,145.09457451291382,149.3483,-4.0,2480,31.248,31248.0,150.0,83.0,,24,2019-03-09 00:38:21,Australia/Melbourne
2019-03-09 11:38:28+11:00,41908,-38.016568506136544,145.094152148813,149.40948,-4.600000000000024,2477,31.521600000000007,31521.6,150.0,82.0,,24,2019-03-09 00:38:28,Australia/Melbourne
2019-03-09 11:38:32+11:00,41912,-38.01631805486978,145.09390840306878,149.44456,-4.800000000000012,2476,31.3164,31316.4,149.0,81.0,,24,2019-03-09 00:38:32,Australia/Melbourne
2019-03-09 11:38:39+11:00,41919,-38.01588253118098,145.0934838596731,149.50560000000004,-5.199999999999988,2474,31.9032,31903.2,149.0,84.0,,24,2019-03-09 00:38:39,Australia/Melbourne
2019-03-09 11:38:43+11:00,41923,-38.01563040353358,145.09324078448117,149.5408,-4.800000000000012,2476,32.14080000000001,32140.8,148.0,83.0,,24,2019-03-09 00:38:43,Australia/Melbourne
2019-03-09 11:38:45+11:00,41925,-38.01550392061472,145.093116145581,149.5586,-5.399999999999976,2473,31.9932,31993.2,149.0,83.0,,24,2019-03-09 00:38:45,Australia/Melbourne
2019-03-09 11:38:52+11:00,41932,-38.01506311632693,145.0926866568625,149.6204,-5.399999999999976,2473,31.3092,31309.2,150.0,82.0,,24,2019-03-09 00:38:52,Australia/Melbourne
2019-03-09 11:38:53+11:00,41933,-38.01500109024346,145.09262639097867,149.62908000000002,-5.199999999999988,2474,31.356000000000005,31356.0,150.0,81.0,,24,2019-03-09 00:38:53,Australia/Melbourne
2019-03-09 11:39:00+11:00,41940,-38.014563554897904,145.09220084175467,149.69034,-5.0,2475,31.2372,31237.2,149.0,83.0,,24,2019-03-09 00:39:00,Australia/Melbourne
2019-03-09 11:39:02+11:00,41942,-38.01444218493997,145.09208475239575,149.70723999999996,-6.0,2470,30.733200000000004,30733.2,148.0,80.0,,24,2019-03-09 00:39:02,Australia/Melbourne
2019-03-09 11:39:07+11:00,41947,-38.014131300151355,145.0917892064899,149.75042000000005,-6.399999999999977,2468,31.5108,31510.8,147.0,83.0,,24,2019-03-09 00:39:07,Australia/Melbourne
2019-03-09 11:39:13+11:00,41953,-38.013757383450866,145.09142518043518,149.8028,-6.800000000000012,2466,31.122,31122.0,147.0,82.0,,24,2019-03-09 00:39:13,Australia/Melbourne
2019-03-09 11:39:21+11:00,41961,-38.013272993266575,145.09095369838178,149.87063999999998,-7.0,2465,30.366000000000003,30366.0,149.0,79.0,,24,2019-03-09 00:39:21,Australia/Melbourne
2019-03-09 11:39:23+11:00,41963,-38.013150282204144,145.0908443983644,149.88729999999995,-6.600000000000023,2467,29.4516,29451.6,148.0,43.0,,24,2019-03-09 00:39:23,Australia/Melbourne
2019-03-09 11:39:25+11:00,41965,-38.013024972751744,145.09074121713638,149.90392,-5.800000000000012,2471,30.15,30150.0,147.0,28.0,,24,2019-03-09 00:39:25,Australia/Melbourne
2019-03-09 11:39:30+11:00,41970,-38.012703191488974,145.09049613028762,149.94562,-6.600000000000023,2467,30.366000000000003,30366.0,147.0,81.0,,24,2019-03-09 00:39:30,Australia/Melbourne
2019-03-09 11:39:36+11:00,41976,-38.012344781309366,145.09021634235978,149.9924,-6.399999999999977,2468,22.2516,22251.6,147.0,72.0,,24,2019-03-09 00:39:36,Australia/Melbourne
2019-03-09 11:39:39+11:00,41979,-38.01224889233709,145.09014836512506,150.0046,-5.399999999999976,2473,10.4004,10400.4,146.0,0.0,,23,2019-03-09 00:39:39,Australia/Melbourne
2019-03-09 11:39:40+11:00,41980,-38.012233134359114,145.09013621136546,150.00664,-5.199999999999988,2474,7.3044,7304.4000000000015,145.0,0.0,,23,2019-03-09 00:39:40,Australia/Melbourne
2019-03-09 11:39:59+11:00,41999,-38.01219885237515,145.09010871872306,150.00734,-5.399999999999976,2473,8.5356,8535.6,150.0,0.0,,23,2019-03-09 00:39:59,Australia/Melbourne
2019-03-09 11:40:01+11:00,42001,-38.01214135251939,145.09006882086396,150.01462,-5.600000000000024,2472,12.0888,12088.8,151.0,0.0,,23,2019-03-09 00:40:01,Australia/Melbourne
2019-03-09 11:40:03+11:00,42003,-38.012070022523396,145.09002573788166,150.02342000000004,-6.199999999999988,2469,16.4484,16448.4,151.0,0.0,,23,2019-03-09 00:40:03,Australia/Melbourne
2019-03-09 11:40:04+11:00,42004,-38.012029454112046,145.08999640122056,150.0286,-6.399999999999977,2468,18.684,18684.0,151.0,47.0,,23,2019-03-09 00:40:04,Australia/Melbourne
2019-03-09 11:40:05+11:00,42005,-38.011983605101705,145.08996195159853,150.03452,-6.800000000000012,2466,21.1824,21182.4,151.0,47.0,,23,2019-03-09 00:40:05,Australia/Melbourne
2019-03-09 11:40:07+11:00,42007,-38.011878244578845,145.0898858439177,150.04798000000005,-7.600000000000023,2462,24.9588,24958.8,150.0,77.0,,23,2019-03-09 00:40:07,Australia/Melbourne
2019-03-09 11:40:10+11:00,42010,-38.01169677637517,145.08975483477116,150.0712,-8.399999999999977,2458,28.6524,28652.4,147.0,89.0,,23,2019-03-09 00:40:10,Australia/Melbourne
2019-03-09 11:40:11+11:00,42011,-38.01163382828236,145.08971041068438,150.0792,-8.800000000000011,2456,28.8576,28857.6,146.0,90.0,,23,2019-03-09 00:40:11,Australia/Melbourne
2019-03-09 11:40:15+11:00,42015,-38.011370804160826,145.08951511234042,150.11306000000002,-9.199999999999989,2454,30.6504,30650.4,143.0,97.0,,23,2019-03-09 00:40:15,Australia/Melbourne
2019-03-09 11:40:18+11:00,42018,-38.0111669562757,145.08936214260754,150.1394,-9.0,2455,31.910400000000006,31910.4,142.0,91.0,,23,2019-03-09 00:40:18,Australia/Melbourne
2019-03-09 11:40:25+11:00,42025,-38.01067359745503,145.0889890640974,150.20322,-9.600000000000025,2452,33.598800000000004,33598.8,142.0,95.0,,23,2019-03-09 00:40:25,Australia/Melbourne
2019-03-09 11:40:29+11:00,42029,-38.010398419573896,145.08876132778826,150.23973999999995,-10.199999999999989,2449,31.6656,31665.6,143.0,94.0,,23,2019-03-09 00:40:29,Australia/Melbourne
2019-03-09 11:40:31+11:00,42031,-38.01027218811214,145.08864783681932,150.25692,-10.399999999999975,2448,30.4812,30481.2,144.0,89.0,,23,2019-03-09 00:40:31,Australia/Melbourne
2019-03-09 11:40:34+11:00,42034,-38.01009139046072,145.0884849764407,150.28158,-9.0,2455,28.7892,28789.2,144.0,85.0,,23,2019-03-09 00:40:34,Australia/Melbourne
2019-03-09 11:40:37+11:00,42037,-38.00990824587643,145.0883576553315,150.3048,-8.0,2460,27.3312,27331.2,146.0,80.0,,23,2019-03-09 00:40:37,Australia/Melbourne
2019-03-09 11:40:38+11:00,42038,-38.009844878688455,145.08832530118525,150.31238000000005,-7.800000000000012,2461,27.1584,27158.4,147.0,80.0,,23,2019-03-09 00:40:38,Australia/Melbourne
2019-03-09 11:40:43+11:00,42043,-38.00950683653355,145.08821189403534,150.35126,-7.800000000000012,2461,28.5192,28519.2,148.0,82.0,,23,2019-03-09 00:40:43,Australia/Melbourne
2019-03-09 11:40:50+11:00,42050,-38.009040215983994,145.08809622377154,150.40406000000002,-8.0,2460,25.1712,25171.2,148.0,64.0,,23,2019-03-09 00:40:50,Australia/Melbourne
2019-03-09 11:40:52+11:00,42052,-38.008921276777976,145.08806680329144,150.4175,-7.800000000000012,2461,24.2244,24224.4,145.0,0.0,,23,2019-03-09 00:40:52,Australia/Melbourne
2019-03-09 11:40:53+11:00,42053,-38.00886629149318,145.08804417215288,150.42391999999998,-7.800000000000012,2461,23.4288,23428.8,144.0,0.0,,23,2019-03-09 00:40:53,Australia/Melbourne
2019-03-09 11:40:56+11:00,42056,-38.008729750290506,145.08795079775157,150.44116,-8.0,2460,20.034,20034.0,141.0,0.0,,23,2019-03-09 00:40:56,Australia/Melbourne
2019-03-09 11:40:57+11:00,42057,-38.00868809223175,145.0879151746631,150.44673999999995,-8.0,2460,19.803600000000007,19803.6,141.0,0.0,,23,2019-03-09 00:40:57,Australia/Melbourne
2019-03-09 11:41:00+11:00,42060,-38.008639561012394,145.0878375582397,150.45556000000002,-8.199999999999989,2459,5.58,5580.0,139.0,0.0,,23,2019-03-09 00:41:00,Australia/Melbourne
2019-03-09 11:41:03+11:00,42063,-38.00861919298768,145.08775734342638,150.46298000000004,-8.0,2460,11.1924,11192.4,137.0,0.0,,23,2019-03-09 00:41:03,Australia/Melbourne
2019-03-09 11:41:04+11:00,42064,-38.00861701369285,145.08771602064368,150.46662,-8.199999999999989,2459,12.9168,12916.8,137.0,0.0,,23,2019-03-09 00:41:04,Australia/Melbourne
2019-03-09 11:41:06+11:00,42066,-38.00864601507783,145.08760990574956,150.47654,-8.600000000000023,2457,19.1196,19119.6,140.0,51.0,,23,2019-03-09 00:41:06,Australia/Melbourne
2019-03-09 11:41:07+11:00,42067,-38.008680129423745,145.08755936287344,150.48236,-8.800000000000011,2456,20.7756,20775.6,141.0,58.0,,23,2019-03-09 00:41:07,Australia/Melbourne
2019-03-09 11:41:08+11:00,42068,-38.0087233800441,145.0875161122531,150.48848,-9.199999999999989,2454,21.6468,21646.8,142.0,62.0,,23,2019-03-09 00:41:08,Australia/Melbourne
2019-03-09 11:41:10+11:00,42070,-38.00882664509117,145.0874433573335,150.50162,-9.600000000000025,2452,23.9328,23932.8,145.0,67.0,,23,2019-03-09 00:41:10,Australia/Melbourne
2019-03-09 11:41:11+11:00,42071,-38.00887886434794,145.08740471675992,150.50834,-9.600000000000025,2452,23.9652,23965.2,145.0,68.0,,23,2019-03-09 00:41:11,Australia/Melbourne
2019-03-09 11:41:12+11:00,42072,-38.00892689265311,145.0873602088541,150.51494,-9.600000000000025,2452,23.6916,23691.6,146.0,70.0,,23,2019-03-09 00:41:12,Australia/Melbourne
2019-03-09 11:41:15+11:00,42075,-38.00905262120068,145.08718527853492,150.53576,-9.199999999999989,2454,24.9156,24915.6,148.0,71.0,,23,2019-03-09 00:41:15,Australia/Melbourne
2019-03-09 11:41:18+11:00,42078,-38.0091499350965,145.0869717076421,150.55743999999999,-9.0,2455,25.7436,25743.6,149.0,74.0,,23,2019-03-09 00:41:18,Australia/Melbourne
2019-03-09 11:41:20+11:00,42080,-38.00918279215694,145.08681102655828,150.57206000000002,-9.199999999999989,2454,25.9668,25966.8,150.0,76.0,,23,2019-03-09 00:41:20,Australia/Melbourne
2019-03-09 11:41:23+11:00,42083,-38.009198298677795,145.0865653529763,150.59374,-9.199999999999989,2454,25.7652,25765.2,151.0,74.0,,23,2019-03-09 00:41:23,Australia/Melbourne
2019-03-09 11:41:25+11:00,42085,-38.009184803813696,145.08640576153994,150.60783999999998,-9.399999999999975,2453,25.524,25524.0,151.0,73.0,,23,2019-03-09 00:41:25,Australia/Melbourne
2019-03-09 11:41:30+11:00,42090,-38.00906309857965,145.08602715097368,150.64396000000002,-9.199999999999989,2454,25.8012,25801.2,151.0,75.0,,23,2019-03-09 00:41:30,Australia/Melbourne
2019-03-09 11:41:34+11:00,42094,-38.008862687274814,145.08580033667388,150.67396000000002,-9.199999999999989,2454,27.032400000000006,27032.4,153.0,82.0,,23,2019-03-09 00:41:34,Australia/Melbourne
2019-03-09 11:41:40+11:00,42100,-38.00854484550655,145.08551409468055,150.7173,-9.199999999999989,2454,25.4808,25480.8,150.0,0.0,,23,2019-03-09 00:41:40,Australia/Melbourne
2019-03-09 11:41:41+11:00,42101,-38.008496817201376,145.0854613725096,150.72436000000002,-9.199999999999989,2454,25.1928,25192.8,149.0,0.0,,23,2019-03-09 00:41:41,Australia/Melbourne
2019-03-09 11:41:45+11:00,42105,-38.00835239700972,145.08528342470527,150.74674,-9.199999999999989,2454,15.9408,15940.8,145.0,0.0,,23,2019-03-09 00:41:45,Australia/Melbourne
2019-03-09 11:41:46+11:00,42106,-38.00833177752793,145.08525685407218,150.75,-9.0,2455,11.5848,11584.8,144.0,0.0,,23,2019-03-09 00:41:46,Australia/Melbourne
2019-03-09 11:41:48+11:00,42108,-38.008300513029106,145.08522106334567,150.7547,-8.600000000000023,2457,7.866,7866.0,141.0,0.0,,23,2019-03-09 00:41:48,Australia/Melbourne
2019-03-09 11:41:49+11:00,42109,-38.0082846712321,145.0852071493864,150.75683999999995,-8.399999999999977,2458,7.7976,7797.6,138.0,0.0,,23,2019-03-09 00:41:49,Australia/Melbourne
2019-03-09 11:41:51+11:00,42111,-38.00824200734496,145.0851701851934,150.76258,-8.600000000000023,2457,10.9908,10990.8,137.0,0.0,,23,2019-03-09 00:41:51,Australia/Melbourne
2019-03-09 11:41:54+11:00,42114,-38.00815584138036,145.08508644998076,150.77463999999998,-8.399999999999977,2458,16.192800000000002,16192.8,140.0,44.0,,23,2019-03-09 00:41:54,Australia/Melbourne
2019-03-09 11:41:56+11:00,42116,-38.008086187765,145.0850017927587,150.78536,-9.0,2455,19.9188,19918.8,141.0,50.0,,23,2019-03-09 00:41:56,Australia/Melbourne
2019-03-09 11:42:01+11:00,42121,-38.00786834210157,145.08477238006893,150.81683999999996,-9.600000000000025,2452,24.6384,24638.4,144.0,69.0,,23,2019-03-09 00:42:01,Australia/Melbourne
2019-03-09 11:42:02+11:00,42122,-38.007818637415774,145.08472116664052,150.82398,-9.600000000000025,2452,25.3548,25354.8,145.0,73.0,,23,2019-03-09 00:42:02,Australia/Melbourne
2019-03-09 11:42:08+11:00,42128,-38.00752585753799,145.08438354358074,150.86795999999995,-9.600000000000025,2452,25.9092,25909.2,148.0,77.0,,23,2019-03-09 00:42:08,Australia/Melbourne
2019-03-09 11:42:09+11:00,42129,-38.00747699104249,145.08432663045824,150.87534,-9.399999999999975,2453,26.6148,26614.8,148.0,78.0,,23,2019-03-09 00:42:09,Australia/Melbourne
2019-03-09 11:42:18+11:00,42138,-38.007024955004454,145.08381600491703,150.94262,-8.800000000000011,2456,27.738000000000003,27738.0,147.0,79.0,,23,2019-03-09 00:42:18,Australia/Melbourne
2019-03-09 11:42:26+11:00,42146,-38.00661684013903,145.0833245739341,151.00522,-8.800000000000011,2456,27.9576,27957.6,149.0,81.0,,23,2019-03-09 00:42:26,Australia/Melbourne
2019-03-09 11:42:27+11:00,42147,-38.00656503997743,145.08326405659318,151.01306,-8.800000000000011,2456,27.788400000000006,27788.4,149.0,81.0,,23,2019-03-09 00:42:27,Australia/Melbourne
2019-03-09 11:42:35+11:00,42155,-38.006133791059256,145.08278335444632,151.07688000000005,-9.0,2455,29.2392,29239.2,150.0,84.0,,23,2019-03-09 00:42:35,Australia/Melbourne
2019-03-09 11:42:36+11:00,42156,-38.00607779994607,145.08272434584796,151.08498,-9.0,2455,29.0664,29066.4,149.0,84.0,,23,2019-03-09 00:42:36,Australia/Melbourne
2019-03-09 11:42:44+11:00,42164,-38.00565334036946,145.08223559707403,151.14874,-9.0,2455,28.458,28458.0,149.0,81.0,,23,2019-03-09 00:42:44,Australia/Melbourne
2019-03-09 11:42:52+11:00,42172,-38.005215721204884,145.08175640366971,151.21303999999998,-9.0,2455,29.1096,29109.6,148.0,84.0,,23,2019-03-09 00:42:52,Australia/Melbourne
2019-03-09 11:43:00+11:00,42180,-38.004785478115075,145.08127871900797,151.2766,-9.0,2455,28.1808,28180.8,148.0,83.0,,23,2019-03-09 00:43:00,Australia/Melbourne
2019-03-09 11:43:03+11:00,42183,-38.004635022953146,145.08110236376527,151.29935999999995,-8.800000000000011,2456,27.4248,27424.8,148.0,0.0,,23,2019-03-09 00:43:03,Australia/Melbourne
2019-03-09 11:43:09+11:00,42189,-38.00431659445167,145.08073498494926,151.34724,-8.800000000000011,2456,28.6524,28652.4,151.0,81.0,,23,2019-03-09 00:43:09,Australia/Melbourne
2019-03-09 11:43:11+11:00,42191,-38.004203271120794,145.08062082342803,151.36334,-8.399999999999977,2458,29.2032,29203.2,152.0,86.0,,23,2019-03-09 00:43:11,Australia/Melbourne
2019-03-09 11:43:12+11:00,42192,-38.00414652563632,145.0805608090013,151.37153999999998,-8.199999999999989,2459,29.257200000000005,29257.2,153.0,85.0,,23,2019-03-09 00:43:12,Australia/Melbourne
2019-03-09 11:43:20+11:00,42200,-38.003717958927155,145.08007222786546,151.43562,-7.800000000000012,2461,28.4688,28468.8,152.0,82.0,,23,2019-03-09 00:43:20,Australia/Melbourne
2019-03-09 11:43:21+11:00,42201,-38.003669679164894,145.0800065137446,151.44348000000005,-7.600000000000023,2462,28.404,28404.0,152.0,84.0,,23,2019-03-09 00:43:21,Australia/Melbourne
2019-03-09 11:43:25+11:00,42205,-38.003460131585605,145.07976176217198,151.47516000000005,-6.800000000000012,2466,28.8792,28879.2,151.0,84.0,,23,2019-03-09 00:43:25,Australia/Melbourne
2019-03-09 11:43:27+11:00,42207,-38.00335527397692,145.07964223623276,151.49084,-6.600000000000023,2467,28.1808,28180.8,151.0,84.0,,23,2019-03-09 00:43:27,Australia/Melbourne
2019-03-09 11:43:35+11:00,42215,-38.00292746163905,145.07916094735262,151.55442000000005,-7.199999999999988,2464,28.8216,28821.6,151.0,83.0,,23,2019-03-09 00:43:35,Australia/Melbourne
2019-03-09 11:43:36+11:00,42216,-38.00287633202971,145.0791002623737,151.56220000000005,-7.600000000000023,2462,27.9144,27914.4,151.0,84.0,,23,2019-03-09 00:43:36,Australia/Melbourne
2019-03-09 11:43:37+11:00,42217,-38.00282528623938,145.0790404994041,151.56992000000002,-7.800000000000012,2461,28.116,28116.0,151.0,82.0,,23,2019-03-09 00:43:37,Australia/Melbourne
2019-03-09 11:43:43+11:00,42223,-38.00251767039299,145.0786837656051,151.61628000000002,-6.800000000000012,2466,27.378000000000004,27378.0,152.0,82.0,,23,2019-03-09 00:43:43,Australia/Melbourne
2019-03-09 11:43:47+11:00,42227,-38.00231088884175,145.07844823412597,151.64718,-6.399999999999977,2468,27.954,27954.0,151.0,82.0,,23,2019-03-09 00:43:47,Australia/Melbourne
2019-03-09 11:43:55+11:00,42235,-38.001881567761295,145.07795621640983,151.7115,-6.199999999999988,2469,28.3104,28310.4,150.0,84.0,,23,2019-03-09 00:43:55,Australia/Melbourne
2019-03-09 11:44:00+11:00,42240,-38.00161158666015,145.0776575691998,151.75134,-5.600000000000024,2472,28.1376,28137.6,149.0,83.0,,23,2019-03-09 00:44:00,Australia/Melbourne
2019-03-09 11:44:04+11:00,42244,-38.0014034640044,145.07741952314973,151.78248000000005,-5.800000000000012,2471,27.7848,27784.8,148.0,83.0,,23,2019-03-09 00:44:04,Australia/Melbourne
2019-03-09 11:44:12+11:00,42252,-38.00099308602512,145.07694519124925,151.84426000000005,-5.199999999999988,2474,27.3384,27338.4,148.0,79.0,,23,2019-03-09 00:44:12,Australia/Melbourne
2019-03-09 11:44:20+11:00,42260,-38.00059360451996,145.0764939095825,151.90372,-4.399999999999976,2478,26.0604,26060.4,148.0,77.0,,23,2019-03-09 00:44:20,Australia/Melbourne
2019-03-09 11:44:27+11:00,42267,-38.0002760142088,145.07612468674782,151.95162,-4.0,2480,22.5504,22550.4,145.0,0.0,,23,2019-03-09 00:44:27,Australia/Melbourne
2019-03-09 11:44:33+11:00,42273,-38.0000186059624,145.07582838647068,151.99035999999995,-4.399999999999976,2478,24.8508,24850.8,147.0,71.0,,23,2019-03-09 00:44:33,Australia/Melbourne
2019-03-09 11:44:40+11:00,42280,-37.999678552150726,145.07543368265033,152.04162,-5.600000000000024,2472,27.324,27324.0,149.0,79.0,,23,2019-03-09 00:44:40,Australia/Melbourne
2019-03-09 11:44:47+11:00,42287,-37.999310167506344,145.07501953281462,152.09634,-5.600000000000024,2472,27.460800000000006,27460.8,149.0,82.0,,23,2019-03-09 00:44:47,Australia/Melbourne
2019-03-09 11:44:54+11:00,42294,-37.99895494244993,145.074610915035,152.14966,-4.600000000000024,2477,26.82,26820.0,150.0,79.0,,23,2019-03-09 00:44:54,Australia/Melbourne
2019-03-09 11:45:03+11:00,42303,-37.99851053394377,145.07409383542839,152.21672,-4.0,2480,26.9352,26935.2,150.0,79.0,,23,2019-03-09 00:45:03,Australia/Melbourne
2019-03-09 11:45:07+11:00,42307,-37.998310206457965,145.07385813631115,152.24712,-3.3999999999999773,2483,27.054000000000002,27054.0,150.0,79.0,,23,2019-03-09 00:45:07,Australia/Melbourne
2019-03-09 11:45:10+11:00,42310,-37.99816310405731,145.07368471473455,152.26944,-3.3999999999999773,2483,26.6328,26632.8,150.0,78.0,,23,2019-03-09 00:45:10,Australia/Melbourne
2019-03-09 11:45:18+11:00,42318,-37.99774912185967,145.07320895791054,152.33156,-3.1999999999999886,2484,29.271600000000007,29271.6,150.0,84.0,,23,2019-03-09 00:45:18,Australia/Melbourne
2019-03-09 11:45:20+11:00,42320,-37.99764007329941,145.0730835646391,152.34792000000004,-3.3999999999999773,2483,29.7324,29732.4,150.0,85.0,,23,2019-03-09 00:45:20,Australia/Melbourne
2019-03-09 11:45:28+11:00,42328,-37.99718594178557,145.0725550018251,152.41642000000004,-3.3999999999999773,2483,31.4928,31492.8,151.0,82.0,,23,2019-03-09 00:45:28,Australia/Melbourne
2019-03-09 11:45:29+11:00,42329,-37.997127017006285,145.07248853333294,152.42520000000005,-3.6000000000000227,2482,31.4316,31431.6,151.0,81.0,,23,2019-03-09 00:45:29,Australia/Melbourne
2019-03-09 11:45:36+11:00,42336,-37.996720746159546,145.07201386615634,152.48662,-4.600000000000024,2477,31.460400000000003,31460.4,151.0,81.0,,23,2019-03-09 00:45:36,Australia/Melbourne
2019-03-09 11:45:38+11:00,42338,-37.9966059140861,145.071878163144,152.50406,-5.600000000000024,2472,31.6044,31604.4,150.0,81.0,,23,2019-03-09 00:45:38,Australia/Melbourne
2019-03-09 11:45:39+11:00,42339,-37.99654883332551,145.07181026972833,152.51278,-5.399999999999976,2473,31.3308,31330.8,151.0,80.0,,23,2019-03-09 00:45:39,Australia/Melbourne
2019-03-09 11:45:46+11:00,42346,-37.99620282836258,145.07141632027927,152.56448,-4.600000000000024,2477,30.851999999999997,30852.0,150.0,80.0,,23,2019-03-09 00:45:46,Australia/Melbourne
2019-03-09 11:45:50+11:00,42350,-37.99597936682403,145.07114985957742,152.5986,-4.800000000000012,2476,30.7044,30704.4,148.0,81.0,,23,2019-03-09 00:45:50,Australia/Melbourne
2019-03-09 11:45:58+11:00,42358,-37.995538227260106,145.07063110359013,152.66548,-4.0,2480,29.8548,29854.8,146.0,79.0,,23,2019-03-09 00:45:58,Australia/Melbourne
2019-03-09 11:45:59+11:00,42359,-37.99548131413758,145.07056899368763,152.67383999999996,-3.6000000000000227,2482,29.8944,29894.4,146.0,79.0,,23,2019-03-09 00:45:59,Australia/Melbourne
2019-03-09 11:46:07+11:00,42367,-37.995027182623744,145.07004797458652,152.74194,-3.6000000000000227,2482,30.6468,30646.8,148.0,79.0,,23,2019-03-09 00:46:07,Australia/Melbourne
2019-03-09 11:46:09+11:00,42369,-37.99491704441607,145.06991688162088,152.75874,-3.1999999999999886,2484,30.157200000000003,30157.2,147.0,79.0,,23,2019-03-09 00:46:09,Australia/Melbourne
2019-03-09 11:46:17+11:00,42377,-37.994499458000064,145.06935311481357,152.82672,-3.1999999999999886,2484,30.121200000000005,30121.2,148.0,78.0,,23,2019-03-09 00:46:17,Australia/Melbourne
2019-03-09 11:46:25+11:00,42385,-37.994131492450826,145.06876889616248,152.89234,-3.1999999999999886,2484,29.1456,29145.6,149.0,75.0,,23,2019-03-09 00:46:25,Australia/Melbourne
2019-03-09 11:46:32+11:00,42392,-37.993811471387744,145.06825340911746,152.94992000000005,-3.0,2485,29.9664,29966.4,149.0,77.0,,23,2019-03-09 00:46:32,Australia/Melbourne
2019-03-09 11:46:40+11:00,42400,-37.993441829457886,145.06768670864403,153.01442,-2.800000000000012,2486,28.0656,28065.6,148.0,72.0,,23,2019-03-09 00:46:40,Australia/Melbourne
2019-03-09 11:46:41+11:00,42401,-37.993398662656546,145.06761881522834,153.02206,-2.6000000000000227,2487,27.7524,27752.4,148.0,75.0,,23,2019-03-09 00:46:41,Australia/Melbourne
2019-03-09 11:46:42+11:00,42402,-37.9933546576649,145.06755058653653,153.0298,-2.3999999999999773,2488,27.378000000000004,27378.0,148.0,81.0,,23,2019-03-09 00:46:42,Australia/Melbourne
2019-03-09 11:46:50+11:00,42410,-37.993013681843884,145.06703426130116,153.0889,-1.3999999999999773,2493,25.668000000000003,25668.0,146.0,77.0,,23,2019-03-09 00:46:50,Australia/Melbourne
2019-03-09 11:46:56+11:00,42416,-37.99280128441751,145.0667006615549,153.12652,-1.1999999999999886,2494,20.3796,20379.6,144.0,0.0,,23,2019-03-09 00:46:56,Australia/Melbourne
2019-03-09 11:46:58+11:00,42418,-37.992743700742714,145.06659387610853,153.13788,-1.0,2495,20.862,20862.0,143.0,0.0,,23,2019-03-09 00:46:58,Australia/Melbourne
2019-03-09 11:47:01+11:00,42421,-37.992640184238546,145.0664202030748,153.15698,-1.1999999999999886,2494,23.8716,23871.6,146.0,70.0,,23,2019-03-09 00:47:01,Australia/Melbourne
2019-03-09 11:47:10+11:00,42430,-37.992282528430216,145.06585786119103,153.22034,-1.3999999999999773,2493,24.9264,24926.4,148.0,73.0,,23,2019-03-09 00:47:10,Australia/Melbourne
2019-03-09 11:47:15+11:00,42435,-37.992089996114366,145.06555804051462,153.25428,-0.3999999999999773,2498,24.0984,24098.4,149.0,71.0,,23,2019-03-09 00:47:15,Australia/Melbourne
2019-03-09 11:47:19+11:00,42439,-37.99193903803826,145.0653173122555,153.28126,0.19999999999998866,2501,24.2064,24206.4,150.0,69.0,,24,2019-03-09 00:47:19,Australia/Melbourne
2019-03-09 11:47:21+11:00,42441,-37.99186041578651,145.06519711576402,153.29494,0.8000000000000114,2504,24.605999999999998,24606.0,150.0,70.0,,24,2019-03-09 00:47:21,Australia/Melbourne
2019-03-09 11:47:27+11:00,42447,-37.99162706360221,145.06482445634904,153.3367,2.3999999999999773,2512,25.4376,25437.6,153.0,74.0,,24,2019-03-09 00:47:27,Australia/Melbourne
2019-03-09 11:47:30+11:00,42450,-37.99151164479554,145.0646306667477,153.358,2.800000000000012,2514,25.1532,25153.2,154.0,74.0,,24,2019-03-09 00:47:30,Australia/Melbourne
2019-03-09 11:47:32+11:00,42452,-37.99144215881825,145.0645021721721,153.37166000000002,3.3999999999999773,2517,24.2532,24253.2,154.0,72.0,,24,2019-03-09 00:47:32,Australia/Melbourne
2019-03-09 11:47:36+11:00,42456,-37.99129547551274,145.0642570015043,153.39866,4.0,2520,24.8868,24886.8,157.0,72.0,,24,2019-03-09 00:47:36,Australia/Melbourne
2019-03-09 11:47:37+11:00,42457,-37.99125893041492,145.06419162265956,153.40570000000002,4.0,2520,25.1172,25117.2,157.0,73.0,,24,2019-03-09 00:47:37,Australia/Melbourne
2019-03-09 11:47:42+11:00,42462,-37.99106178805232,145.06386422552168,153.44183999999996,4.199999999999989,2521,26.1792,26179.2,160.0,76.0,,24,2019-03-09 00:47:42,Australia/Melbourne
2019-03-09 11:47:46+11:00,42466,-37.99090152606368,145.06359667517245,153.47132000000005,4.399999999999976,2522,26.2476,26247.6,161.0,75.0,,24,2019-03-09 00:47:46,Australia/Melbourne
2019-03-09 11:47:49+11:00,42469,-37.99078686162829,145.0634007900953,153.49272,4.600000000000024,2523,25.9092,25909.2,161.0,75.0,,24,2019-03-09 00:47:49,Australia/Melbourne
2019-03-09 11:47:57+11:00,42477,-37.9904771503061,145.06286853924394,153.55076,5.399999999999976,2527,26.1576,26157.6,161.0,75.0,,24,2019-03-09 00:47:57,Australia/Melbourne
2019-03-09 11:47:58+11:00,42478,-37.990438090637326,145.06280198693275,153.55803999999998,5.600000000000024,2528,26.2692,26269.2,160.0,77.0,,24,2019-03-09 00:47:58,Australia/Melbourne
2019-03-09 11:48:06+11:00,42486,-37.99012133851648,145.06226303055882,153.61702,5.399999999999976,2527,27.3888,27388.8,158.0,79.0,,24,2019-03-09 00:48:06,Australia/Melbourne
2019-03-09 11:48:11+11:00,42491,-37.98990977928042,145.06189900450408,153.65672,4.600000000000024,2523,29.3112,29311.2,157.0,70.0,,24,2019-03-09 00:48:11,Australia/Melbourne
2019-03-09 11:48:14+11:00,42494,-37.989775501191616,145.06167118437588,153.6817,3.8000000000000114,2519,30.0024,30002.4,156.0,0.0,,24,2019-03-09 00:48:14,Australia/Melbourne
2019-03-09 11:48:15+11:00,42495,-37.98972914926708,145.06159348413348,153.69024,3.1999999999999886,2516,30.5244,30524.4,156.0,0.0,,24,2019-03-09 00:48:15,Australia/Melbourne
2019-03-09 11:48:18+11:00,42498,-37.989581376314156,145.0613545998931,153.71688,2.1999999999999886,2511,32.580000000000005,32580.0,153.0,96.0,,24,2019-03-09 00:48:18,Australia/Melbourne
2019-03-09 11:48:21+11:00,42501,-37.98942689783871,145.06108964793384,153.74578,2.1999999999999886,2511,34.8264,34826.4,151.0,73.0,,24,2019-03-09 00:48:21,Australia/Melbourne
2019-03-09 11:48:23+11:00,42503,-37.98932011239231,145.0609092693776,153.76556000000002,1.0,2505,35.28,35280.0,150.0,0.0,,24,2019-03-09 00:48:23,Australia/Melbourne
2019-03-09 11:48:26+11:00,42506,-37.989164292812355,145.0606341753155,153.7953,-0.6000000000000227,2497,35.78760000000001,35787.6,148.0,0.0,,24,2019-03-09 00:48:26,Australia/Melbourne
2019-03-09 11:48:28+11:00,42508,-37.989062117412686,145.060439966619,153.8158,-2.0,2490,36.5544,36554.4,147.0,0.0,,24,2019-03-09 00:48:28,Australia/Melbourne
2019-03-09 11:48:29+11:00,42509,-37.98901610076428,145.06033946760002,153.826,-2.1999999999999886,2489,36.486,36486.0,147.0,0.0,,24,2019-03-09 00:48:29,Australia/Melbourne
2019-03-09 11:48:32+11:00,42512,-37.98888207413256,145.06003830581903,153.85636,-3.1999999999999886,2484,35.8992,35899.200000000004,143.0,0.0,,24,2019-03-09 00:48:32,Australia/Melbourne
2019-03-09 11:48:37+11:00,42517,-37.988665821030736,145.05956598557532,153.90431999999998,-3.3999999999999773,2483,33.040800000000004,33040.8,142.0,98.0,,24,2019-03-09 00:48:37,Australia/Melbourne
2019-03-09 11:48:40+11:00,42520,-37.98855090513826,145.05930732004342,153.93035999999995,-2.6000000000000227,2487,29.9196,29919.6,139.0,90.0,,24,2019-03-09 00:48:40,Australia/Melbourne
2019-03-09 11:48:42+11:00,42522,-37.98848016187549,145.0591552723199,153.94585999999995,-2.0,2490,27.0972,27097.2,136.0,82.0,,24,2019-03-09 00:48:42,Australia/Melbourne
2019-03-09 11:48:43+11:00,42523,-37.98844747245312,145.05908402614295,153.9531,-1.8000000000000114,2491,25.9416,25941.6,135.0,79.0,,24,2019-03-09 00:48:43,Australia/Melbourne
2019-03-09 11:48:46+11:00,42526,-37.98835543915629,145.05888797342774,153.97312,-0.6000000000000227,2497,22.986,22986.0,136.0,70.0,,24,2019-03-09 00:48:46,Australia/Melbourne
2019-03-09 11:48:49+11:00,42529,-37.98827019520104,145.05870642140508,153.99166,0.8000000000000114,2504,21.5388,21538.8,135.0,64.0,,24,2019-03-09 00:48:49,Australia/Melbourne
2019-03-09 11:48:52+11:00,42532,-37.98819584771991,145.05853040143847,154.00920000000005,1.3999999999999773,2507,21.2292,21229.2,137.0,61.0,,24,2019-03-09 00:48:52,Australia/Melbourne
2019-03-09 11:48:55+11:00,42535,-37.98811538144946,145.05836016498506,154.02662,2.0,2510,20.750400000000006,20750.4,140.0,61.0,,24,2019-03-09 00:48:55,Australia/Melbourne
2019-03-09 11:48:56+11:00,42536,-37.98809015192092,145.05830350331962,154.03233999999998,2.1999999999999886,2511,20.375999999999998,20376.0,141.0,60.0,,24,2019-03-09 00:48:56,Australia/Melbourne
2019-03-09 11:49:00+11:00,42540,-37.9879801813513,145.05806285887957,154.05676,3.0,2515,22.0428,22042.8,144.0,64.0,,24,2019-03-09 00:49:00,Australia/Melbourne
2019-03-09 11:49:02+11:00,42542,-37.987926201894886,145.05793595686555,154.06942,3.0,2515,22.788,22788.0,146.0,50.0,,24,2019-03-09 00:49:02,Australia/Melbourne
2019-03-09 11:49:03+11:00,42543,-37.987896781414754,145.05787024274468,154.07603999999998,3.1999999999999886,2516,23.8644,23864.4,147.0,68.0,,24,2019-03-09 00:49:03,Australia/Melbourne
2019-03-09 11:49:06+11:00,42546,-37.98780005425215,145.05766673013568,154.09688,2.3999999999999773,2512,25.1604,25160.4,150.0,74.0,,24,2019-03-09 00:49:06,Australia/Melbourne
2019-03-09 11:49:09+11:00,42549,-37.987702740356326,145.0574564281851,154.11828,3.0,2515,25.4412,25441.2,152.0,74.0,,24,2019-03-09 00:49:09,Australia/Melbourne
2019-03-09 11:49:18+11:00,42558,-37.98742043785751,145.05682175047698,154.18228,2.800000000000012,2514,26.2404,26240.4,154.0,76.0,,24,2019-03-09 00:49:18,Australia/Melbourne
2019-03-09 11:49:26+11:00,42566,-37.98714961856604,145.05622127093375,154.243,2.3999999999999773,2512,27.2268,27226.8,155.0,79.0,,24,2019-03-09 00:49:26,Australia/Melbourne
2019-03-09 11:49:27+11:00,42567,-37.987114246934645,145.0561461690813,154.25068000000002,2.3999999999999773,2512,27.3744,27374.4,155.0,79.0,,24,2019-03-09 00:49:27,Australia/Melbourne
2019-03-09 11:49:35+11:00,42575,-37.98683973960578,145.0555451866239,154.31166000000005,2.6000000000000227,2513,27.3168,27316.8,154.0,79.0,,24,2019-03-09 00:49:35,Australia/Melbourne
2019-03-09 11:49:39+11:00,42579,-37.98670521005988,145.05526104010642,154.34073999999995,3.0,2515,25.4916,25491.6,154.0,74.0,,24,2019-03-09 00:49:39,Australia/Melbourne
2019-03-09 11:49:43+11:00,42583,-37.986586773768074,145.05500497296453,154.36682000000005,4.199999999999989,2521,22.4604,22460.4,153.0,68.0,,24,2019-03-09 00:49:43,Australia/Melbourne
2019-03-09 11:49:45+11:00,42585,-37.98653380014002,145.05488762632012,154.3787,4.800000000000012,2524,21.311999999999998,21312.0,153.0,63.0,,24,2019-03-09 00:49:45,Australia/Melbourne
2019-03-09 11:49:48+11:00,42588,-37.98646188341081,145.0547209940851,154.39535999999995,5.600000000000024,2528,19.7892,19789.2,152.0,60.0,,24,2019-03-09 00:49:48,Australia/Melbourne
2019-03-09 11:49:51+11:00,42591,-37.9863894637674,145.05455989390612,154.41163999999998,6.600000000000023,2533,19.3464,19346.4,152.0,57.0,,24,2019-03-09 00:49:51,Australia/Melbourne
2019-03-09 11:49:53+11:00,42593,-37.98633774742485,145.05445025861263,154.42283999999998,7.0,2535,20.0016,20001.6,153.0,58.0,,24,2019-03-09 00:49:53,Australia/Melbourne
2019-03-09 11:49:56+11:00,42596,-37.986264154315,145.05427775904536,154.44006000000002,7.800000000000012,2539,20.6388,20638.8,155.0,60.0,,24,2019-03-09 00:49:56,Australia/Melbourne
2019-03-09 11:50:00+11:00,42600,-37.98616223037243,145.0540347676724,154.46428,8.0,2540,22.2444,22244.4,156.0,63.0,,24,2019-03-09 00:50:00,Australia/Melbourne
2019-03-09 11:50:02+11:00,42602,-37.98612736165524,145.05389713682234,154.47698,8.0,2540,23.076,23076.0,158.0,67.0,,24,2019-03-09 00:50:02,Australia/Melbourne
2019-03-09 11:50:05+11:00,42605,-37.986088218167424,145.05367836914957,154.4967,7.600000000000023,2538,23.8788,23878.8,158.0,69.0,,24,2019-03-09 00:50:05,Australia/Melbourne
2019-03-09 11:50:13+11:00,42613,-37.9859982803464,145.05309322848916,154.54906,8.800000000000011,2544,22.9968,22996.8,158.0,67.0,,24,2019-03-09 00:50:13,Australia/Melbourne
2019-03-09 11:50:16+11:00,42616,-37.98596827313304,145.0528811663389,154.56798,9.0,2545,22.8672,22867.2,158.0,67.0,,24,2019-03-09 00:50:16,Australia/Melbourne
2019-03-09 11:50:23+11:00,42623,-37.985897110775106,145.05236266180873,154.61422,9.199999999999989,2546,24.1776,24177.6,158.0,72.0,,24,2019-03-09 00:50:23,Australia/Melbourne
2019-03-09 11:50:28+11:00,42628,-37.98591437749565,145.0519836321473,154.6477,9.800000000000011,2549,24.1848,24184.8,158.0,71.0,,24,2019-03-09 00:50:28,Australia/Melbourne
2019-03-09 11:50:29+11:00,42629,-37.985929045826204,145.05191188305616,154.65422,9.800000000000011,2549,23.767200000000006,23767.2,157.0,71.0,,23,2019-03-09 00:50:29,Australia/Melbourne
2019-03-09 11:50:30+11:00,42630,-37.985943295061595,145.05183753557503,154.66093999999998,9.800000000000011,2549,24.5988,24598.8,156.0,71.0,,23,2019-03-09 00:50:30,Australia/Melbourne
2019-03-09 11:50:31+11:00,42631,-37.98596508800984,145.0517632719129,154.6679,9.800000000000011,2549,24.858,24858.0,156.0,0.0,,23,2019-03-09 00:50:31,Australia/Melbourne
2019-03-09 11:50:34+11:00,42634,-37.986061479896314,145.0515300035477,154.69101999999995,9.199999999999989,2546,28.7208,28720.8,154.0,83.0,,23,2019-03-09 00:50:34,Australia/Melbourne
2019-03-09 11:50:35+11:00,42635,-37.986103976145394,145.05145289003852,154.69928000000002,8.800000000000011,2544,29.2428,29242.8,154.0,85.0,,23,2019-03-09 00:50:35,Australia/Melbourne
2019-03-09 11:50:39+11:00,42639,-37.98628360033035,145.05118626169858,154.73004,9.0,2545,25.318800000000003,25318.8,154.0,77.0,,23,2019-03-09 00:50:39,Australia/Melbourne
2019-03-09 11:50:41+11:00,42641,-37.98636054620147,145.05107511766258,154.743,10.0,2550,22.960800000000006,22960.8,153.0,67.0,,23,2019-03-09 00:50:41,Australia/Melbourne
2019-03-09 11:50:45+11:00,42645,-37.98650404438376,145.0508688390255,154.76713999999998,11.0,2555,22.2624,22262.4,151.0,64.0,,23,2019-03-09 00:50:45,Australia/Melbourne
2019-03-09 11:50:52+11:00,42652,-37.986780228093274,145.0504444632679,154.81542000000005,10.399999999999975,2552,27.529200000000003,27529.2,149.0,78.0,,23,2019-03-09 00:50:52,Australia/Melbourne
2019-03-09 11:50:55+11:00,42655,-37.986928168684244,145.05022276192904,154.84091999999998,9.0,2545,31.914,31914.0,148.0,92.0,,23,2019-03-09 00:50:55,Australia/Melbourne
2019-03-09 11:50:57+11:00,42657,-37.98703872598708,145.0500568840653,154.85998,7.800000000000012,2539,34.794000000000004,34794.0,148.0,91.0,,23,2019-03-09 00:50:57,Australia/Melbourne
2019-03-09 11:50:59+11:00,42659,-37.987157497555025,145.04988069646058,154.88029999999995,6.800000000000012,2534,36.86040000000001,36860.4,148.0,83.0,,23,2019-03-09 00:50:59,Australia/Melbourne
2019-03-09 11:51:02+11:00,42662,-37.98734013922513,145.04960526712242,154.91186000000002,6.0,2530,37.8972,37897.2,145.0,64.0,,23,2019-03-09 00:51:02,Australia/Melbourne
2019-03-09 11:51:03+11:00,42663,-37.987401746213436,145.0495114736259,154.92256,5.399999999999976,2527,38.1636,38163.6,145.0,0.0,,23,2019-03-09 00:51:03,Australia/Melbourne
2019-03-09 11:51:04+11:00,42664,-37.98746259883046,145.04942002706233,154.93306,5.399999999999976,2527,37.9008,37900.8,143.0,0.0,,23,2019-03-09 00:51:04,Australia/Melbourne
2019-03-09 11:51:06+11:00,42666,-37.987577263265855,145.04922933876512,154.9541,4.800000000000012,2524,38.1096,38109.6,139.0,0.0,,23,2019-03-09 00:51:06,Australia/Melbourne
2019-03-09 11:51:08+11:00,42668,-37.98767851665615,145.0490259937942,154.9752,4.399999999999976,2522,38.0484,38048.4,138.0,0.0,,23,2019-03-09 00:51:08,Australia/Melbourne
2019-03-09 11:51:10+11:00,42670,-37.987777339294546,145.0488151051104,154.99671999999998,3.0,2515,39.1284,39128.4,137.0,0.0,,23,2019-03-09 00:51:10,Australia/Melbourne
2019-03-09 11:51:13+11:00,42673,-37.987927794456475,145.04848930053413,155.02983999999998,2.0,2510,39.42,39420.0,138.0,64.0,,23,2019-03-09 00:51:13,Australia/Melbourne
2019-03-09 11:51:15+11:00,42675,-37.98802921548486,145.0482769869268,155.05164000000005,0.8000000000000114,2504,38.9052,38905.2,135.0,0.0,,23,2019-03-09 00:51:15,Australia/Melbourne
2019-03-09 11:51:16+11:00,42676,-37.98808009363711,145.04817648790774,155.06212,0.6000000000000227,2503,38.1924,38192.4,132.0,0.0,,23,2019-03-09 00:51:16,Australia/Melbourne
2019-03-09 11:51:18+11:00,42678,-37.98817371949553,145.04798445850608,155.08192000000003,1.0,2505,36.0108,36010.8,129.0,76.0,,23,2019-03-09 00:51:18,Australia/Melbourne
2019-03-09 11:51:20+11:00,42680,-37.988263992592685,145.04779921844602,155.10103999999998,1.0,2505,34.8192,34819.200000000004,132.0,76.0,,23,2019-03-09 00:51:20,Australia/Melbourne
2019-03-09 11:51:23+11:00,42683,-37.988400282338254,145.0475283153355,155.12922,1.3999999999999773,2507,33.3144,33314.4,136.0,72.0,,23,2019-03-09 00:51:23,Australia/Melbourne
2019-03-09 11:51:26+11:00,42686,-37.9885330516845,145.04727132618427,155.1562,1.6000000000000227,2508,31.95,31950.0,138.0,69.0,,23,2019-03-09 00:51:26,Australia/Melbourne
2019-03-09 11:51:27+11:00,42687,-37.98857261426747,145.0471839029342,155.16504,2.0,2510,31.8168,31816.8,138.0,69.0,,23,2019-03-09 00:51:27,Australia/Melbourne
2019-03-09 11:51:30+11:00,42690,-37.98869255930185,145.04693328402936,155.19078000000002,2.0,2510,30.9204,30920.4,141.0,81.0,,23,2019-03-09 00:51:30,Australia/Melbourne
2019-03-09 11:51:33+11:00,42693,-37.98881258815528,145.0466915499419,155.21584,2.800000000000012,2514,29.9412,29941.2,142.0,78.0,,23,2019-03-09 00:51:33,Australia/Melbourne
2019-03-09 11:51:36+11:00,42696,-37.98891375772654,145.04644210450348,155.24048000000005,3.1999999999999886,2516,29.5884,29588.4,143.0,76.0,,23,2019-03-09 00:51:36,Australia/Melbourne
2019-03-09 11:51:41+11:00,42701,-37.989066056907184,145.04603214561942,155.28028,3.6000000000000227,2518,28.3824,28382.4,145.0,42.0,,23,2019-03-09 00:51:41,Australia/Melbourne
2019-03-09 11:51:49+11:00,42709,-37.98929597251117,145.04537684842944,155.34326,4.199999999999989,2521,27.1908,27190.8,144.0,74.0,,23,2019-03-09 00:51:49,Australia/Melbourne
2019-03-09 11:51:50+11:00,42710,-37.98932229168713,145.0452993158251,155.35066,3.8000000000000114,2519,26.6508,26650.8,143.0,74.0,,23,2019-03-09 00:51:50,Australia/Melbourne
2019-03-09 11:51:56+11:00,42716,-37.98949118703604,145.04485624842346,155.39388,3.0,2515,26.553600000000007,26553.6,142.0,0.0,,23,2019-03-09 00:51:56,Australia/Melbourne
2019-03-09 11:52:00+11:00,42720,-37.98960098996759,145.0445445254445,155.42388,2.1999999999999886,2511,27.018,27018.0,141.0,0.0,,22,2019-03-09 00:52:00,Australia/Melbourne
2019-03-09 11:52:02+11:00,42722,-37.989657232537866,145.04438552074134,155.4392,2.1999999999999886,2511,27.468000000000004,27468.0,140.0,0.0,,22,2019-03-09 00:52:02,Australia/Melbourne
2019-03-09 11:52:07+11:00,42727,-37.98985060304403,145.04398235119882,155.48066,2.0,2510,29.7036,29703.6,142.0,79.0,,22,2019-03-09 00:52:07,Australia/Melbourne
2019-03-09 11:52:08+11:00,42728,-37.98989821225405,145.04391479305926,155.48860000000005,2.0,2510,28.4364,28436.4,142.0,76.0,,22,2019-03-09 00:52:08,Australia/Melbourne
2019-03-09 11:52:12+11:00,42732,-37.990070711821325,145.04367741756138,155.51692,3.3999999999999773,2517,23.598000000000003,23598.0,144.0,64.0,,22,2019-03-09 00:52:12,Australia/Melbourne
2019-03-09 11:52:14+11:00,42734,-37.99015293829143,145.0435676984489,155.5302,3.8000000000000114,2519,23.547600000000006,23547.6,142.0,62.0,,22,2019-03-09 00:52:14,Australia/Melbourne
2019-03-09 11:52:22+11:00,42742,-37.990520903840654,145.04309101961553,155.58870000000005,2.6000000000000227,2513,28.962,28962.0,140.0,77.0,,22,2019-03-09 00:52:22,Australia/Melbourne
2019-03-09 11:52:23+11:00,42743,-37.99057647585869,145.0430248863995,155.59716,2.1999999999999886,2511,29.9664,29966.4,141.0,80.0,,22,2019-03-09 00:52:23,Australia/Melbourne
2019-03-09 11:52:27+11:00,42747,-37.99084243364632,145.0427678972483,155.63436000000002,0.8000000000000114,2504,33.9408,33940.8,141.0,88.0,,22,2019-03-09 00:52:27,Australia/Melbourne
2019-03-09 11:52:31+11:00,42751,-37.99112842418253,145.0425990857184,155.66943999999998,0.3999999999999773,2502,29.6568,29656.8,142.0,77.0,,22,2019-03-09 00:52:31,Australia/Melbourne
2019-03-09 11:52:34+11:00,42754,-37.991316597908735,145.0424967426807,155.6922,2.0,2510,26.496,26496.0,142.0,71.0,,22,2019-03-09 00:52:34,Australia/Melbourne
2019-03-09 11:52:36+11:00,42756,-37.99143679440022,145.04243060946462,155.70674,2.1999999999999886,2511,25.8372,25837.2,142.0,75.0,,22,2019-03-09 00:52:36,Australia/Melbourne
2019-03-09 11:52:41+11:00,42761,-37.9917126428336,145.04227713681757,155.74022,3.1999999999999886,2516,24.015600000000006,24015.6,145.0,71.0,,22,2019-03-09 00:52:41,Australia/Melbourne
2019-03-09 11:52:42+11:00,42762,-37.99176695756614,145.04224754869938,155.74678,3.3999999999999773,2517,23.6772,23677.2,145.0,70.0,,22,2019-03-09 00:52:42,Australia/Melbourne
2019-03-09 11:52:51+11:00,42771,-37.99227758310735,145.04195275716484,155.80908,3.6000000000000227,2518,27.0972,27097.2,146.0,78.0,,22,2019-03-09 00:52:51,Australia/Melbourne
2019-03-09 11:52:54+11:00,42774,-37.99247154034674,145.0418327283114,155.83312,3.0,2515,29.4588,29458.8,145.0,84.0,,22,2019-03-09 00:52:54,Australia/Melbourne
2019-03-09 11:52:56+11:00,42776,-37.99258863553405,145.0417143758386,155.84978,2.800000000000012,2514,29.790000000000006,29790.0,145.0,38.0,,22,2019-03-09 00:52:56,Australia/Melbourne
2019-03-09 11:52:59+11:00,42779,-37.992763901129365,145.04150683991608,155.87642000000002,2.0,2510,32.464800000000004,32464.8,144.0,84.0,,22,2019-03-09 00:52:59,Australia/Melbourne
2019-03-09 11:53:02+11:00,42782,-37.99294042401016,145.04128077998757,155.90431999999998,1.3999999999999773,2507,33.9012,33901.200000000004,145.0,86.0,,22,2019-03-09 00:53:02,Australia/Melbourne
2019-03-09 11:53:03+11:00,42783,-37.993000941351056,145.04120542667806,155.91376,0.3999999999999773,2502,33.9048,33904.8,146.0,78.0,,22,2019-03-09 00:53:03,Australia/Melbourne
2019-03-09 11:53:10+11:00,42790,-37.99343948252499,145.0406471081078,155.98288,-1.0,2495,35.7228,35722.8,145.0,77.0,,22,2019-03-09 00:53:10,Australia/Melbourne
2019-03-09 11:53:11+11:00,42791,-37.99350226297975,145.04056764766574,155.99274,-2.800000000000012,2486,35.748000000000005,35748.0,145.0,77.0,,22,2019-03-09 00:53:11,Australia/Melbourne
2019-03-09 11:53:14+11:00,42794,-37.99368867650628,145.04032507538798,156.02244,-1.3999999999999773,2493,35.8776,35877.6,145.0,78.0,,22,2019-03-09 00:53:14,Australia/Melbourne
2019-03-09 11:53:19+11:00,42799,-37.99399930983782,145.03993623889986,156.07098000000005,-1.6000000000000227,2492,35.0928,35092.8,145.0,74.0,,22,2019-03-09 00:53:19,Australia/Melbourne
2019-03-09 11:53:21+11:00,42801,-37.99412084743381,145.03978117369115,156.09016,-2.3999999999999773,2488,34.556400000000004,34556.4,145.0,79.0,,22,2019-03-09 00:53:21,Australia/Melbourne
2019-03-09 11:53:27+11:00,42807,-37.99447255209088,145.0393214263022,156.14633999999998,-2.800000000000012,2486,33.0732,33073.200000000004,145.0,82.0,,22,2019-03-09 00:53:27,Australia/Melbourne
2019-03-09 11:53:34+11:00,42814,-37.994862562045455,145.03881080076098,156.20870000000005,-3.0,2485,31.3956,31395.6,144.0,82.0,,22,2019-03-09 00:53:34,Australia/Melbourne
2019-03-09 11:53:35+11:00,42815,-37.994913775473826,145.03873787820342,156.21726,-3.0,2485,30.8808,30880.8,144.0,80.0,,22,2019-03-09 00:53:35,Australia/Melbourne
2019-03-09 11:53:43+11:00,42823,-37.99528752453625,145.03815751522782,156.28306,-3.3999999999999773,2483,29.1348,29134.8,144.0,75.0,,22,2019-03-09 00:53:43,Australia/Melbourne
2019-03-09 11:53:44+11:00,42824,-37.995326500386,145.03808132372797,156.29103999999998,-3.3999999999999773,2483,28.9152,28915.2,144.0,77.0,,22,2019-03-09 00:53:44,Australia/Melbourne
2019-03-09 11:53:45+11:00,42825,-37.995358351618044,145.03799892961982,156.29907999999998,-3.1999999999999886,2484,28.911600000000004,28911.6,144.0,75.0,,22,2019-03-09 00:53:45,Australia/Melbourne
2019-03-09 11:53:47+11:00,42827,-37.995406212285154,145.0378260109574,156.31518,-2.800000000000012,2486,28.3788,28378.8,145.0,73.0,,22,2019-03-09 00:53:47,Australia/Melbourne
2019-03-09 11:53:48+11:00,42828,-37.99542641267181,145.0377386715263,156.32317999999995,-2.6000000000000227,2487,28.548000000000002,28548.0,146.0,73.0,,22,2019-03-09 00:53:48,Australia/Melbourne
2019-03-09 11:53:51+11:00,42831,-37.995464131236076,145.03747237846255,156.34698,-2.1999999999999886,2489,28.6848,28684.8,147.0,73.0,,22,2019-03-09 00:53:51,Australia/Melbourne
2019-03-09 11:53:53+11:00,42833,-37.99546991474927,145.03729267045856,156.36278000000001,-2.0,2490,28.62,28620.0,147.0,74.0,,22,2019-03-09 00:53:53,Australia/Melbourne
2019-03-09 11:53:58+11:00,42838,-37.99540738575161,145.0368670374155,156.40094,-1.6000000000000227,2492,26.964,26964.0,148.0,71.0,,21,2019-03-09 00:53:58,Australia/Melbourne
2019-03-09 11:54:00+11:00,42840,-37.995350053533905,145.0367116369307,156.41603999999998,-1.6000000000000227,2492,26.748,26748.0,148.0,69.0,,21,2019-03-09 00:54:00,Australia/Melbourne
2019-03-09 11:54:02+11:00,42842,-37.99528936855496,145.03656118176875,156.43086,-1.0,2495,26.294400000000003,26294.4,148.0,69.0,,21,2019-03-09 00:54:02,Australia/Melbourne
2019-03-09 11:54:03+11:00,42843,-37.995261205360286,145.0364880077541,156.438,-0.8000000000000114,2496,25.7724,25772.4,148.0,68.0,,21,2019-03-09 00:54:03,Australia/Melbourne
2019-03-09 11:54:04+11:00,42844,-37.99522734247147,145.0364182703197,156.4452,-0.8000000000000114,2496,25.786800000000003,25786.8,147.0,66.0,,21,2019-03-09 00:54:04,Australia/Melbourne
2019-03-09 11:54:09+11:00,42849,-37.99506615847349,145.03609472885728,156.47878,-1.0,2495,24.1668,24166.8,147.0,0.0,,21,2019-03-09 00:54:09,Australia/Melbourne
2019-03-09 11:54:15+11:00,42855,-37.99487505108118,145.0356795731932,156.52098,-0.19999999999998866,2499,25.236,25236.0,150.0,65.0,,21,2019-03-09 00:54:15,Australia/Melbourne
2019-03-09 11:54:16+11:00,42856,-37.99484688788653,145.0356088299304,156.52792000000005,-0.19999999999998866,2499,25.074,25074.0,150.0,66.0,,21,2019-03-09 00:54:16,Australia/Melbourne
2019-03-09 11:54:18+11:00,42858,-37.994790142402046,145.03546776250005,156.54183999999998,-0.19999999999998866,2499,25.3044,25304.4,153.0,65.0,,21,2019-03-09 00:54:18,Australia/Melbourne
2019-03-09 11:54:22+11:00,42862,-37.99467078410089,145.0351859629154,156.56992000000002,0.19999999999998866,2501,25.1892,25189.2,155.0,67.0,,21,2019-03-09 00:54:22,Australia/Melbourne
2019-03-09 11:54:26+11:00,42866,-37.994548827409744,145.03490215167403,156.5983,0.6000000000000227,2503,25.6392,25639.2,155.0,66.0,,21,2019-03-09 00:54:26,Australia/Melbourne
2019-03-09 11:54:35+11:00,42875,-37.994273398071535,145.03423570655286,156.66436000000002,0.6000000000000227,2503,27.4428,27442.8,156.0,71.0,,21,2019-03-09 00:54:35,Australia/Melbourne
2019-03-09 11:54:43+11:00,42883,-37.9939947836101,145.0335782300681,156.7299,-0.19999999999998866,2499,31.7196,31719.6,155.0,68.0,,21,2019-03-09 00:54:43,Australia/Melbourne
2019-03-09 11:54:45+11:00,42885,-37.993915993720286,145.03339231945577,156.74841999999998,-1.0,2495,33.1416,33141.6,154.0,76.0,,21,2019-03-09 00:54:45,Australia/Melbourne
2019-03-09 11:54:50+11:00,42890,-37.993715917691596,145.03292511217296,156.79512,-2.0,2490,33.408,33408.0,152.0,77.0,,21,2019-03-09 00:54:50,Australia/Melbourne
2019-03-09 11:54:57+11:00,42897,-37.993434704840176,145.03225212916732,156.86195999999995,-1.1999999999999886,2494,34.9956,34995.6,150.0,80.0,,22,2019-03-09 00:54:57,Australia/Melbourne
2019-03-09 11:54:58+11:00,42898,-37.993393884971745,145.032153390348,156.87174,-1.6000000000000227,2492,34.9956,34995.6,150.0,80.0,,22,2019-03-09 00:54:58,Australia/Melbourne
2019-03-09 11:55:00+11:00,42900,-37.99331509508193,145.03195666708055,156.8911,-2.3999999999999773,2488,34.495200000000004,34495.200000000004,148.0,80.0,,22,2019-03-09 00:55:00,Australia/Melbourne
2019-03-09 11:55:03+11:00,42903,-37.993191545829184,145.03167461603883,156.91942,-3.6000000000000227,2482,34.095600000000005,34095.6,146.0,79.0,,22,2019-03-09 00:55:03,Australia/Melbourne
2019-03-09 11:55:06+11:00,42906,-37.993058944120996,145.03139424137768,156.94812,-4.0,2480,34.6896,34689.6,143.0,79.0,,22,2019-03-09 00:55:06,Australia/Melbourne
2019-03-09 11:55:08+11:00,42908,-37.99294981174171,145.03121729940173,156.96784,-4.600000000000024,2477,35.5248,35524.8,142.0,81.0,,22,2019-03-09 00:55:08,Australia/Melbourne
2019-03-09 11:55:10+11:00,42910,-37.99281863495708,145.03105728887022,156.9881,-5.199999999999988,2474,36.5292,36529.2,141.0,85.0,,22,2019-03-09 00:55:10,Australia/Melbourne
2019-03-09 11:55:11+11:00,42911,-37.99274705350399,145.03098042681813,156.99851999999996,-5.600000000000024,2472,37.242,37242.0,140.0,84.0,,22,2019-03-09 00:55:11,Australia/Melbourne
2019-03-09 11:55:12+11:00,42912,-37.99266826361418,145.03091596998277,157.00894,-5.800000000000012,2471,37.368,37368.0,139.0,86.0,,22,2019-03-09 00:55:12,Australia/Melbourne
2019-03-09 11:55:14+11:00,42914,-37.99250372685492,145.03078588284555,157.03048,-6.600000000000023,2467,38.5992,38599.2,138.0,87.0,,22,2019-03-09 00:55:14,Australia/Melbourne
2019-03-09 11:55:15+11:00,42915,-37.992421668022864,145.03072058781981,157.04126000000005,-7.0,2465,38.6784,38678.4,137.0,89.0,,22,2019-03-09 00:55:15,Australia/Melbourne
2019-03-09 11:55:21+11:00,42921,-37.99193903803826,145.0303320866078,157.10478,-7.800000000000012,2461,36.9612,36961.2,137.0,83.0,,22,2019-03-09 00:55:21,Australia/Melbourne
2019-03-09 11:55:22+11:00,42922,-37.99186284653842,145.0302672944963,157.11498,-8.399999999999977,2458,36.5904,36590.4,137.0,86.0,,22,2019-03-09 00:55:22,Australia/Melbourne
2019-03-09 11:55:24+11:00,42924,-37.991712559014566,145.03013846464458,157.13512,-9.0,2455,36.0936,36093.6,138.0,83.0,,22,2019-03-09 00:55:24,Australia/Melbourne
2019-03-09 11:55:26+11:00,42926,-37.9915633611381,145.03002195619047,157.15460000000004,-9.399999999999975,2453,34.254000000000005,34254.0,139.0,65.0,,22,2019-03-09 00:55:26,Australia/Melbourne
2019-03-09 11:55:29+11:00,42929,-37.99140787683427,145.02989069558683,157.17533999999998,-8.199999999999989,2459,20.9772,20977.2,136.0,0.0,,22,2019-03-09 00:55:29,Australia/Melbourne
2019-03-09 11:55:32+11:00,42932,-37.99134643748402,145.02983646467328,157.18372,-7.399999999999977,2463,4.5288,4528.8,137.0,0.0,,22,2019-03-09 00:55:32,Australia/Melbourne
2019-03-09 11:55:48+11:00,42948,-37.99130980856717,145.02980813384056,157.18583999999996,-7.399999999999977,2463,6.2964,6296.4000000000015,143.0,0.0,,22,2019-03-09 00:55:48,Australia/Melbourne
2019-03-09 11:55:49+11:00,42949,-37.99128994345665,145.02978860400614,157.18862,-7.399999999999977,2463,8.6544,8654.4,143.0,0.0,,22,2019-03-09 00:55:49,Australia/Melbourne
2019-03-09 11:55:53+11:00,42953,-37.99118273891509,145.02970151603222,157.20278000000002,-7.399999999999977,2463,13.2336,13233.6,140.0,0.0,,22,2019-03-09 00:55:53,Australia/Melbourne
2019-03-09 11:55:54+11:00,42954,-37.99114770255983,145.02966983243826,157.20756,-7.600000000000023,2462,16.2936,16293.6,139.0,0.0,,22,2019-03-09 00:55:54,Australia/Melbourne
2019-03-09 11:55:59+11:00,42959,-37.99091996625066,145.0294923875481,157.23728,-8.0,2460,21.6504,21650.4,141.0,45.0,,22,2019-03-09 00:55:59,Australia/Melbourne
2019-03-09 11:56:03+11:00,42963,-37.99072558991611,145.02933430485427,157.26298,-8.199999999999989,2459,22.741200000000006,22741.2,144.0,72.0,,23,2019-03-09 00:56:03,Australia/Melbourne
2019-03-09 11:56:06+11:00,42966,-37.99059022217989,145.02919558435678,157.28233999999998,-8.0,2460,22.6728,22672.8,144.0,72.0,,23,2019-03-09 00:56:06,Australia/Melbourne
2019-03-09 11:56:07+11:00,42967,-37.99054236151278,145.0291509926319,157.28892000000005,-8.0,2460,22.9284,22928.4,144.0,73.0,,23,2019-03-09 00:56:07,Australia/Melbourne
2019-03-09 11:56:11+11:00,42971,-37.99033373594285,145.02896600402892,157.31724,-8.199999999999989,2459,24.1272,24127.2,146.0,75.0,,23,2019-03-09 00:56:11,Australia/Melbourne
2019-03-09 11:56:12+11:00,42972,-37.9902720451355,145.02892937511206,157.32476,-8.199999999999989,2459,25.218000000000004,25218.0,146.0,75.0,,23,2019-03-09 00:56:12,Australia/Melbourne
2019-03-09 11:56:17+11:00,42977,-37.989998543635004,145.0287114456296,157.36064000000005,-7.0,2465,23.6088,23608.8,148.0,71.0,,23,2019-03-09 00:56:17,Australia/Melbourne
2019-03-09 11:56:20+11:00,42980,-37.989845238625996,145.02858915366232,157.38078000000002,-6.399999999999977,2468,22.8348,22834.8,149.0,68.0,,23,2019-03-09 00:56:20,Australia/Melbourne
2019-03-09 11:56:22+11:00,42982,-37.98974784091115,145.02851665019992,157.39332000000005,-6.0,2470,21.5352,21535.2,150.0,64.0,,23,2019-03-09 00:56:22,Australia/Melbourne
2019-03-09 11:56:25+11:00,42985,-37.989610712975264,145.0284149777144,157.41098000000005,-5.0,2475,19.6344,19634.4,152.0,58.0,,23,2019-03-09 00:56:25,Australia/Melbourne
2019-03-09 11:56:27+11:00,42987,-37.989526055753224,145.02835194580254,157.42188000000004,-4.199999999999989,2479,18.568800000000003,18568.8,151.0,55.0,,23,2019-03-09 00:56:27,Australia/Melbourne
2019-03-09 11:56:29+11:00,42989,-37.9894379619509,145.02830148674548,157.43266,-3.8000000000000114,2481,18.5832,18583.2,152.0,54.0,,23,2019-03-09 00:56:29,Australia/Melbourne
2019-03-09 11:56:32+11:00,42992,-37.98930812627078,145.02823409624398,157.44824,-3.0,2485,18.108,18108.0,152.0,53.0,,23,2019-03-09 00:56:32,Australia/Melbourne
2019-03-09 11:56:33+11:00,42993,-37.98926646821201,145.02820861525836,157.45338,-2.6000000000000227,2487,17.982,17982.0,152.0,52.0,,23,2019-03-09 00:56:33,Australia/Melbourne
2019-03-09 11:56:38+11:00,42998,-37.98905549570918,145.02810325473547,157.47862,-1.6000000000000227,2492,17.7228,17722.8,155.0,52.0,,23,2019-03-09 00:56:38,Australia/Melbourne
2019-03-09 11:56:39+11:00,42999,-37.989010903984315,145.0280828028917,157.4839,-1.1999999999999886,2494,18.0864,18086.4,156.0,53.0,,23,2019-03-09 00:56:39,Australia/Melbourne
2019-03-09 11:56:43+11:00,43003,-37.98882583156228,145.02800166606903,157.50566,-0.3999999999999773,2498,19.4652,19465.2,158.0,43.0,,23,2019-03-09 00:56:43,Australia/Melbourne
2019-03-09 11:56:44+11:00,43004,-37.988779563456774,145.02798037603498,157.51112,-0.3999999999999773,2498,19.782,19782.0,158.0,56.0,,23,2019-03-09 00:56:44,Australia/Melbourne
2019-03-09 11:56:51+11:00,43011,-37.98843297176063,145.02782505936918,157.55195999999995,0.6000000000000227,2503,21.517200000000006,21517.2,160.0,62.0,,23,2019-03-09 00:56:51,Australia/Melbourne
2019-03-09 11:56:52+11:00,43012,-37.988380333408706,145.02780293114486,157.55812,0.8000000000000114,2504,21.708,21708.0,160.0,63.0,,23,2019-03-09 00:56:52,Australia/Melbourne
2019-03-09 11:57:00+11:00,43020,-37.98792670480907,145.02758718095717,157.61192000000003,0.3999999999999773,2502,25.290000000000006,25290.0,160.0,75.0,,23,2019-03-09 00:57:00,Australia/Melbourne
2019-03-09 11:57:05+11:00,43025,-37.98764540813863,145.02735600806773,157.64924,-0.6000000000000227,2497,27.748800000000006,27748.8,161.0,80.0,,23,2019-03-09 00:57:05,Australia/Melbourne
2019-03-09 11:57:08+11:00,43028,-37.98748196102679,145.02718837000432,157.67262,-0.6000000000000227,2497,28.116,28116.0,160.0,82.0,,23,2019-03-09 00:57:08,Australia/Melbourne
2019-03-09 11:57:11+11:00,43031,-37.987327482551336,145.02700866200033,157.69596,-0.3999999999999773,2498,27.1692,27169.2,158.0,80.0,,23,2019-03-09 00:57:11,Australia/Melbourne
2019-03-09 11:57:19+11:00,43039,-37.98693613149226,145.02656525932252,157.75433999999996,0.3999999999999773,2502,25.4772,25477.2,157.0,74.0,,24,2019-03-09 00:57:19,Australia/Melbourne
2019-03-09 11:57:20+11:00,43040,-37.98688827082515,145.02651169896126,157.76142000000004,0.6000000000000227,2503,25.290000000000006,25290.0,157.0,74.0,,24,2019-03-09 00:57:20,Australia/Melbourne
2019-03-09 11:57:26+11:00,43046,-37.98660739324987,145.02619477920234,157.80324,0.8000000000000114,2504,23.8896,23889.6,156.0,71.0,,24,2019-03-09 00:57:26,Australia/Melbourne
2019-03-09 11:57:27+11:00,43047,-37.986563220620155,145.02614624798295,157.80973999999995,1.3999999999999773,2507,23.5656,23565.6,156.0,69.0,,24,2019-03-09 00:57:27,Australia/Melbourne
2019-03-09 11:57:29+11:00,43049,-37.98647713847458,145.02604725770652,157.82266,1.8000000000000114,2509,22.9428,22942.8,156.0,67.0,,24,2019-03-09 00:57:29,Australia/Melbourne
2019-03-09 11:57:33+11:00,43053,-37.986304806545384,145.02586687915027,157.84748000000005,2.800000000000012,2514,22.3812,22381.2,155.0,65.0,,24,2019-03-09 00:57:33,Australia/Melbourne
2019-03-09 11:57:35+11:00,43055,-37.98621771857142,145.02577275037766,157.86022,3.1999999999999886,2516,22.572,22572.0,155.0,66.0,,24,2019-03-09 00:57:35,Australia/Melbourne
2019-03-09 11:57:42+11:00,43062,-37.98590985126794,145.02542473375797,157.90607999999997,3.6000000000000227,2518,23.824800000000003,23824.8,157.0,71.0,,24,2019-03-09 00:57:42,Australia/Melbourne
2019-03-09 11:57:50+11:00,43070,-37.9855442326516,145.02502240240577,157.9599,4.0,2520,23.3244,23324.4,156.0,69.0,,24,2019-03-09 00:57:50,Australia/Melbourne
2019-03-09 11:57:51+11:00,43071,-37.985501568764455,145.0249744579196,157.96624,4.199999999999989,2521,22.6908,22690.8,155.0,67.0,,24,2019-03-09 00:57:51,Australia/Melbourne
2019-03-09 11:57:58+11:00,43078,-37.98520426265896,145.02465200610462,158.00974,5.199999999999988,2526,21.9168,21916.8,154.0,64.0,,24,2019-03-09 00:57:58,Australia/Melbourne
2019-03-09 11:58:00+11:00,43080,-37.985127735883005,145.02456014044586,158.02146000000002,5.399999999999976,2527,21.1032,21103.2,154.0,64.0,,24,2019-03-09 00:58:00,Australia/Melbourne
2019-03-09 11:58:04+11:00,43084,-37.98497484996915,145.02437515184283,158.04496,6.600000000000023,2533,20.7828,20782.8,152.0,62.0,,24,2019-03-09 00:58:04,Australia/Melbourne
2019-03-09 11:58:10+11:00,43090,-37.984753400087364,145.0241141393781,158.0786,7.0,2535,19.7532,19753.2,152.0,58.0,,24,2019-03-09 00:58:10,Australia/Melbourne
2019-03-09 11:58:14+11:00,43094,-37.98460369929671,145.02395605668426,158.10034,7.0,2535,19.566,19566.0,151.0,58.0,,24,2019-03-09 00:58:14,Australia/Melbourne
2019-03-09 11:58:16+11:00,43096,-37.9845320340246,145.0238669570535,158.11151999999996,7.600000000000023,2538,19.9296,19929.6,150.0,60.0,,24,2019-03-09 00:58:16,Australia/Melbourne
2019-03-09 11:58:18+11:00,43098,-37.984446622431285,145.02375489100814,158.12521999999998,7.0,2535,24.3828,24382.8,150.0,70.0,,24,2019-03-09 00:58:18,Australia/Melbourne
2019-03-09 11:58:19+11:00,43099,-37.984399516135454,145.02369940280911,158.13238,6.600000000000023,2533,25.549200000000006,25549.2,149.0,75.0,,24,2019-03-09 00:58:19,Australia/Melbourne
2019-03-09 11:58:20+11:00,43100,-37.984352074563496,145.02364257350564,158.13962,6.399999999999977,2532,26.0928,26092.8,150.0,75.0,,24,2019-03-09 00:58:20,Australia/Melbourne
2019-03-09 11:58:27+11:00,43107,-37.98399617895485,145.02319958992305,158.19505999999996,5.600000000000024,2528,30.848400000000005,30848.4,149.0,82.0,,24,2019-03-09 00:58:27,Australia/Melbourne
2019-03-09 11:58:29+11:00,43109,-37.98387967050076,145.02305097877982,158.21346,5.199999999999988,2526,33.1308,33130.8,149.0,86.0,,24,2019-03-09 00:58:29,Australia/Melbourne
2019-03-09 11:58:31+11:00,43111,-37.983756037428975,145.0229032896459,158.23234,4.0,2520,33.9804,33980.4,150.0,71.0,,24,2019-03-09 00:58:31,Australia/Melbourne
2019-03-09 11:58:33+11:00,43113,-37.983633074909456,145.02275283448395,158.25134,3.3999999999999773,2517,34.171200000000006,34171.200000000004,146.0,0.0,,24,2019-03-09 00:58:33,Australia/Melbourne
2019-03-09 11:58:35+11:00,43115,-37.98350483179093,145.0226035527885,158.2707,3.0,2515,34.7652,34765.200000000004,144.0,0.0,,24,2019-03-09 00:58:35,Australia/Melbourne
2019-03-09 11:58:37+11:00,43117,-37.983373487368226,145.02245150506496,158.29046,1.8000000000000114,2509,35.4528,35452.8,143.0,0.0,,24,2019-03-09 00:58:37,Australia/Melbourne
2019-03-09 11:58:39+11:00,43119,-37.98323803581298,145.02230004407463,158.31054,0.3999999999999773,2502,35.5392,35539.200000000004,142.0,0.0,,24,2019-03-09 00:58:39,Australia/Melbourne
2019-03-09 11:58:41+11:00,43121,-37.983113061636686,145.02213718369603,158.33048000000005,0.6000000000000227,2503,35.496,35496.0,143.0,0.0,,24,2019-03-09 00:58:41,Australia/Melbourne
2019-03-09 11:58:44+11:00,43124,-37.982924217358224,145.0218937732279,158.36042,-0.8000000000000114,2496,35.94960000000001,35949.6,141.0,0.0,,24,2019-03-09 00:58:44,Australia/Melbourne
2019-03-09 11:58:48+11:00,43128,-37.98270360566676,145.02152522094548,158.40112,-1.6000000000000227,2492,36.3384,36338.4,140.0,97.0,,24,2019-03-09 00:58:48,Australia/Melbourne
2019-03-09 11:58:51+11:00,43131,-37.98256991431117,145.02122146077454,158.43168,-2.0,2490,36.2232,36223.2,138.0,94.0,,24,2019-03-09 00:58:51,Australia/Melbourne
2019-03-09 11:58:54+11:00,43134,-37.982468158006675,145.02091040834785,158.46126,-1.8000000000000114,2491,34.775999999999996,34776.0,136.0,91.0,,24,2019-03-09 00:58:54,Australia/Melbourne
2019-03-09 11:59:01+11:00,43141,-37.98224067315459,145.02021647058427,158.52726,-3.0,2485,33.1956,33195.6,133.0,0.0,,25,2019-03-09 00:59:01,Australia/Melbourne
2019-03-09 11:59:03+11:00,43143,-37.9821714386344,145.0200204178691,158.54612,-3.1999999999999886,2484,33.8832,33883.200000000004,135.0,88.0,,25,2019-03-09 00:59:03,Australia/Melbourne
2019-03-09 11:59:10+11:00,43150,-37.98191478475928,145.01933502964675,158.61272,-3.8000000000000114,2481,33.21,33210.0,134.0,86.0,,25,2019-03-09 00:59:10,Australia/Melbourne
2019-03-09 11:59:11+11:00,43151,-37.98188159242272,145.01924140378833,158.62174,-3.6000000000000227,2482,32.4252,32425.2,134.0,86.0,,25,2019-03-09 00:59:11,Australia/Melbourne
2019-03-09 11:59:14+11:00,43154,-37.981778662651784,145.01899036578834,158.64656000000002,-2.3999999999999773,2488,29.1672,29167.2,137.0,84.0,,25,2019-03-09 00:59:14,Australia/Melbourne
2019-03-09 11:59:16+11:00,43156,-37.98170012421907,145.01885365694758,158.66142000000005,-1.8000000000000114,2491,26.6508,26650.8,136.0,79.0,,25,2019-03-09 00:59:16,Australia/Melbourne
2019-03-09 11:59:17+11:00,43157,-37.98165595158935,145.01879473216832,158.66853999999998,-1.6000000000000227,2492,25.9272,25927.2,137.0,77.0,,25,2019-03-09 00:59:17,Australia/Melbourne
2019-03-09 11:59:20+11:00,43160,-37.98150675371289,145.01864762976766,158.68957999999995,-0.8000000000000114,2496,25.3548,25354.8,138.0,74.0,,25,2019-03-09 00:59:20,Australia/Melbourne
2019-03-09 11:59:23+11:00,43163,-37.981337020173676,145.01853070221838,158.71107999999995,-0.8000000000000114,2496,25.92,25920.0,140.0,77.0,,25,2019-03-09 00:59:23,Australia/Melbourne
2019-03-09 11:59:25+11:00,43165,-37.98121145926415,145.01847630366683,158.72583999999998,-0.6000000000000227,2497,26.9208,26920.8,140.0,78.0,,25,2019-03-09 00:59:25,Australia/Melbourne
2019-03-09 11:59:29+11:00,43169,-37.98094910569489,145.0183591246605,158.75672,-1.0,2495,27.7308,27730.8,143.0,81.0,,25,2019-03-09 00:59:29,Australia/Melbourne
2019-03-09 11:59:32+11:00,43172,-37.98075590282679,145.01827522180974,158.77942000000004,0.0,2500,27.061200000000003,27061.2,145.0,80.0,,25,2019-03-09 00:59:32,Australia/Melbourne
2019-03-09 11:59:39+11:00,43179,-37.98027184791864,145.01806701533496,158.83620000000005,-1.0,2495,30.0744,30074.4,146.0,87.0,,25,2019-03-09 00:59:39,Australia/Melbourne
2019-03-09 11:59:43+11:00,43183,-37.97998007386923,145.01794019713998,158.87042000000002,-1.8000000000000114,2491,30.7656,30765.6,145.0,90.0,,25,2019-03-09 00:59:43,Australia/Melbourne
2019-03-09 11:59:48+11:00,43188,-37.979624262079604,145.01777205616239,158.9126,-2.1999999999999886,2489,30.168000000000006,30168.0,142.0,70.0,,25,2019-03-09 00:59:48,Australia/Melbourne
2019-03-09 11:59:55+11:00,43195,-37.97911330126226,145.01752638258043,158.9733,-1.8000000000000114,2491,31.7088,31708.8,141.0,82.0,,25,2019-03-09 00:59:55,Australia/Melbourne
2019-03-09 11:59:56+11:00,43196,-37.97903803177178,145.017496291548,158.98206000000002,-1.3999999999999773,2493,31.7304,31730.4,141.0,82.0,,25,2019-03-09 00:59:56,Australia/Melbourne
2019-03-09 12:00:04+11:00,43204,-37.978480635210865,145.01722572371364,159.0484,-1.0,2495,28.5912,28591.2,140.0,74.0,,25,2019-03-09 01:00:04,Australia/Melbourne
2019-03-09 12:00:05+11:00,43205,-37.978417687118046,145.01718817278743,159.05612,-0.8000000000000114,2496,28.0872,28087.2,140.0,74.0,,25,2019-03-09 01:00:05,Australia/Melbourne
2019-03-09 12:00:11+11:00,43211,-37.97804796136916,145.01699530519545,159.10056,-0.3999999999999773,2498,26.5032,26503.2,140.0,69.0,,24,2019-03-09 01:00:11,Australia/Melbourne
2019-03-09 12:00:16+11:00,43216,-37.97773162834346,145.01684937626126,159.13794,-0.19999999999998866,2499,27.6192,27619.2,143.0,72.0,,24,2019-03-09 01:00:16,Australia/Melbourne
2019-03-09 12:00:19+11:00,43219,-37.977537671104066,145.01674552448094,159.16132000000005,-0.6000000000000227,2497,28.296000000000006,28296.0,145.0,74.0,,24,2019-03-09 01:00:19,Australia/Melbourne
2019-03-09 12:00:27+11:00,43227,-37.97700391151011,145.0164877809584,159.22478,-0.3999999999999773,2498,28.7316,28731.6,146.0,75.0,,24,2019-03-09 01:00:27,Australia/Melbourne
2019-03-09 12:00:30+11:00,43230,-37.9767977166921,145.01640044152737,159.24892000000003,0.0,2500,28.6416,28641.6,146.0,81.0,,24,2019-03-09 01:00:30,Australia/Melbourne
2019-03-09 12:00:31+11:00,43231,-37.97672655433416,145.01638091169295,159.257,0.3999999999999773,2502,28.7496,28749.6,144.0,85.0,,24,2019-03-09 01:00:31,Australia/Melbourne
2019-03-09 12:00:36+11:00,43236,-37.976392870768905,145.01628099940714,159.29507999999996,0.3999999999999773,2502,26.2584,26258.4,141.0,0.0,,24,2019-03-09 01:00:36,Australia/Melbourne
2019-03-09 12:00:43+11:00,43243,-37.9760233964771,145.016166921705,159.33732,1.1999999999999886,2506,13.8204,13820.4,139.0,0.0,,24,2019-03-09 01:00:43,Australia/Melbourne
2019-03-09 12:00:44+11:00,43244,-37.97600168734789,145.01615853980184,159.33983999999998,1.3999999999999773,2507,10.2168,10216.8,138.0,0.0,,24,2019-03-09 01:00:44,Australia/Melbourne
2019-03-09 12:00:46+11:00,43246,-37.97600311227143,145.0161581207067,159.34073999999995,1.8000000000000114,2509,0.0,0.0,137.0,0.0,,24,2019-03-09 01:00:46,Australia/Melbourne
2019-03-09 12:00:53+11:00,43253,-37.975971596315496,145.01614009961486,159.34162,1.6000000000000227,2508,5.1156000000000015,5115.6,140.0,0.0,,24,2019-03-09 01:00:53,Australia/Melbourne
2019-03-09 12:00:55+11:00,43255,-37.975926334038384,145.01612626947463,159.3468,1.6000000000000227,2508,7.876800000000001,7876.8,144.0,0.0,,24,2019-03-09 01:00:55,Australia/Melbourne
2019-03-09 12:00:56+11:00,43256,-37.97590713948011,145.01610833220184,159.34944000000004,1.6000000000000227,2508,8.4672,8467.2,145.0,0.0,,24,2019-03-09 01:00:56,Australia/Melbourne
2019-03-09 12:00:59+11:00,43259,-37.975814016535885,145.0160371698439,159.36156,1.6000000000000227,2508,15.6996,15699.6,145.0,0.0,,24,2019-03-09 01:00:59,Australia/Melbourne
2019-03-09 12:01:00+11:00,43260,-37.975777555257075,145.01600665971637,159.36642,1.6000000000000227,2508,16.56,16560.0,145.0,0.0,,24,2019-03-09 01:01:00,Australia/Melbourne
2019-03-09 12:01:03+11:00,43263,-37.975664986297495,145.01587674021718,159.3834,1.3999999999999773,2507,20.8512,20851.2,143.0,58.0,,24,2019-03-09 01:01:03,Australia/Melbourne
2019-03-09 12:01:04+11:00,43264,-37.975626681,145.01583172939718,159.38920000000005,1.3999999999999773,2507,20.4552,20455.2,143.0,43.0,,24,2019-03-09 01:01:04,Australia/Melbourne
2019-03-09 12:01:05+11:00,43265,-37.97558133490384,145.01579367555678,159.39524,1.6000000000000227,2508,20.9052,20905.2,143.0,61.0,,24,2019-03-09 01:01:05,Australia/Melbourne
2019-03-09 12:01:08+11:00,43268,-37.9754102602601,145.0157144665718,159.41556,1.6000000000000227,2508,24.48,24480.0,144.0,70.0,,24,2019-03-09 01:01:08,Australia/Melbourne
2019-03-09 12:01:10+11:00,43270,-37.975272545591004,145.01568973995742,159.43098,1.0,2505,27.396,27396.0,144.0,77.0,,24,2019-03-09 01:01:10,Australia/Melbourne
2019-03-09 12:01:13+11:00,43273,-37.975065428763635,145.0156113691628,159.455,0.6000000000000227,2503,28.3716,28371.6,146.0,81.0,,24,2019-03-09 01:01:13,Australia/Melbourne
2019-03-09 12:01:19+11:00,43279,-37.97468681819736,145.01534432172775,159.50328000000002,0.6000000000000227,2503,29.0196,29019.6,148.0,83.0,,24,2019-03-09 01:01:19,Australia/Melbourne
2019-03-09 12:01:20+11:00,43280,-37.97462470829487,145.0152934435755,159.51148,0.3999999999999773,2502,29.3364,29336.4,148.0,87.0,,24,2019-03-09 01:01:20,Australia/Melbourne
2019-03-09 12:01:27+11:00,43287,-37.974205948412425,145.01493461430073,159.56766000000002,0.6000000000000227,2503,28.8828,28882.8,150.0,83.0,,24,2019-03-09 01:01:27,Australia/Melbourne
2019-03-09 12:01:35+11:00,43295,-37.973724408075206,145.014528343454,159.63194,1.1999999999999886,2506,28.7532,28753.2,150.0,84.0,,24,2019-03-09 01:01:35,Australia/Melbourne
2019-03-09 12:01:37+11:00,43297,-37.97360479831696,145.014435723424,159.6475,1.3999999999999773,2507,28.4796,28479.6,150.0,86.0,,24,2019-03-09 01:01:37,Australia/Melbourne
2019-03-09 12:01:40+11:00,43300,-37.97342299483717,145.01428392715755,159.67170000000004,1.6000000000000227,2508,28.764000000000006,28764.0,150.0,85.0,,24,2019-03-09 01:01:40,Australia/Melbourne
2019-03-09 12:01:46+11:00,43306,-37.9730686917901,145.01399156637493,159.71868,2.6000000000000227,2513,27.6732,27673.2,149.0,80.0,,24,2019-03-09 01:01:46,Australia/Melbourne
2019-03-09 12:01:47+11:00,43307,-37.97301068902016,145.01394328661263,159.72638,2.6000000000000227,2513,27.5364,27536.4,150.0,79.0,,24,2019-03-09 01:01:47,Australia/Melbourne
2019-03-09 12:01:54+11:00,43314,-37.972618583589785,145.01362938433888,159.77792000000005,3.6000000000000227,2518,26.1612,26161.2,150.0,77.0,,24,2019-03-09 01:01:54,Australia/Melbourne
2019-03-09 12:01:56+11:00,43316,-37.97250702045858,145.01353735104203,159.79270000000002,3.8000000000000114,2519,26.586,26586.0,150.0,77.0,,24,2019-03-09 01:01:56,Australia/Melbourne
2019-03-09 12:02:04+11:00,43324,-37.97205791808665,145.01317349262538,159.85193999999998,4.199999999999989,2521,27.1728,27172.8,150.0,78.0,,24,2019-03-09 01:02:04,Australia/Melbourne
2019-03-09 12:02:12+11:00,43332,-37.97158719040453,145.0127769447863,159.91478,4.199999999999989,2521,28.6344,28634.4,148.0,82.0,,24,2019-03-09 01:02:12,Australia/Melbourne
2019-03-09 12:02:13+11:00,43333,-37.97152834944428,145.012723300606,159.92283999999998,4.0,2520,28.843200000000003,28843.2,147.0,83.0,,24,2019-03-09 01:02:13,Australia/Melbourne
2019-03-09 12:02:21+11:00,43341,-37.97104907222092,145.01234385184944,159.98566,3.8000000000000114,2519,27.7632,27763.2,145.0,81.0,,24,2019-03-09 01:02:21,Australia/Melbourne
2019-03-09 12:02:22+11:00,43342,-37.970989309251316,145.01229951158166,159.99334,3.8000000000000114,2519,27.6912,27691.2,145.0,80.0,,24,2019-03-09 01:02:22,Australia/Melbourne
2019-03-09 12:02:27+11:00,43347,-37.970703402534134,145.01207328401506,160.03083999999996,4.600000000000024,2523,26.4384,26438.4,145.0,76.0,,24,2019-03-09 01:02:27,Australia/Melbourne
2019-03-09 12:02:30+11:00,43350,-37.97054305672645,145.01195543445647,160.05142,5.199999999999988,2526,24.0264,24026.4,145.0,70.0,,24,2019-03-09 01:02:30,Australia/Melbourne
2019-03-09 12:02:32+11:00,43352,-37.97043962404132,145.01188720576462,160.06436000000002,5.800000000000012,2529,22.878000000000004,22878.0,145.0,68.0,,24,2019-03-09 01:02:32,Australia/Melbourne
2019-03-09 12:02:35+11:00,43355,-37.9702833853662,145.01180816441774,160.0831,6.399999999999977,2532,22.4208,22420.8,145.0,64.0,,24,2019-03-09 01:02:35,Australia/Melbourne
2019-03-09 12:02:37+11:00,43357,-37.97017249278724,145.0117813423276,160.09562,6.600000000000023,2533,22.6728,22672.8,146.0,66.0,,24,2019-03-09 01:02:37,Australia/Melbourne
2019-03-09 12:02:38+11:00,43358,-37.970115328207605,145.0117707811296,160.10206000000002,7.0,2535,22.9572,22957.2,146.0,67.0,,24,2019-03-09 01:02:38,Australia/Melbourne
2019-03-09 12:02:43+11:00,43363,-37.96981592662633,145.01177907921377,160.13534,7.600000000000023,2538,23.6376,23637.6,147.0,69.0,,24,2019-03-09 01:02:43,Australia/Melbourne
2019-03-09 12:02:46+11:00,43366,-37.96964074485004,145.01180891878903,160.15498000000005,8.199999999999989,2541,23.741999999999997,23742.0,147.0,70.0,,24,2019-03-09 01:02:46,Australia/Melbourne
2019-03-09 12:02:51+11:00,43371,-37.96934687532485,145.01187538728118,160.18812,9.199999999999989,2546,23.6844,23684.4,148.0,69.0,,24,2019-03-09 01:02:51,Australia/Melbourne
2019-03-09 12:03:00+11:00,43380,-37.9687832761556,145.01198636367917,160.25142000000002,8.600000000000023,2543,26.2368,26236.8,148.0,0.0,,24,2019-03-09 01:03:00,Australia/Melbourne
2019-03-09 12:03:05+11:00,43385,-37.96843861229718,145.01205652020872,160.2902,8.0,2540,27.9972,27997.2,149.0,0.0,,24,2019-03-09 01:03:05,Australia/Melbourne
2019-03-09 12:03:07+11:00,43387,-37.96830559149385,145.0120767205954,160.30506,8.199999999999989,2541,26.6796,26679.6,149.0,0.0,,24,2019-03-09 01:03:07,Australia/Melbourne
2019-03-09 12:03:13+11:00,43393,-37.967934524640434,145.01216447912157,160.34696,9.199999999999989,2546,24.642,24642.0,149.0,72.0,,24,2019-03-09 01:03:13,Australia/Melbourne
2019-03-09 12:03:15+11:00,43395,-37.967815920710564,145.01218426041302,160.36024,9.600000000000025,2548,24.0984,24098.4,149.0,70.0,,24,2019-03-09 01:03:15,Australia/Melbourne
2019-03-09 12:03:18+11:00,43398,-37.967645432800055,145.01221929676834,160.37948,10.199999999999989,2551,22.5648,22564.8,150.0,67.0,,24,2019-03-09 01:03:18,Australia/Melbourne
2019-03-09 12:03:20+11:00,43400,-37.96753898262977,145.01222977414727,160.39132,11.0,2555,21.135600000000004,21135.6,149.0,62.0,,24,2019-03-09 01:03:20,Australia/Melbourne
2019-03-09 12:03:24+11:00,43404,-37.96734762378036,145.01222675666213,160.41255999999996,11.199999999999989,2556,18.666,18666.0,148.0,54.0,,24,2019-03-09 01:03:24,Australia/Melbourne
2019-03-09 12:03:27+11:00,43407,-37.96720571815968,145.0122203025967,160.42834,11.800000000000011,2559,19.4832,19483.2,147.0,54.0,,24,2019-03-09 01:03:27,Australia/Melbourne
2019-03-09 12:03:29+11:00,43409,-37.96710278838872,145.01221250742677,160.43977999999996,12.200000000000045,2561,20.2932,20293.2,147.0,58.0,,24,2019-03-09 01:03:29,Australia/Melbourne
2019-03-09 12:03:32+11:00,43412,-37.96694613061845,145.01221594400704,160.4572,12.799999999999955,2564,20.6244,20624.4,150.0,61.0,,24,2019-03-09 01:03:32,Australia/Melbourne
2019-03-09 12:03:35+11:00,43415,-37.966794669628136,145.01221703365445,160.474,13.600000000000026,2568,20.1456,20145.6,151.0,60.0,,24,2019-03-09 01:03:35,Australia/Melbourne
2019-03-09 12:03:41+11:00,43421,-37.96649023890495,145.01221535727382,160.50782,14.600000000000026,2573,21.2796,21279.6,153.0,62.0,,24,2019-03-09 01:03:41,Australia/Melbourne
2019-03-09 12:03:42+11:00,43422,-37.966435756534345,145.01221485435963,160.51386000000002,14.799999999999955,2574,21.6828,21682.8,153.0,63.0,,24,2019-03-09 01:03:42,Australia/Melbourne
2019-03-09 12:03:49+11:00,43429,-37.96603560447693,145.0122021138668,160.55829999999997,15.200000000000045,2576,23.4432,23443.2,153.0,69.0,,24,2019-03-09 01:03:49,Australia/Melbourne
2019-03-09 12:03:56+11:00,43436,-37.965608714148395,145.01217931509018,160.60576,15.799999999999955,2579,24.7752,24775.2,154.0,72.0,,24,2019-03-09 01:03:56,Australia/Melbourne
2019-03-09 12:03:57+11:00,43437,-37.965544927865274,145.01217998564243,160.61283999999998,15.600000000000026,2578,25.2,25200.0,154.0,72.0,,24,2019-03-09 01:03:57,Australia/Melbourne
2019-03-09 12:04:06+11:00,43446,-37.964966325089335,145.0121909659356,160.67708000000002,16.200000000000045,2581,25.8336,25833.6,152.0,75.0,,24,2019-03-09 01:04:06,Australia/Melbourne
2019-03-09 12:04:08+11:00,43448,-37.964838584885,145.01218367367986,160.69128,16.200000000000045,2581,25.2432,25243.2,152.0,74.0,,24,2019-03-09 01:04:08,Australia/Melbourne
2019-03-09 12:04:15+11:00,43455,-37.96437313780189,145.01217688433823,160.74298000000005,16.399999999999974,2582,26.841600000000003,26841.6,151.0,80.0,,24,2019-03-09 01:04:15,Australia/Melbourne
2019-03-09 12:04:17+11:00,43457,-37.96424053609371,145.0121726095676,160.7577,17.0,2585,26.531999999999996,26532.0,151.0,80.0,,24,2019-03-09 01:04:17,Australia/Melbourne
2019-03-09 12:04:24+11:00,43464,-37.96376301907003,145.01212927512825,160.81091999999998,17.200000000000045,2586,27.396,27396.0,151.0,80.0,,24,2019-03-09 01:04:24,Australia/Melbourne
2019-03-09 12:04:30+11:00,43470,-37.963378205895424,145.01200119964778,160.85512,18.0,2590,25.8516,25851.6,151.0,74.0,,24,2019-03-09 01:04:30,Australia/Melbourne
2019-03-09 12:04:31+11:00,43471,-37.963317772373564,145.0119724497199,160.86228,18.0,2590,25.718400000000006,25718.4,149.0,76.0,,24,2019-03-09 01:04:31,Australia/Melbourne
2019-03-09 12:04:38+11:00,43478,-37.962881661951535,145.01181964762512,160.91252,18.0,2590,26.2224,26222.4,147.0,69.0,,24,2019-03-09 01:04:38,Australia/Melbourne
2019-03-09 12:04:44+11:00,43484,-37.96246114186943,145.0116696115583,160.96106,16.799999999999955,2584,30.423600000000004,30423.6,146.0,78.0,,24,2019-03-09 01:04:44,Australia/Melbourne
2019-03-09 12:04:45+11:00,43485,-37.96238754875958,145.01164748333397,160.96946,16.200000000000045,2581,29.8944,29894.4,147.0,54.0,,24,2019-03-09 01:04:45,Australia/Melbourne
2019-03-09 12:04:50+11:00,43490,-37.96201690100133,145.0115062482655,161.01242000000005,15.799999999999955,2579,31.4676,31467.6,143.0,0.0,,24,2019-03-09 01:04:50,Australia/Melbourne
2019-03-09 12:04:51+11:00,43491,-37.96193961985409,145.01147473230958,161.02143999999998,15.600000000000026,2578,32.338800000000006,32338.8,143.0,83.0,,24,2019-03-09 01:04:51,Australia/Melbourne
2019-03-09 12:04:52+11:00,43492,-37.96185906976461,145.01145008951426,161.03062,15.200000000000045,2576,32.947199999999995,32947.200000000004,143.0,85.0,,24,2019-03-09 01:04:52,Australia/Melbourne
2019-03-09 12:04:56+11:00,43496,-37.96152597293258,145.01132972538468,161.0691,13.799999999999955,2569,35.3088,35308.8,145.0,80.0,,24,2019-03-09 01:04:56,Australia/Melbourne
2019-03-09 12:05:00+11:00,43500,-37.96117602847517,145.01119511201978,161.1097,14.0,2570,36.8424,36842.4,143.0,84.0,,24,2019-03-09 01:05:00,Australia/Melbourne
2019-03-09 12:05:03+11:00,43503,-37.960920045152314,145.01107223331928,161.14012,12.399999999999974,2562,36.4572,36457.2,140.0,85.0,,24,2019-03-09 01:05:03,Australia/Melbourne
2019-03-09 12:05:06+11:00,43506,-37.96066045761109,145.01096729189155,161.17036000000002,11.600000000000026,2558,35.7948,35794.8,140.0,82.0,,24,2019-03-09 01:05:06,Australia/Melbourne
2019-03-09 12:05:13+11:00,43513,-37.96007858589292,145.0107657071203,161.23734,12.399999999999974,2562,34.2,34200.0,138.0,78.0,,24,2019-03-09 01:05:13,Australia/Melbourne
2019-03-09 12:05:14+11:00,43514,-37.959997868165374,145.01072220504284,161.24706,12.0,2560,34.8372,34837.200000000004,138.0,79.0,,24,2019-03-09 01:05:14,Australia/Melbourne
2019-03-09 12:05:17+11:00,43517,-37.95977055095136,145.0105576682836,161.27620000000005,12.200000000000045,2561,34.315200000000004,34315.200000000004,139.0,80.0,,24,2019-03-09 01:05:17,Australia/Melbourne
2019-03-09 12:05:19+11:00,43519,-37.95963484793901,145.0104274973273,161.29512,12.399999999999974,2562,33.9408,33940.8,139.0,48.0,,24,2019-03-09 01:05:19,Australia/Melbourne
2019-03-09 12:05:26+11:00,43526,-37.959170658141375,145.01001661643386,161.35804000000005,11.600000000000026,2558,32.7456,32745.6,140.0,75.0,,24,2019-03-09 01:05:26,Australia/Melbourne
2019-03-09 12:05:27+11:00,43527,-37.959104105830185,145.00995609909296,161.36713999999998,11.399999999999974,2557,32.7456,32745.6,141.0,75.0,,24,2019-03-09 01:05:27,Australia/Melbourne
2019-03-09 12:05:32+11:00,43532,-37.95876874588429,145.00965124927458,161.41299999999998,11.399999999999974,2557,33.3936,33393.6,144.0,76.0,,24,2019-03-09 01:05:32,Australia/Melbourne
2019-03-09 12:05:37+11:00,43537,-37.958434140309684,145.0093531049788,161.45846,11.199999999999989,2556,32.9652,32965.200000000004,146.0,75.0,,24,2019-03-09 01:05:37,Australia/Melbourne
2019-03-09 12:05:44+11:00,43544,-37.95797078870237,145.00894322991368,161.52123999999995,11.199999999999989,2556,32.3424,32342.4,147.0,74.0,,24,2019-03-09 01:05:44,Australia/Melbourne
2019-03-09 12:05:46+11:00,43546,-37.957835840061314,145.00882814638314,161.53932,11.0,2555,32.2416,32241.6,148.0,74.0,,24,2019-03-09 01:05:46,Australia/Melbourne
2019-03-09 12:05:48+11:00,43548,-37.95770072378218,145.00871012918648,161.55756,10.399999999999975,2552,33.0624,33062.4,148.0,74.0,,24,2019-03-09 01:05:48,Australia/Melbourne
2019-03-09 12:05:54+11:00,43554,-37.957264110445976,145.00832640565932,161.6166,10.0,2550,36.2412,36241.2,148.0,83.0,,24,2019-03-09 01:05:54,Australia/Melbourne
2019-03-09 12:06:00+11:00,43560,-37.956822970882065,145.00792482867837,161.67695999999995,9.399999999999975,2547,36.0972,36097.2,146.0,83.0,,24,2019-03-09 01:06:00,Australia/Melbourne
2019-03-09 12:06:01+11:00,43561,-37.956750132143505,145.00786171294752,161.68678,9.199999999999989,2546,35.6184,35618.4,146.0,83.0,,24,2019-03-09 01:06:01,Australia/Melbourne
2019-03-09 12:06:03+11:00,43563,-37.956605963408954,145.0077348947525,161.70628,8.800000000000011,2544,35.1216,35121.6,145.0,82.0,,24,2019-03-09 01:06:03,Australia/Melbourne
2019-03-09 12:06:10+11:00,43570,-37.956111263483756,145.00728948041797,161.77372,8.199999999999989,2541,34.794000000000004,34794.0,146.0,81.0,,24,2019-03-09 01:06:10,Australia/Melbourne
2019-03-09 12:06:13+11:00,43573,-37.955897189676755,145.00709979794917,161.80274,8.800000000000011,2544,35.053200000000004,35053.200000000004,144.0,80.0,,24,2019-03-09 01:06:13,Australia/Melbourne
2019-03-09 12:06:16+11:00,43576,-37.955683451145894,145.00691380351782,161.83156,8.0,2540,34.7436,34743.6,144.0,80.0,,24,2019-03-09 01:06:16,Australia/Melbourne
2019-03-09 12:06:21+11:00,43581,-37.95533241704106,145.00658984296024,161.87984,8.0,2540,35.3376,35337.6,142.0,81.0,,24,2019-03-09 01:06:21,Australia/Melbourne
2019-03-09 12:06:25+11:00,43585,-37.955034608021386,145.00633184798065,161.91992000000005,6.800000000000012,2534,36.1692,36169.2,142.0,83.0,,24,2019-03-09 01:06:25,Australia/Melbourne
2019-03-09 12:06:28+11:00,43588,-37.954807877540595,145.00612137839198,161.95116000000004,5.800000000000012,2529,37.692,37692.0,142.0,87.0,,24,2019-03-09 01:06:28,Australia/Melbourne
2019-03-09 12:06:29+11:00,43589,-37.95472984202206,145.00605222769082,161.96174,5.0,2525,37.908,37908.0,141.0,85.0,,24,2019-03-09 01:06:29,Australia/Melbourne
2019-03-09 12:06:30+11:00,43590,-37.95465163886547,145.0059831608087,161.97234,4.399999999999976,2522,38.052,38052.0,141.0,87.0,,24,2019-03-09 01:06:30,Australia/Melbourne
2019-03-09 12:06:36+11:00,43596,-37.95419071801007,145.00557538121942,162.03482,3.3999999999999773,2517,36.9648,36964.8,138.0,0.0,,23,2019-03-09 01:06:36,Australia/Melbourne
2019-03-09 12:06:38+11:00,43598,-37.95403749682009,145.0054437853396,162.05538,4.0,2520,37.025999999999996,37026.0,138.0,84.0,,23,2019-03-09 01:06:38,Australia/Melbourne
2019-03-09 12:06:42+11:00,43602,-37.95373465865849,145.00517313368618,162.09656,3.3999999999999773,2517,36.9864,36986.4,139.0,85.0,,23,2019-03-09 01:06:42,Australia/Melbourne
2019-03-09 12:06:48+11:00,43608,-37.95328916050494,145.0047791004181,162.15691999999999,3.6000000000000227,2518,35.9208,35920.8,137.0,83.0,,23,2019-03-09 01:06:48,Australia/Melbourne
2019-03-09 12:06:53+11:00,43613,-37.952927900478244,145.0044471770525,162.20654000000005,2.0,2510,35.2872,35287.200000000004,137.0,81.0,,23,2019-03-09 01:06:53,Australia/Melbourne
2019-03-09 12:06:55+11:00,43615,-37.952786665409796,145.00431784428656,162.22592,1.6000000000000227,2508,34.884,34884.0,138.0,80.0,,23,2019-03-09 01:06:55,Australia/Melbourne
2019-03-09 12:07:02+11:00,43622,-37.952292971313,145.00388139858842,162.29278,2.1999999999999886,2511,34.2468,34246.8,139.0,78.0,,23,2019-03-09 01:07:02,Australia/Melbourne
2019-03-09 12:07:04+11:00,43624,-37.9521473776549,145.00376254320145,162.31204,2.1999999999999886,2511,34.56,34560.0,139.0,79.0,,23,2019-03-09 01:07:04,Australia/Melbourne
2019-03-09 12:07:11+11:00,43631,-37.951667429879315,145.0033155363053,162.37823999999995,2.0,2510,33.8868,33886.8,140.0,77.0,,23,2019-03-09 01:07:11,Australia/Melbourne
2019-03-09 12:07:15+11:00,43635,-37.95140826143325,145.00305008143187,162.41528,2.1999999999999886,2511,33.6744,33674.4,140.0,77.0,,23,2019-03-09 01:07:15,Australia/Melbourne
2019-03-09 12:07:22+11:00,43642,-37.95095354318619,145.00259251333773,162.47984,2.1999999999999886,2511,33.3396,33339.6,142.0,78.0,,23,2019-03-09 01:07:22,Australia/Melbourne
2019-03-09 12:07:26+11:00,43646,-37.9506921954453,145.00232504680753,162.5172,1.8000000000000114,2509,33.3972,33397.200000000004,142.0,77.0,,23,2019-03-09 01:07:26,Australia/Melbourne
2019-03-09 12:07:33+11:00,43653,-37.950251307338476,145.00187309458852,162.58020000000005,2.0,2510,31.741200000000006,31741.2,141.0,72.0,,23,2019-03-09 01:07:33,Australia/Melbourne
2019-03-09 12:07:36+11:00,43656,-37.950068581849344,145.00168969854712,162.60612,2.3999999999999773,2512,31.1472,31147.2,141.0,53.0,,23,2019-03-09 01:07:36,Australia/Melbourne
2019-03-09 12:07:40+11:00,43660,-37.94983229599893,145.00144318677485,162.64014,3.1999999999999886,2516,30.7296,30729.6,142.0,69.0,,23,2019-03-09 01:07:40,Australia/Melbourne
2019-03-09 12:07:44+11:00,43664,-37.94959181919694,145.0012096669525,162.67382,3.3999999999999773,2517,30.366000000000003,30366.0,145.0,69.0,,23,2019-03-09 01:07:44,Australia/Melbourne
2019-03-09 12:07:45+11:00,43665,-37.949532559141524,145.00115099363032,162.68218000000002,3.8000000000000114,2519,30.186,30186.0,146.0,70.0,,23,2019-03-09 01:07:45,Australia/Melbourne
2019-03-09 12:07:46+11:00,43666,-37.949473718181245,145.00109114684162,162.69056,4.199999999999989,2521,30.2112,30211.2,146.0,70.0,,23,2019-03-09 01:07:46,Australia/Melbourne
2019-03-09 12:07:51+11:00,43671,-37.94919510371982,145.00078872777522,162.73136,4.399999999999976,2522,29.106000000000005,29106.0,149.0,66.0,,23,2019-03-09 01:07:51,Australia/Melbourne
2019-03-09 12:07:53+11:00,43673,-37.94908538460732,145.00067842192948,162.74692000000005,5.0,2525,28.241999999999997,28242.0,150.0,65.0,,23,2019-03-09 01:07:53,Australia/Melbourne
2019-03-09 12:07:54+11:00,43674,-37.949027214199305,145.00062771141532,162.75478,5.199999999999988,2526,28.2132,28213.2,151.0,66.0,,23,2019-03-09 01:07:54,Australia/Melbourne
2019-03-09 12:07:58+11:00,43678,-37.948773242533214,145.00047591514885,162.78598000000005,6.199999999999988,2531,28.2888,28288.8,153.0,64.0,,23,2019-03-09 01:07:58,Australia/Melbourne
2019-03-09 12:07:59+11:00,43679,-37.948702666908495,145.00045219436288,162.79406,6.199999999999988,2531,28.4256,28425.6,154.0,66.0,,23,2019-03-09 01:07:59,Australia/Melbourne
2019-03-09 12:08:02+11:00,43682,-37.948484988883145,145.00042654573915,162.81833999999998,6.399999999999977,2532,29.0592,29059.2,155.0,66.0,,23,2019-03-09 01:08:02,Australia/Melbourne
2019-03-09 12:08:03+11:00,43683,-37.94841097667813,145.0004273839295,162.82656,6.399999999999977,2532,29.1744,29174.4,155.0,67.0,,23,2019-03-09 01:08:03,Australia/Melbourne
2019-03-09 12:08:08+11:00,43688,-37.94802700169385,145.00047323293984,162.86939999999996,5.800000000000012,2529,30.8268,30826.8,154.0,70.0,,23,2019-03-09 01:08:08,Australia/Melbourne
2019-03-09 12:08:15+11:00,43695,-37.947471532970674,145.0005939323455,162.93198,6.199999999999988,2531,32.1012,32101.2,154.0,74.0,,23,2019-03-09 01:08:15,Australia/Melbourne
2019-03-09 12:08:22+11:00,43702,-37.94692444615065,145.0006890669465,162.99328,6.199999999999988,2531,31.3596,31359.6,155.0,73.0,,23,2019-03-09 01:08:22,Australia/Melbourne
2019-03-09 12:08:24+11:00,43704,-37.94676602818072,145.00071865506467,163.01106000000001,6.199999999999988,2531,31.600800000000003,31600.8,154.0,73.0,,23,2019-03-09 01:08:24,Australia/Melbourne
2019-03-09 12:08:31+11:00,43711,-37.94620477594435,145.00083046965298,163.07414,6.399999999999977,2532,32.3928,32392.8,152.0,75.0,,23,2019-03-09 01:08:31,Australia/Melbourne
2019-03-09 12:08:34+11:00,43714,-37.94596035964786,145.00087975524366,163.10162,5.399999999999976,2527,32.8464,32846.4,151.0,75.0,,23,2019-03-09 01:08:34,Australia/Melbourne
2019-03-09 12:08:36+11:00,43716,-37.945795822888606,145.00091856345534,163.1202,5.199999999999988,2526,32.99760000000001,32997.6,151.0,67.0,,23,2019-03-09 01:08:36,Australia/Melbourne
2019-03-09 12:08:43+11:00,43723,-37.94522400945425,145.0010315515101,163.18442000000005,5.399999999999976,2527,33.13440000000001,33134.4,151.0,77.0,,23,2019-03-09 01:08:43,Australia/Melbourne
2019-03-09 12:08:47+11:00,43727,-37.944931900128715,145.00108670443296,163.21720000000005,5.0,2525,25.797600000000006,25797.6,148.0,0.0,,23,2019-03-09 01:08:47,Australia/Melbourne
2019-03-09 12:08:48+11:00,43728,-37.94487020932139,145.00109776854515,163.22412,5.0,2525,25.0884,25088.4,146.0,0.0,,23,2019-03-09 01:08:48,Australia/Melbourne
2019-03-09 12:08:53+11:00,43733,-37.944577764719725,145.00115409493446,163.25698,5.399999999999976,2527,23.2776,23277.6,143.0,0.0,,23,2019-03-09 01:08:53,Australia/Melbourne
2019-03-09 12:08:54+11:00,43734,-37.944531412795186,145.00116021372378,163.26214000000004,5.199999999999988,2526,20.1816,20181.6,143.0,0.0,,23,2019-03-09 01:08:54,Australia/Melbourne
2019-03-09 12:08:57+11:00,43737,-37.94444541446865,145.0011685118079,163.2717,6.0,2530,8.6436,8643.6,139.0,0.0,,23,2019-03-09 01:08:57,Australia/Melbourne
2019-03-09 12:08:58+11:00,43738,-37.94444541446865,145.0011663325131,163.27174,6.0,2530,2.4012,2401.2000000000007,138.0,0.0,,23,2019-03-09 01:08:58,Australia/Melbourne
2019-03-09 12:08:59+11:00,43739,-37.944451114162796,145.00116750597954,163.27174,6.199999999999988,2531,0.0,0.0,139.0,0.0,,23,2019-03-09 01:08:59,Australia/Melbourne
2019-03-09 12:09:06+11:00,43746,-37.94441951438785,145.00116918236014,163.27174,6.0,2530,6.6024,6602.4000000000015,143.0,0.0,,23,2019-03-09 01:09:06,Australia/Melbourne
2019-03-09 12:09:07+11:00,43747,-37.94439478777349,145.00116951763633,163.27448,6.0,2530,8.568,8568.0,144.0,0.0,,23,2019-03-09 01:09:07,Australia/Melbourne
2019-03-09 12:09:11+11:00,43751,-37.944239722564824,145.00116549432278,163.29176,5.600000000000024,2528,16.9848,16984.8,143.0,44.0,,23,2019-03-09 01:09:11,Australia/Melbourne
2019-03-09 12:09:14+11:00,43754,-37.94407275505364,145.00114504247904,163.31038,5.199999999999988,2526,22.8852,22885.2,143.0,56.0,,23,2019-03-09 01:09:14,Australia/Melbourne
2019-03-09 12:09:16+11:00,43756,-37.94394459575415,145.0011100899428,163.32496,5.0,2525,25.848000000000003,25848.0,144.0,67.0,,23,2019-03-09 01:09:16,Australia/Melbourne
2019-03-09 12:09:19+11:00,43759,-37.94372239150107,145.00106750987467,163.3499,4.600000000000024,2523,29.1492,29149.2,147.0,53.0,,23,2019-03-09 01:09:19,Australia/Melbourne
2019-03-09 12:09:21+11:00,43761,-37.94356933794916,145.00102442689243,163.36732,4.800000000000012,2524,30.7692,30769.2,148.0,80.0,,23,2019-03-09 01:09:21,Australia/Melbourne
2019-03-09 12:09:28+11:00,43768,-37.94302853755653,145.0007698684931,163.43151999999995,5.399999999999976,2527,33.678000000000004,33678.0,150.0,77.0,,23,2019-03-09 01:09:28,Australia/Melbourne
2019-03-09 12:09:34+11:00,43774,-37.9425585642457,145.00051639974114,163.48826,5.399999999999976,2527,33.5664,33566.4,151.0,78.0,,23,2019-03-09 01:09:34,Australia/Melbourne
2019-03-09 12:09:41+11:00,43781,-37.942050620913506,145.00023124739528,163.54994,5.199999999999988,2526,31.0428,31042.8,151.0,71.0,,23,2019-03-09 01:09:41,Australia/Melbourne
2019-03-09 12:09:43+11:00,43783,-37.94191055931151,145.0001556426287,163.56683999999996,4.800000000000012,2524,30.340800000000005,30340.8,151.0,69.0,,23,2019-03-09 01:09:43,Australia/Melbourne
2019-03-09 12:09:48+11:00,43788,-37.94155516661704,145.0000258069485,163.60814000000005,5.800000000000012,2529,29.5776,29577.6,150.0,68.0,,23,2019-03-09 01:09:48,Australia/Melbourne
2019-03-09 12:09:49+11:00,43789,-37.94147830456495,145.00001180917025,163.61676,5.399999999999976,2527,30.546,30546.0,151.0,69.0,,23,2019-03-09 01:09:49,Australia/Melbourne
2019-03-09 12:09:55+11:00,43795,-37.94102056883276,144.99992933124304,163.6681,4.600000000000024,2523,31.9968,31996.8,149.0,72.0,,23,2019-03-09 01:09:55,Australia/Melbourne
2019-03-09 12:10:00+11:00,43800,-37.940602647140615,144.9998409859836,163.71514000000005,4.0,2520,34.0992,34099.200000000004,148.0,77.0,,23,2019-03-09 01:10:00,Australia/Melbourne
2019-03-09 12:10:03+11:00,43803,-37.9403435625136,144.99979379586875,163.7442,3.3999999999999773,2517,34.5996,34599.6,145.0,66.0,,23,2019-03-09 01:10:03,Australia/Melbourne
2019-03-09 12:10:05+11:00,43805,-37.940176343545325,144.99975406564772,163.7631,2.6000000000000227,2513,34.2504,34250.4,144.0,66.0,,23,2019-03-09 01:10:05,Australia/Melbourne
2019-03-09 12:10:08+11:00,43808,-37.93991943821311,144.9996863398701,163.79226,1.8000000000000114,2509,35.23320000000001,35233.200000000004,141.0,80.0,,23,2019-03-09 01:10:08,Australia/Melbourne
2019-03-09 12:10:09+11:00,43809,-37.9398356191814,144.99964878894392,163.80212,1.6000000000000227,2508,35.38440000000001,35384.4,139.0,80.0,,23,2019-03-09 01:10:09,Australia/Melbourne
2019-03-09 12:10:10+11:00,43810,-37.939752722159035,144.9996065441519,163.81204,1.3999999999999773,2507,35.4816,35481.6,139.0,81.0,,23,2019-03-09 01:10:10,Australia/Melbourne
2019-03-09 12:10:16+11:00,43816,-37.93925659731031,144.99931703321639,163.8727,0.8000000000000114,2504,36.7272,36727.2,137.0,85.0,,23,2019-03-09 01:10:16,Australia/Melbourne
2019-03-09 12:10:17+11:00,43817,-37.9391722753644,144.9992698431015,163.88291999999998,0.19999999999998866,2501,36.9468,36946.8,136.0,84.0,,23,2019-03-09 01:10:17,Australia/Melbourne
2019-03-09 12:10:22+11:00,43822,-37.938738008961074,144.99902215786278,163.93582,-0.8000000000000114,2496,38.646,38646.0,136.0,88.0,,23,2019-03-09 01:10:22,Australia/Melbourne
2019-03-09 12:10:24+11:00,43824,-37.938559139147394,144.998919647187,163.95762,-2.0,2490,39.2112,39211.2,136.0,90.0,,23,2019-03-09 01:10:24,Australia/Melbourne
2019-03-09 12:10:25+11:00,43825,-37.938467776402824,144.9988724570721,163.96857999999997,-2.1999999999999886,2489,39.4092,39409.2,136.0,90.0,,23,2019-03-09 01:10:25,Australia/Melbourne
2019-03-09 12:10:29+11:00,43829,-37.93811112642288,144.9986556172371,164.01252,-3.0,2485,39.3444,39344.4,137.0,90.0,,23,2019-03-09 01:10:29,Australia/Melbourne
2019-03-09 12:10:33+11:00,43833,-37.937775682657964,144.99841245822608,164.0555,-3.6000000000000227,2482,38.3544,38354.4,136.0,89.0,,23,2019-03-09 01:10:33,Australia/Melbourne
2019-03-09 12:10:39+11:00,43839,-37.93733445927501,144.99797073192894,164.11802,-3.6000000000000227,2482,37.2528,37252.8,137.0,87.0,,23,2019-03-09 01:10:39,Australia/Melbourne
2019-03-09 12:10:42+11:00,43842,-37.93710856698453,144.9977704882622,164.14864,-4.199999999999989,2479,36.6372,36637.2,135.0,86.0,,23,2019-03-09 01:10:42,Australia/Melbourne
2019-03-09 12:10:46+11:00,43846,-37.93682266026735,144.9975041951984,164.18808,-4.199999999999989,2479,35.334,35334.0,135.0,81.0,,23,2019-03-09 01:10:46,Australia/Melbourne
2019-03-09 12:10:53+11:00,43853,-37.93633131310344,144.99705232679844,164.25556,-4.0,2480,34.257600000000004,34257.6,136.0,79.0,,23,2019-03-09 01:10:53,Australia/Melbourne
2019-03-09 12:10:59+11:00,43859,-37.935917917639024,144.99666986055672,164.31246000000002,-4.199999999999989,2479,34.6212,34621.200000000004,138.0,80.0,,23,2019-03-09 01:10:59,Australia/Melbourne
2019-03-09 12:11:06+11:00,43866,-37.93543612584472,144.99622939154506,164.37848000000002,-4.199999999999989,2479,33.8544,33854.4,137.0,76.0,,23,2019-03-09 01:11:06,Australia/Melbourne
2019-03-09 12:11:07+11:00,43867,-37.9353678971529,144.99616568908095,164.38792,-4.199999999999989,2479,33.9264,33926.4,137.0,78.0,,23,2019-03-09 01:11:07,Australia/Melbourne
2019-03-09 12:11:14+11:00,43874,-37.93488644063473,144.99571926891804,164.45422,-4.600000000000024,2477,34.038000000000004,34038.0,139.0,78.0,,23,2019-03-09 01:11:14,Australia/Melbourne
2019-03-09 12:11:19+11:00,43879,-37.934544878080494,144.9954088870436,164.50096000000002,-4.399999999999976,2478,33.37560000000001,33375.6,137.0,24.0,,23,2019-03-09 01:11:19,Australia/Melbourne
2019-03-09 12:11:22+11:00,43882,-37.93434010818601,144.9952165223658,164.52928,-5.199999999999988,2474,33.735600000000005,33735.6,139.0,79.0,,23,2019-03-09 01:11:22,Australia/Melbourne
2019-03-09 12:11:25+11:00,43885,-37.93412284925579,144.9950285162777,164.55852,-5.199999999999988,2474,34.3404,34340.4,142.0,78.0,,23,2019-03-09 01:11:25,Australia/Melbourne
2019-03-09 12:11:27+11:00,43887,-37.933979351073496,144.99491242691875,164.57744,-5.0,2475,33.9516,33951.6,143.0,79.0,,23,2019-03-09 01:11:27,Australia/Melbourne
2019-03-09 12:11:31+11:00,43891,-37.933708280324936,144.99466348439458,164.61466,-5.0,2475,33.678000000000004,33678.0,146.0,77.0,,23,2019-03-09 01:11:31,Australia/Melbourne
2019-03-09 12:11:34+11:00,43894,-37.93351113796235,144.99447346664962,164.6422,-5.399999999999976,2473,32.9328,32932.8,147.0,76.0,,23,2019-03-09 01:11:34,Australia/Melbourne
2019-03-09 12:11:41+11:00,43901,-37.93304996564984,144.99405990354714,164.705,-5.399999999999976,2473,31.032,31032.0,147.0,71.0,,23,2019-03-09 01:11:41,Australia/Melbourne
2019-03-09 12:11:42+11:00,43902,-37.93298634700477,144.99400382861495,164.71362,-5.199999999999988,2474,31.032,31032.0,147.0,71.0,,23,2019-03-09 01:11:42,Australia/Melbourne
2019-03-09 12:11:49+11:00,43909,-37.93255970813335,144.993581213057,164.7738,-4.600000000000024,2477,31.3488,31348.8,148.0,70.0,,23,2019-03-09 01:11:49,Australia/Melbourne
2019-03-09 12:11:50+11:00,43910,-37.932495083659894,144.99352061189708,164.78274,-4.399999999999976,2478,31.9176,31917.6,149.0,75.0,,23,2019-03-09 01:11:50,Australia/Melbourne
2019-03-09 12:11:52+11:00,43912,-37.93236650526524,144.99339714646342,164.80068,-4.0,2480,32.1624,32162.4,150.0,75.0,,23,2019-03-09 01:11:52,Australia/Melbourne
2019-03-09 12:11:57+11:00,43917,-37.932043299078934,144.9931138381362,164.84434,-3.6000000000000227,2482,31.41,31410.0,150.0,73.0,,23,2019-03-09 01:11:57,Australia/Melbourne
2019-03-09 12:12:04+11:00,43924,-37.931591682136066,144.9927323777229,164.90466,-3.1999999999999886,2484,31.3848,31384.8,150.0,72.0,,23,2019-03-09 01:12:04,Australia/Melbourne
2019-03-09 12:12:07+11:00,43927,-37.93139370158315,144.99257613904777,164.93058,-3.6000000000000227,2482,31.4064,31406.4,150.0,72.0,,23,2019-03-09 01:12:07,Australia/Melbourne
2019-03-09 12:12:14+11:00,43934,-37.930941246449954,144.99216274358332,164.99256,-3.1999999999999886,2484,32.2272,32227.2,153.0,74.0,,23,2019-03-09 01:12:14,Australia/Melbourne
2019-03-09 12:12:21+11:00,43941,-37.93048636056483,144.99174951575696,165.05478,-3.0,2485,32.0004,32000.4,154.0,74.0,,23,2019-03-09 01:12:21,Australia/Melbourne
2019-03-09 12:12:22+11:00,43942,-37.930421065539115,144.99169159680602,165.06364000000005,-2.800000000000012,2486,31.914,31914.0,153.0,74.0,,23,2019-03-09 01:12:22,Australia/Melbourne
2019-03-09 12:12:24+11:00,43944,-37.93029609136283,144.9915610905737,165.08164000000005,-2.3999999999999773,2488,32.5404,32540.4,154.0,75.0,,23,2019-03-09 01:12:24,Australia/Melbourne
2019-03-09 12:12:31+11:00,43951,-37.929863249883056,144.99108642339706,165.14528,-2.3999999999999773,2488,33.022800000000004,33022.8,153.0,75.0,,23,2019-03-09 01:12:31,Australia/Melbourne
2019-03-09 12:12:35+11:00,43955,-37.92961439117789,144.9908151011914,165.18178,-2.3999999999999773,2488,32.727599999999995,32727.6,153.0,76.0,,23,2019-03-09 01:12:35,Australia/Melbourne
2019-03-09 12:12:42+11:00,43962,-37.929187500849366,144.99033607542515,165.24516,-2.6000000000000227,2487,32.4792,32479.2,152.0,75.0,,23,2019-03-09 01:12:42,Australia/Melbourne
2019-03-09 12:12:45+11:00,43965,-37.929002344608314,144.99013440683484,165.2723,-2.3999999999999773,2488,32.086800000000004,32086.8,151.0,74.0,,23,2019-03-09 01:12:45,Australia/Melbourne
2019-03-09 12:12:52+11:00,43972,-37.928547374904156,144.98969251289964,165.33604,-2.3999999999999773,2488,32.922,32922.0,149.0,76.0,,23,2019-03-09 01:12:52,Australia/Melbourne
2019-03-09 12:12:55+11:00,43975,-37.928350400179625,144.9895016569644,165.36357999999996,-2.6000000000000227,2487,32.7492,32749.2,148.0,75.0,,23,2019-03-09 01:12:55,Australia/Melbourne
2019-03-09 12:12:59+11:00,43979,-37.92809617705643,144.98924634419382,165.39962,-2.800000000000012,2486,32.4576,32457.6,145.0,82.0,,23,2019-03-09 01:12:59,Australia/Melbourne
2019-03-09 12:13:05+11:00,43985,-37.92772108688951,144.98883571475744,165.45472,-2.3999999999999773,2488,33.588,33588.0,145.0,77.0,,23,2019-03-09 01:13:05,Australia/Melbourne
2019-03-09 12:13:10+11:00,43990,-37.9274662770331,144.98840672895312,165.50198,-3.1999999999999886,2484,33.7608,33760.8,144.0,78.0,,23,2019-03-09 01:13:10,Australia/Melbourne
2019-03-09 12:13:12+11:00,43992,-37.927365610376,144.98823288828137,165.52089999999995,-3.6000000000000227,2482,33.59520000000001,33595.200000000004,144.0,79.0,,23,2019-03-09 01:13:12,Australia/Melbourne
2019-03-09 12:13:15+11:00,43995,-37.927186992019415,144.98801755718887,165.54834,-3.3999999999999773,2483,32.5908,32590.8,144.0,65.0,,23,2019-03-09 01:13:15,Australia/Melbourne
2019-03-09 12:13:22+11:00,44002,-37.926757922396064,144.98753090389073,165.61236,-3.6000000000000227,2482,32.5764,32576.4,143.0,77.0,,23,2019-03-09 01:13:22,Australia/Melbourne
2019-03-09 12:13:23+11:00,44003,-37.92669581249356,144.98746250756085,165.6215,-3.6000000000000227,2482,32.662800000000004,32662.8,144.0,75.0,,23,2019-03-09 01:13:23,Australia/Melbourne
2019-03-09 12:13:24+11:00,44004,-37.92663185857237,144.98739721253514,165.63062,-3.8000000000000114,2481,32.8932,32893.200000000004,144.0,75.0,,23,2019-03-09 01:13:24,Australia/Melbourne
2019-03-09 12:13:26+11:00,44006,-37.92649732902646,144.9872782733291,165.64885999999996,-3.3999999999999773,2483,33.0156,33015.6,145.0,76.0,,23,2019-03-09 01:13:26,Australia/Melbourne
2019-03-09 12:13:28+11:00,44008,-37.926347460597746,144.9871864914894,165.66735999999997,-3.1999999999999886,2484,33.5448,33544.8,145.0,77.0,,23,2019-03-09 01:13:28,Australia/Melbourne
2019-03-09 12:13:30+11:00,44010,-37.926186863332994,144.98712069354949,165.68612,-3.0,2485,33.919200000000004,33919.200000000004,145.0,78.0,,23,2019-03-09 01:13:30,Australia/Melbourne
2019-03-09 12:13:33+11:00,44013,-37.92593683116139,144.98707107268274,165.71432,-2.800000000000012,2486,33.29640000000001,33296.4,144.0,78.0,,23,2019-03-09 01:13:33,Australia/Melbourne
2019-03-09 12:13:34+11:00,44014,-37.9258528444916,144.98706788755953,165.72364000000005,-2.6000000000000227,2487,33.5304,33530.4,144.0,76.0,,23,2019-03-09 01:13:34,Australia/Melbourne
2019-03-09 12:13:38+11:00,44018,-37.9255158919841,144.98711365275082,165.76128,-2.3999999999999773,2488,33.872400000000006,33872.4,145.0,77.0,,24,2019-03-09 01:13:38,Australia/Melbourne
2019-03-09 12:13:45+11:00,44025,-37.92493293061853,144.98722345568243,165.82667999999995,-2.3999999999999773,2488,33.2028,33202.8,147.0,76.0,,24,2019-03-09 01:13:45,Australia/Melbourne
2019-03-09 12:13:49+11:00,44029,-37.92460762895644,144.98729495331645,165.86332000000004,-1.8000000000000114,2491,32.544000000000004,32544.0,147.0,75.0,,24,2019-03-09 01:13:49,Australia/Melbourne
2019-03-09 12:13:50+11:00,44030,-37.92452741414309,144.9873126391321,165.87233999999998,-1.6000000000000227,2492,32.684400000000004,32684.4,147.0,74.0,,24,2019-03-09 01:13:50,Australia/Melbourne
2019-03-09 12:13:54+11:00,44034,-37.92421275749802,144.98739419505,165.90802,-0.8000000000000114,2496,31.5936,31593.6,144.0,72.0,,24,2019-03-09 01:13:54,Australia/Melbourne
2019-03-09 12:13:57+11:00,44037,-37.92398443445563,144.98747197911143,165.93426000000005,-0.6000000000000227,2497,31.658400000000004,31658.4,143.0,73.0,,24,2019-03-09 01:13:57,Australia/Melbourne
2019-03-09 12:14:01+11:00,44041,-37.92368427850306,144.9875789321959,165.96885999999995,0.19999999999998866,2501,31.3416,31341.6,146.0,72.0,,24,2019-03-09 01:14:01,Australia/Melbourne
2019-03-09 12:14:06+11:00,44046,-37.92331337928772,144.98771077953282,166.01162,0.3999999999999773,2502,30.146400000000003,30146.4,148.0,70.0,,24,2019-03-09 01:14:06,Australia/Melbourne
2019-03-09 12:14:07+11:00,44047,-37.923239534720786,144.9877300579101,166.02,0.3999999999999773,2502,30.3372,30337.2,148.0,70.0,,24,2019-03-09 01:14:07,Australia/Melbourne
2019-03-09 12:14:11+11:00,44051,-37.9229533765465,144.98774866573513,166.05182000000005,1.0,2505,27.8676,27867.6,149.0,66.0,,24,2019-03-09 01:14:11,Australia/Melbourne
2019-03-09 12:14:13+11:00,44053,-37.92281784117222,144.9877478275448,166.06686000000002,1.6000000000000227,2508,26.6544,26654.4,149.0,62.0,,24,2019-03-09 01:14:13,Australia/Melbourne
2019-03-09 12:14:16+11:00,44056,-37.922620112076395,144.98774556443095,166.0888,2.800000000000012,2514,26.0388,26038.8,148.0,61.0,,24,2019-03-09 01:14:16,Australia/Melbourne
2019-03-09 12:14:19+11:00,44059,-37.92242422699928,144.98774673789742,166.11056000000002,3.1999999999999886,2516,26.1,26100.0,148.0,61.0,,24,2019-03-09 01:14:19,Australia/Melbourne
2019-03-09 12:14:24+11:00,44064,-37.922094147652395,144.98779711313549,166.14746,4.0,2520,27.6516,27651.6,148.0,79.0,,24,2019-03-09 01:14:24,Australia/Melbourne
2019-03-09 12:14:26+11:00,44066,-37.92195534333587,144.9878287129104,166.1631,3.8000000000000114,2519,28.1988,28198.8,148.0,80.0,,24,2019-03-09 01:14:26,Australia/Melbourne
2019-03-09 12:14:33+11:00,44073,-37.92143390513957,144.98793608509,166.22173999999995,4.0,2520,33.2028,33202.8,150.0,75.0,,24,2019-03-09 01:14:33,Australia/Melbourne
2019-03-09 12:14:36+11:00,44076,-37.921173814684145,144.98798822052774,166.25098,2.6000000000000227,2513,35.8092,35809.200000000004,150.0,68.0,,24,2019-03-09 01:14:36,Australia/Melbourne
2019-03-09 12:14:38+11:00,44078,-37.92099209502339,144.98802258633074,166.27138,1.3999999999999773,2507,36.4464,36446.4,149.0,68.0,,24,2019-03-09 01:14:38,Australia/Melbourne
2019-03-09 12:14:40+11:00,44080,-37.920807860791676,144.98806248418987,166.29211999999995,0.19999999999998866,2501,36.8964,36896.4,148.0,0.0,,24,2019-03-09 01:14:40,Australia/Melbourne
2019-03-09 12:14:42+11:00,44082,-37.920623626559966,144.9880954250693,166.31276,-0.8000000000000114,2496,36.846,36846.0,148.0,0.0,,24,2019-03-09 01:14:42,Australia/Melbourne
2019-03-09 12:14:46+11:00,44086,-37.92026588693261,144.98811135068536,166.35256,-1.0,2495,34.7616,34761.6,145.0,0.0,,24,2019-03-09 01:14:46,Australia/Melbourne
2019-03-09 12:14:49+11:00,44089,-37.9200108256191,144.9880871269852,166.38093999999998,-2.3999999999999773,2488,32.91480000000001,32914.8,142.0,0.0,,24,2019-03-09 01:14:49,Australia/Melbourne
2019-03-09 12:14:53+11:00,44093,-37.91968585923314,144.98804303817448,166.41722,-1.8000000000000114,2491,32.6268,32626.8,139.0,0.0,,24,2019-03-09 01:14:53,Australia/Melbourne
2019-03-09 12:14:55+11:00,44095,-37.9195255972445,144.98801420442757,166.4352,-1.1999999999999886,2494,32.328,32328.0,139.0,0.0,,24,2019-03-09 01:14:55,Australia/Melbourne
2019-03-09 12:14:59+11:00,44099,-37.919252933934324,144.98798017390072,166.4656,-2.0,2490,22.0428,22042.8,137.0,0.0,,24,2019-03-09 01:14:59,Australia/Melbourne
2019-03-09 12:15:04+11:00,44104,-37.919032154604785,144.98795611783862,166.49020000000004,-1.6000000000000227,2492,11.2932,11293.2,139.0,0.0,,24,2019-03-09 01:15:04,Australia/Melbourne
2019-03-09 12:15:07+11:00,44107,-37.91899586096407,144.98794974759218,166.49438,-1.1999999999999886,2494,0.0,0.0,135.0,0.0,,24,2019-03-09 01:15:07,Australia/Melbourne
2019-03-09 12:15:12+11:00,44112,-37.918950263410814,144.98793482780457,166.49504000000005,-1.3999999999999773,2493,9.0972,9097.2,139.0,0.0,,24,2019-03-09 01:15:12,Australia/Melbourne
2019-03-09 12:15:14+11:00,44114,-37.918889913707964,144.98792367987338,166.50182,-1.6000000000000227,2492,14.58,14580.0,142.0,0.0,,24,2019-03-09 01:15:14,Australia/Melbourne
2019-03-09 12:15:16+11:00,44116,-37.918802993372076,144.98790674842894,166.51156,-2.0,2490,19.637999999999998,19638.0,144.0,0.0,,24,2019-03-09 01:15:16,Australia/Melbourne
2019-03-09 12:15:18+11:00,44118,-37.918701656162746,144.9878686107695,166.52331999999998,-2.0,2490,21.6864,21686.4,145.0,53.0,,24,2019-03-09 01:15:18,Australia/Melbourne
2019-03-09 12:15:21+11:00,44121,-37.918528653681285,144.98779669404033,166.54353999999998,-2.3999999999999773,2488,25.7688,25768.8,146.0,63.0,,24,2019-03-09 01:15:21,Australia/Melbourne
2019-03-09 12:15:23+11:00,44123,-37.91839672252536,144.98774958774447,166.55876,-2.1999999999999886,2489,27.5148,27514.8,147.0,69.0,,24,2019-03-09 01:15:23,Australia/Melbourne
2019-03-09 12:15:31+11:00,44131,-37.917843265458934,144.9875030759722,166.6239,-1.6000000000000227,2492,30.2472,30247.2,150.0,80.0,,24,2019-03-09 01:15:31,Australia/Melbourne
2019-03-09 12:15:38+11:00,44138,-37.91732945479453,144.9872847273946,166.68406000000002,-1.3999999999999773,2493,30.780000000000005,30780.0,151.0,83.0,,24,2019-03-09 01:15:38,Australia/Melbourne
2019-03-09 12:15:39+11:00,44139,-37.91725577786565,144.9872556421906,166.69262,-1.3999999999999773,2493,30.8268,30826.8,152.0,81.0,,24,2019-03-09 01:15:39,Australia/Melbourne
2019-03-09 12:15:44+11:00,44144,-37.91689066216349,144.9871687218547,166.73394,-0.6000000000000227,2497,29.5488,29548.8,154.0,78.0,,25,2019-03-09 01:15:44,Australia/Melbourne
2019-03-09 12:15:45+11:00,44145,-37.91681715287268,144.98716570436952,166.7421,-0.19999999999998866,2499,29.4048,29404.8,154.0,76.0,,25,2019-03-09 01:15:45,Australia/Melbourne
2019-03-09 12:15:53+11:00,44153,-37.916227485984564,144.98714391142133,166.80757999999997,0.6000000000000227,2503,29.8836,29883.6,155.0,77.0,,25,2019-03-09 01:15:53,Australia/Melbourne
2019-03-09 12:15:54+11:00,44154,-37.91615322232247,144.98714122921228,166.81583999999998,0.8000000000000114,2504,30.0816,30081.6,155.0,79.0,,25,2019-03-09 01:15:54,Australia/Melbourne
2019-03-09 12:16:01+11:00,44161,-37.91561275720596,144.98709311708808,166.87599999999998,1.0,2505,32.2992,32299.2,156.0,72.0,,25,2019-03-09 01:16:01,Australia/Melbourne
2019-03-09 12:16:02+11:00,44162,-37.91553237475455,144.98707719147203,166.88504,0.8000000000000114,2504,32.3208,32320.8,156.0,75.0,,25,2019-03-09 01:16:02,Australia/Melbourne
2019-03-09 12:16:09+11:00,44169,-37.91495569981634,144.98694618232548,166.95006,0.3999999999999773,2502,34.3512,34351.200000000004,154.0,80.0,,25,2019-03-09 01:16:09,Australia/Melbourne
2019-03-09 12:16:10+11:00,44170,-37.914870539680116,144.98692338354888,166.95972,0.0,2500,34.7832,34783.200000000004,153.0,79.0,,25,2019-03-09 01:16:10,Australia/Melbourne
2019-03-09 12:16:12+11:00,44172,-37.91470097377896,144.9868693202734,166.97914,-0.19999999999998866,2499,35.3556,35355.6,151.0,81.0,,25,2019-03-09 01:16:12,Australia/Melbourne
2019-03-09 12:16:16+11:00,44176,-37.91436108760536,144.98672305606306,167.01904000000005,-0.8000000000000114,2496,35.8776,35877.6,148.0,83.0,,25,2019-03-09 01:16:16,Australia/Melbourne
2019-03-09 12:16:19+11:00,44179,-37.91411977261305,144.98658198863268,167.04856,-1.6000000000000227,2492,35.0748,35074.8,147.0,82.0,,25,2019-03-09 01:16:19,Australia/Melbourne
2019-03-09 12:16:24+11:00,44184,-37.913729259744294,144.9863412603736,167.0968,-1.3999999999999773,2493,34.5492,34549.200000000004,145.0,80.0,,25,2019-03-09 01:16:24,Australia/Melbourne
2019-03-09 12:16:31+11:00,44191,-37.91317538358271,144.98600313439962,167.16512,-1.8000000000000114,2491,35.6076,35607.6,142.0,81.0,,25,2019-03-09 01:16:31,Australia/Melbourne
2019-03-09 12:16:33+11:00,44193,-37.913011601194746,144.9859080836177,167.18511999999996,-2.0,2490,36.1872,36187.2,141.0,82.0,,25,2019-03-09 01:16:33,Australia/Melbourne
2019-03-09 12:16:35+11:00,44195,-37.91284253820778,144.98581571504474,167.20556000000002,-2.6000000000000227,2487,36.6588,36658.8,139.0,85.0,,25,2019-03-09 01:16:35,Australia/Melbourne
2019-03-09 12:16:36+11:00,44196,-37.912754360586405,144.98577724210918,167.21591999999998,-3.0,2485,36.9252,36925.2,139.0,84.0,,25,2019-03-09 01:16:36,Australia/Melbourne
2019-03-09 12:16:38+11:00,44198,-37.91257213801145,144.98572510667142,167.23666,-2.6000000000000227,2487,36.684,36684.0,138.0,85.0,,25,2019-03-09 01:16:38,Australia/Melbourne
2019-03-09 12:16:41+11:00,44201,-37.91229436174035,144.9857175629586,167.26752,-3.1999999999999886,2484,36.99,36990.0,137.0,84.0,,25,2019-03-09 01:16:41,Australia/Melbourne
2019-03-09 12:16:42+11:00,44202,-37.91220266371965,144.9857262801379,167.27772,-3.3999999999999773,2483,36.58320000000001,36583.2,137.0,85.0,,25,2019-03-09 01:16:42,Australia/Melbourne
2019-03-09 12:16:43+11:00,44203,-37.91211180388928,144.98573902063072,167.28788,-3.8000000000000114,2481,36.3888,36388.8,137.0,84.0,,25,2019-03-09 01:16:43,Australia/Melbourne
2019-03-09 12:16:48+11:00,44208,-37.91166102513671,144.98583616688848,167.33864000000003,-3.8000000000000114,2481,36.45,36450.0,136.0,83.0,,25,2019-03-09 01:16:48,Australia/Melbourne
2019-03-09 12:16:54+11:00,44214,-37.911121314391494,144.9859381746501,167.39921999999999,-4.0,2480,36.288,36288.0,135.0,84.0,,25,2019-03-09 01:16:54,Australia/Melbourne
2019-03-09 12:16:57+11:00,44217,-37.91085049510002,144.98599098064003,167.42962,-4.199999999999989,2479,36.4716,36471.6,135.0,83.0,,25,2019-03-09 01:16:57,Australia/Melbourne
2019-03-09 12:17:04+11:00,44224,-37.91024607606232,144.98615015298128,167.49820000000003,-3.8000000000000114,2481,34.5024,34502.4,135.0,80.0,,25,2019-03-09 01:17:04,Australia/Melbourne
2019-03-09 12:17:10+11:00,44230,-37.909762691706426,144.9863233231008,167.55398000000002,-3.8000000000000114,2481,33.1416,33141.6,135.0,76.0,,25,2019-03-09 01:17:10,Australia/Melbourne
2019-03-09 12:17:16+11:00,44236,-37.90928324684501,144.98647838830945,167.60891999999998,-3.8000000000000114,2481,33.166799999999995,33166.8,138.0,77.0,,25,2019-03-09 01:17:16,Australia/Melbourne
2019-03-09 12:17:20+11:00,44240,-37.9089623875916,144.98660738579932,167.64632,-4.0,2480,32.6916,32691.6,138.0,38.0,,25,2019-03-09 01:17:20,Australia/Melbourne
2019-03-09 12:17:23+11:00,44243,-37.90873976424336,144.98673906549809,167.6736,-4.600000000000024,2477,32.119200000000006,32119.2,137.0,74.0,,25,2019-03-09 01:17:23,Australia/Melbourne
2019-03-09 12:17:25+11:00,44245,-37.908605989068754,144.98686831444505,167.69232,-5.0,2475,33.4656,33465.6,139.0,76.0,,24,2019-03-09 01:17:25,Australia/Melbourne
2019-03-09 12:17:27+11:00,44247,-37.90848981589079,144.98701818287373,167.71076000000005,-4.800000000000012,2476,33.480000000000004,33480.0,140.0,79.0,,24,2019-03-09 01:17:27,Australia/Melbourne
2019-03-09 12:17:30+11:00,44250,-37.90831916034222,144.98724985867742,167.73857999999996,-4.800000000000012,2476,33.2748,33274.8,143.0,77.0,,24,2019-03-09 01:17:30,Australia/Melbourne
2019-03-09 12:17:33+11:00,44253,-37.90812101215124,144.98744884505868,167.7667,-3.8000000000000114,2481,33.5664,33566.4,143.0,76.0,,24,2019-03-09 01:17:33,Australia/Melbourne
2019-03-09 12:17:35+11:00,44255,-37.90797189809382,144.9875408783555,167.78516000000002,-4.0,2480,32.742000000000004,32742.0,144.0,75.0,,24,2019-03-09 01:17:35,Australia/Melbourne
2019-03-09 12:17:38+11:00,44258,-37.90773536078632,144.9876302294433,167.81258,-4.0,2480,32.2992,32299.2,146.0,74.0,,24,2019-03-09 01:17:38,Australia/Melbourne
2019-03-09 12:17:40+11:00,44260,-37.907575685530894,144.98766040429473,167.8305,-3.8000000000000114,2481,32.6772,32677.2,146.0,74.0,,24,2019-03-09 01:17:40,Australia/Melbourne
2019-03-09 12:17:47+11:00,44267,-37.907024323940284,144.9877564609051,167.89228,-3.1999999999999886,2484,31.4424,31442.4,149.0,73.0,,24,2019-03-09 01:17:47,Australia/Melbourne
2019-03-09 12:17:49+11:00,44269,-37.90687018074095,144.987787976861,167.9096,-3.6000000000000227,2482,30.963600000000003,30963.6,149.0,70.0,,24,2019-03-09 01:17:49,Australia/Melbourne
2019-03-09 12:17:51+11:00,44271,-37.906716456636794,144.98781605623662,167.92685999999995,-2.6000000000000227,2487,31.5576,31557.6,148.0,72.0,,24,2019-03-09 01:17:51,Australia/Melbourne
2019-03-09 12:17:57+11:00,44277,-37.90626056492329,144.98790146782994,167.97802,-1.8000000000000114,2491,30.114,30114.0,148.0,70.0,,24,2019-03-09 01:17:57,Australia/Melbourne
2019-03-09 12:17:58+11:00,44278,-37.90618571452797,144.9879157170653,167.98641999999998,-1.3999999999999773,2493,30.2508,30250.8,149.0,72.0,,24,2019-03-09 01:17:58,Australia/Melbourne
2019-03-09 12:18:00+11:00,44280,-37.90603601373732,144.98794605955482,168.00323999999995,-3.0,2485,30.582,30582.0,149.0,71.0,,24,2019-03-09 01:18:00,Australia/Melbourne
2019-03-09 12:18:03+11:00,44283,-37.90580651722848,144.98798662796617,168.02895999999996,-1.6000000000000227,2492,31.2084,31208.4,151.0,72.0,,24,2019-03-09 01:18:03,Australia/Melbourne
2019-03-09 12:18:04+11:00,44284,-37.90572906844318,144.9880025535822,168.03768,-1.8000000000000114,2491,31.2444,31244.4,151.0,71.0,,24,2019-03-09 01:18:04,Australia/Melbourne
2019-03-09 12:18:09+11:00,44289,-37.905335873365395,144.98806818388402,168.0817,-1.1999999999999886,2494,31.8492,31849.2,154.0,72.0,,24,2019-03-09 01:18:09,Australia/Melbourne
2019-03-09 12:18:13+11:00,44293,-37.90502557530999,144.98812920413909,168.11654,-1.1999999999999886,2494,31.0644,31064.4,155.0,72.0,,24,2019-03-09 01:18:13,Australia/Melbourne
2019-03-09 12:18:18+11:00,44298,-37.90464553982019,144.9882064014673,168.15926000000005,-0.6000000000000227,2497,30.204000000000004,30204.0,155.0,71.0,,24,2019-03-09 01:18:18,Australia/Melbourne
2019-03-09 12:18:22+11:00,44302,-37.904342534020536,144.98826482333246,168.19328000000002,0.19999999999998866,2501,30.8196,30819.6,154.0,72.0,,24,2019-03-09 01:18:22,Australia/Melbourne
2019-03-09 12:18:29+11:00,44309,-37.90378916077316,144.98837948776782,168.25554,0.0,2500,32.994,32994.0,153.0,77.0,,24,2019-03-09 01:18:29,Australia/Melbourne
2019-03-09 12:18:31+11:00,44311,-37.90362177416682,144.98840915970501,168.27429999999995,-0.6000000000000227,2497,34.257600000000004,34257.6,154.0,77.0,,24,2019-03-09 01:18:31,Australia/Melbourne
2019-03-09 12:18:38+11:00,44318,-37.903017019853,144.98852047137916,168.34212,-0.8000000000000114,2496,34.758,34758.0,154.0,81.0,,24,2019-03-09 01:18:38,Australia/Melbourne
2019-03-09 12:18:41+11:00,44321,-37.90275424718857,144.98857034370303,168.3716,-1.6000000000000227,2492,35.4384,35438.4,153.0,82.0,,24,2019-03-09 01:18:41,Australia/Melbourne
2019-03-09 12:18:42+11:00,44322,-37.9026660695672,144.98858844861388,168.38154,-1.3999999999999773,2493,35.874,35874.0,153.0,80.0,,24,2019-03-09 01:18:42,Australia/Melbourne
2019-03-09 12:18:47+11:00,44327,-37.902219397947185,144.98867318965497,168.43168,-2.1999999999999886,2489,35.9712,35971.200000000004,150.0,83.0,,24,2019-03-09 01:18:47,Australia/Melbourne
2019-03-09 12:18:52+11:00,44332,-37.901784544810646,144.98875583522022,168.48046000000002,-1.6000000000000227,2492,35.54640000000001,35546.4,148.0,54.0,,24,2019-03-09 01:18:52,Australia/Melbourne
2019-03-09 12:18:59+11:00,44339,-37.90116470307112,144.98886454850438,168.54994,-2.1999999999999886,2489,35.1216,35121.6,147.0,83.0,,24,2019-03-09 01:18:59,Australia/Melbourne
2019-03-09 12:19:00+11:00,44340,-37.90107442997396,144.98887645080686,168.56,-2.6000000000000227,2487,35.3088,35308.8,147.0,83.0,,24,2019-03-09 01:19:00,Australia/Melbourne
2019-03-09 12:19:02+11:00,44342,-37.900895811617374,144.98890369199214,168.57996,-4.199999999999989,2479,35.8632,35863.200000000004,146.0,82.0,,24,2019-03-09 01:19:02,Australia/Melbourne
2019-03-09 12:19:07+11:00,44347,-37.900462048128254,144.98898105695844,168.6286,-4.600000000000024,2477,32.8896,32889.6,144.0,80.0,,24,2019-03-09 01:19:07,Australia/Melbourne
2019-03-09 12:19:14+11:00,44354,-37.899891994893544,144.9890793766826,168.69245999999995,-4.199999999999989,2479,32.8428,32842.8,143.0,80.0,,24,2019-03-09 01:19:14,Australia/Melbourne
2019-03-09 12:19:15+11:00,44355,-37.89980909787119,144.98909429647028,168.70176,-4.199999999999989,2479,32.7024,32702.4,143.0,77.0,,24,2019-03-09 01:19:15,Australia/Melbourne
2019-03-09 12:19:22+11:00,44362,-37.89922839961946,144.98920703306794,168.76695999999995,-3.8000000000000114,2481,32.2632,32263.2,144.0,78.0,,24,2019-03-09 01:19:22,Australia/Melbourne
2019-03-09 12:19:28+11:00,44368,-37.898738142102964,144.9892899300903,168.82186000000002,-3.6000000000000227,2482,32.7528,32752.8,141.0,79.0,,24,2019-03-09 01:19:28,Australia/Melbourne
2019-03-09 12:19:30+11:00,44370,-37.89856270886958,144.9893308337778,168.84163999999998,-3.3999999999999773,2483,33.1272,33127.200000000004,141.0,67.0,,24,2019-03-09 01:19:30,Australia/Melbourne
2019-03-09 12:19:34+11:00,44374,-37.898233467713,144.9893999006599,168.8786,-3.6000000000000227,2482,26.074800000000003,26074.8,138.0,0.0,,25,2019-03-09 01:19:34,Australia/Melbourne
2019-03-09 12:19:35+11:00,44375,-37.89816481992602,144.98941188678145,168.88629999999995,-3.6000000000000227,2482,24.483600000000006,24483.6,137.0,0.0,,25,2019-03-09 01:19:35,Australia/Melbourne
2019-03-09 12:19:39+11:00,44379,-37.897967342287295,144.98944281600416,168.9084,-3.3999999999999773,2483,12.276000000000002,12276.0,136.0,0.0,,25,2019-03-09 01:19:39,Australia/Melbourne
2019-03-09 12:19:40+11:00,44380,-37.8979467228055,144.9894442409277,168.91068,-3.1999999999999886,2484,7.0488,7048.8,135.0,0.0,,25,2019-03-09 01:19:40,Australia/Melbourne
2019-03-09 12:19:47+11:00,44387,-37.89789953269064,144.98944046907127,168.91242000000003,-2.800000000000012,2486,6.4872000000000005,6487.2,141.0,0.0,,25,2019-03-09 01:19:47,Australia/Melbourne
2019-03-09 12:19:49+11:00,44389,-37.89785284548998,144.98943946324292,168.91762,-2.800000000000012,2486,10.1268,10126.8,144.0,0.0,,25,2019-03-09 01:19:49,Australia/Melbourne
2019-03-09 12:19:52+11:00,44392,-37.89774404838681,144.9894651118666,168.92996000000002,-3.0,2485,16.5564,16556.4,143.0,0.0,,25,2019-03-09 01:19:52,Australia/Melbourne
2019-03-09 12:19:53+11:00,44393,-37.897703060880296,144.98948732391,168.9349,-2.800000000000012,2486,17.1828,17182.8,142.0,0.0,,25,2019-03-09 01:19:53,Australia/Melbourne
2019-03-09 12:19:56+11:00,44396,-37.897542882710695,144.9895253777504,168.95306000000002,-3.1999999999999886,2484,24.044400000000003,24044.4,142.0,52.0,,25,2019-03-09 01:19:56,Australia/Melbourne
2019-03-09 12:19:57+11:00,44397,-37.89747884497047,144.9895319994539,168.96017999999995,-3.1999999999999886,2484,25.2648,25264.8,142.0,56.0,,25,2019-03-09 01:19:57,Australia/Melbourne
2019-03-09 12:20:01+11:00,44401,-37.89719210006297,144.98959360644218,168.99248,-3.0,2485,29.6172,29617.2,145.0,67.0,,25,2019-03-09 01:20:01,Australia/Melbourne
2019-03-09 12:20:02+11:00,44402,-37.89711657911539,144.98961145989597,169.00101999999995,-3.1999999999999886,2484,30.06,30060.0,147.0,48.0,,25,2019-03-09 01:20:02,Australia/Melbourne
2019-03-09 12:20:06+11:00,44406,-37.896813489496715,144.9896751623601,169.03512,-3.1999999999999886,2484,29.858400000000003,29858.4,150.0,70.0,,25,2019-03-09 01:20:06,Australia/Melbourne
2019-03-09 12:20:09+11:00,44409,-37.89659271016717,144.9897157307714,169.0599,-3.3999999999999773,2483,28.278,28278.0,151.0,71.0,,25,2019-03-09 01:20:09,Australia/Melbourne
2019-03-09 12:20:13+11:00,44413,-37.89631610736251,144.98977046459913,169.09096,-3.0,2485,27.280800000000006,27280.8,148.0,0.0,,25,2019-03-09 01:20:13,Australia/Melbourne
2019-03-09 12:20:16+11:00,44416,-37.89613706991077,144.9897973705083,169.11098,-2.800000000000012,2486,18.9972,18997.2,146.0,0.0,,25,2019-03-09 01:20:16,Australia/Melbourne
2019-03-09 12:20:18+11:00,44418,-37.896050736308105,144.98980139382186,169.12056,-2.0,2490,15.7104,15710.4,145.0,0.0,,25,2019-03-09 01:20:18,Australia/Melbourne
2019-03-09 12:20:21+11:00,44421,-37.895960882306106,144.98981270939112,169.13060000000004,-1.8000000000000114,2491,6.4188,6418.8,145.0,0.0,,25,2019-03-09 01:20:21,Australia/Melbourne
2019-03-09 12:20:26+11:00,44426,-37.89593171328306,144.98981798999012,169.13162,-1.8000000000000114,2491,7.8912,7891.2,147.0,0.0,,25,2019-03-09 01:20:26,Australia/Melbourne
2019-03-09 12:20:32+11:00,44432,-37.895745383575566,144.98986316844818,169.15272,-2.0,2490,17.226000000000006,17226.0,148.0,0.0,,25,2019-03-09 01:20:32,Australia/Melbourne
2019-03-09 12:20:34+11:00,44434,-37.89564530365168,144.9898819439113,169.16396,-2.0,2490,21.1932,21193.2,149.0,45.0,,25,2019-03-09 01:20:34,Australia/Melbourne
2019-03-09 12:20:36+11:00,44436,-37.89552787318826,144.98991119675335,169.17723999999995,-2.1999999999999886,2489,24.6672,24667.2,150.0,56.0,,25,2019-03-09 01:20:36,Australia/Melbourne
2019-03-09 12:20:42+11:00,44442,-37.895103245973594,144.9899950157851,169.22498000000004,-2.0,2490,30.2004,30200.4,153.0,66.0,,25,2019-03-09 01:20:42,Australia/Melbourne
2019-03-09 12:20:48+11:00,44448,-37.89462422020733,144.99007564969358,169.27862,-1.6000000000000227,2492,32.3532,32353.2,155.0,78.0,,25,2019-03-09 01:20:48,Australia/Melbourne
2019-03-09 12:20:54+11:00,44454,-37.894125999882824,144.99017246067527,169.3346,-1.6000000000000227,2492,34.6536,34653.6,158.0,79.0,,26,2019-03-09 01:20:54,Australia/Melbourne
2019-03-09 12:20:55+11:00,44455,-37.894038828089826,144.9901905655861,169.3444,-1.3999999999999773,2493,34.614000000000004,34614.0,158.0,81.0,,26,2019-03-09 01:20:55,Australia/Melbourne
2019-03-09 12:20:58+11:00,44458,-37.893782258033745,144.99024345539507,169.37323999999995,-2.0,2490,34.50600000000001,34506.0,159.0,80.0,,26,2019-03-09 01:20:58,Australia/Melbourne
2019-03-09 12:21:01+11:00,44461,-37.89351630024612,144.9902852810919,169.40298,-1.6000000000000227,2492,35.6616,35661.6,158.0,83.0,,26,2019-03-09 01:21:01,Australia/Melbourne
2019-03-09 12:21:07+11:00,44467,-37.892968375235796,144.99036901630458,169.46426,-2.800000000000012,2486,36.6588,36658.8,157.0,85.0,,26,2019-03-09 01:21:07,Australia/Melbourne
2019-03-09 12:21:08+11:00,44468,-37.89287709631026,144.990391144529,169.47457999999997,-3.1999999999999886,2484,35.8668,35866.8,157.0,85.0,,26,2019-03-09 01:21:08,Australia/Melbourne
2019-03-09 12:21:09+11:00,44469,-37.89278380572796,144.99041209928689,169.48510000000005,-3.3999999999999773,2483,36.6588,36658.8,157.0,86.0,,26,2019-03-09 01:21:09,Australia/Melbourne
2019-03-09 12:21:14+11:00,44474,-37.892329003661864,144.9905095808208,169.53629999999995,-2.1999999999999886,2489,36.4968,36496.8,156.0,85.0,,26,2019-03-09 01:21:14,Australia/Melbourne
2019-03-09 12:21:17+11:00,44477,-37.89205281995237,144.99056615866718,169.56735999999995,-2.800000000000012,2486,36.97560000000001,36975.6,156.0,86.0,,26,2019-03-09 01:21:17,Australia/Melbourne
2019-03-09 12:21:19+11:00,44479,-37.891868753358715,144.9905986804515,169.588,-3.6000000000000227,2482,36.6228,36622.8,156.0,85.0,,26,2019-03-09 01:21:19,Australia/Melbourne
2019-03-09 12:21:23+11:00,44483,-37.891501877456896,144.9906525760889,169.62904,-3.6000000000000227,2482,36.06480000000001,36064.8,153.0,84.0,,26,2019-03-09 01:21:23,Australia/Melbourne
2019-03-09 12:21:24+11:00,44484,-37.89141034707428,144.99064595438543,169.63917999999995,-4.0,2480,36.3492,36349.2,153.0,84.0,,26,2019-03-09 01:21:24,Australia/Melbourne
2019-03-09 12:21:27+11:00,44487,-37.89115595631301,144.99051905237135,169.66979999999995,-4.0,2480,34.8408,34840.8,152.0,82.0,,26,2019-03-09 01:21:27,Australia/Melbourne
2019-03-09 12:21:29+11:00,44489,-37.891038358211524,144.99035585671663,169.68922,-4.800000000000012,2476,35.071200000000005,35071.200000000004,151.0,79.0,,26,2019-03-09 01:21:29,Australia/Melbourne
2019-03-09 12:21:30+11:00,44490,-37.89098488166928,144.99026759527624,169.69898,-4.800000000000012,2476,35.0316,35031.6,151.0,79.0,,26,2019-03-09 01:21:30,Australia/Melbourne
2019-03-09 12:21:35+11:00,44495,-37.89072286337614,144.98983123339713,169.74712,-6.199999999999988,2469,34.614000000000004,34614.0,152.0,79.0,,26,2019-03-09 01:21:35,Australia/Melbourne
2019-03-09 12:21:37+11:00,44497,-37.89061884395778,144.98965605162084,169.7664,-6.600000000000023,2467,34.2468,34246.8,152.0,79.0,,26,2019-03-09 01:21:37,Australia/Melbourne
2019-03-09 12:21:38+11:00,44498,-37.89056511595845,144.98956896364692,169.7761,-5.199999999999988,2474,34.596,34596.0,153.0,78.0,,26,2019-03-09 01:21:38,Australia/Melbourne
2019-03-09 12:21:41+11:00,44501,-37.89040845818817,144.98931071721015,169.80470000000003,-4.0,2480,34.2972,34297.200000000004,154.0,79.0,,26,2019-03-09 01:21:41,Australia/Melbourne
2019-03-09 12:21:45+11:00,44505,-37.89020217955113,144.98896722681818,169.8426,-4.800000000000012,2476,33.620400000000004,33620.4,153.0,78.0,,26,2019-03-09 01:21:45,Australia/Melbourne
2019-03-09 12:21:52+11:00,44512,-37.88984485901892,144.98837303370237,169.90822,-4.800000000000012,2476,33.966,33966.0,153.0,77.0,,26,2019-03-09 01:21:52,Australia/Melbourne
2019-03-09 12:21:55+11:00,44515,-37.889690967276685,144.98811763711277,169.93644,-5.0,2475,34.09200000000001,34092.0,153.0,77.0,,26,2019-03-09 01:21:55,Australia/Melbourne
2019-03-09 12:21:56+11:00,44516,-37.8896423522383,144.9880313035101,169.94576,-5.199999999999988,2474,33.4944,33494.4,153.0,78.0,,26,2019-03-09 01:21:56,Australia/Melbourne
2019-03-09 12:22:02+11:00,44522,-37.88933557458222,144.98752285726368,170.00198,-5.0,2475,33.354000000000006,33354.0,151.0,77.0,,25,2019-03-09 01:22:02,Australia/Melbourne
2019-03-09 12:22:09+11:00,44529,-37.88897783495486,144.98695934191346,170.0655,-4.800000000000012,2476,32.5656,32565.6,151.0,73.0,,25,2019-03-09 01:22:09,Australia/Melbourne
2019-03-09 12:22:12+11:00,44532,-37.88882654160261,144.98672012239697,170.09243999999998,-5.0,2475,31.4352,31435.2,151.0,72.0,,25,2019-03-09 01:22:12,Australia/Melbourne
2019-03-09 12:22:17+11:00,44537,-37.888608612120144,144.98637864366174,170.13099999999997,-4.399999999999976,2478,21.636,21636.0,150.0,0.0,,25,2019-03-09 01:22:17,Australia/Melbourne
2019-03-09 12:22:18+11:00,44538,-37.888597380369895,144.98631888069212,170.13634,-4.0,2480,19.458,19458.0,148.0,0.0,,25,2019-03-09 01:22:18,Australia/Melbourne
2019-03-09 12:22:19+11:00,44539,-37.88860408589244,144.98626045882705,170.14152,-3.8000000000000114,2481,18.6696,18669.6,148.0,0.0,,25,2019-03-09 01:22:19,Australia/Melbourne
2019-03-09 12:22:22+11:00,44542,-37.88870408199728,144.98614906333387,170.15634,-4.199999999999989,2479,20.538,20538.0,148.0,0.0,,25,2019-03-09 01:22:22,Australia/Melbourne
